2026-09-17 13:24:41,802 [INFO] __main__: Run policy: TOTAL REBUILD (no prior generated files reused)
2026-09-17 13:24:41,803 [INFO] __main__: Runtime: Python=3.9.25; Polars=0.20.16; collect=streaming=True; collect_batches=False (not needed: scoring streams per-year parquet files through pyarrow); script=psm_260915.py
2026-09-17 13:24:41,819 [INFO] __main__: Writing final analysis panel (single raw pass, person-hash buckets)
2026-09-17 13:24:41,877 [INFO] __main__: Bucketing 2,370,232 raw rows into 3 person-hash buckets
2026-09-17 13:24:41,976 [INFO] __main__:   bucketed raw shard 1/22 (107,491 rows so far; cumulative read 0s, transform 0s, write 0s)
2026-09-17 13:24:42,078 [INFO] __main__:   bucketed raw shard 2/22 (214,979 rows so far; cumulative read 0s, transform 0s, write 0s)
2026-09-17 13:24:42,206 [INFO] __main__:   bucketed raw shard 3/22 (323,026 rows so far; cumulative read 0s, transform 0s, write 0s)
2026-09-17 13:24:42,303 [INFO] __main__:   bucketed raw shard 4/22 (430,957 rows so far; cumulative read 0s, transform 0s, write 0s)
2026-09-17 13:24:42,425 [INFO] __main__:   bucketed raw shard 5/22 (538,564 rows so far; cumulative read 0s, transform 0s, write 0s)
2026-09-17 13:24:42,640 [INFO] __main__:   bucketed raw shard 6/22 (646,352 rows so far; cumulative read 0s, transform 0s, write 1s)
2026-09-17 13:24:42,797 [INFO] __main__:   bucketed raw shard 7/22 (754,124 rows so far; cumulative read 0s, transform 0s, write 1s)
2026-09-17 13:24:42,950 [INFO] __main__:   bucketed raw shard 8/22 (861,569 rows so far; cumulative read 0s, transform 0s, write 1s)
2026-09-17 13:24:43,081 [INFO] __main__:   bucketed raw shard 9/22 (969,019 rows so far; cumulative read 0s, transform 0s, write 1s)
2026-09-17 13:24:43,229 [INFO] __main__:   bucketed raw shard 10/22 (1,077,036 rows so far; cumulative read 0s, transform 0s, write 1s)
2026-09-17 13:24:43,354 [INFO] __main__:   bucketed raw shard 11/22 (1,184,919 rows so far; cumulative read 0s, transform 0s, write 1s)
2026-09-17 13:24:43,485 [INFO] __main__:   bucketed raw shard 12/22 (1,292,425 rows so far; cumulative read 0s, transform 0s, write 1s)
2026-09-17 13:24:43,629 [INFO] __main__:   bucketed raw shard 13/22 (1,400,144 rows so far; cumulative read 0s, transform 0s, write 1s)
2026-09-17 13:24:43,772 [INFO] __main__:   bucketed raw shard 14/22 (1,508,055 rows so far; cumulative read 0s, transform 0s, write 1s)
2026-09-17 13:24:43,905 [INFO] __main__:   bucketed raw shard 15/22 (1,615,947 rows so far; cumulative read 0s, transform 0s, write 2s)
2026-09-17 13:24:44,026 [INFO] __main__:   bucketed raw shard 16/22 (1,724,012 rows so far; cumulative read 0s, transform 0s, write 2s)
2026-09-17 13:24:44,147 [INFO] __main__:   bucketed raw shard 17/22 (1,831,584 rows so far; cumulative read 0s, transform 0s, write 2s)
2026-09-17 13:24:44,274 [INFO] __main__:   bucketed raw shard 18/22 (1,939,192 rows so far; cumulative read 0s, transform 0s, write 2s)
2026-09-17 13:24:44,398 [INFO] __main__:   bucketed raw shard 19/22 (2,047,030 rows so far; cumulative read 0s, transform 0s, write 2s)
2026-09-17 13:24:44,534 [INFO] __main__:   bucketed raw shard 20/22 (2,154,669 rows so far; cumulative read 0s, transform 0s, write 2s)
2026-09-17 13:24:44,678 [INFO] __main__:   bucketed raw shard 21/22 (2,262,697 rows so far; cumulative read 0s, transform 0s, write 2s)
2026-09-17 13:24:44,821 [INFO] __main__:   bucketed raw shard 22/22 (2,370,232 rows so far; cumulative read 0s, transform 0s, write 2s)
2026-09-17 13:24:44,833 [INFO] __main__: Bucketing pass finished: 2,370,232 rows into 3 bucket files in 0.0 min
2026-09-17 13:24:48,112 [INFO] __main__:   final-panel bucket 1/3 written
2026-09-17 13:24:51,311 [INFO] __main__:   final-panel bucket 2/3 written
2026-09-17 13:24:54,873 [INFO] __main__:   final-panel bucket 3/3 written
2026-09-17 13:24:54,883 [WARNING] __main__: Found 103458 duplicate (simple_id, ja) keys (103458 excess rows) in the processed input. See /Users/tankarman/Library/CloudStorage/OneDrive-Personal/BiB/didi_testing/didi_data/runs/workbench_synthetic_0.01_seed42/diagnostics/duplicate_person_year_keys.csv. Resolving by keeping the least-missing row per key; see duplicate_person_year_keys_resolution.json for the exact rule and counts.
2026-09-17 13:24:54,889 [INFO] __main__: Final analysis panel written
2026-09-17 13:24:54,944 [INFO] __main__: Built analysis panel: /Users/tankarman/Library/CloudStorage/OneDrive-Personal/BiB/didi_testing/didi_data/runs/workbench_synthetic_0.01_seed42/panels/analysis_panel.parquet
2026-09-17 13:24:54,945 [INFO] __main__: [skip] analysis panel already uses rehabilitation code definition {'msk_diagnosis_codes': [20, 53, 56], 'mental_health_diagnosis_codes': [30]}
2026-09-17 13:24:55,254 [INFO] __main__: Building lag-1 risk sets from 2,266,774 panel rows in 1 person-hash partition(s)
2026-09-17 13:25:11,715 [INFO] __main__:   risk-set partition 1/1: 1,022 treated, 1,099,885 control person-years
2026-09-17 13:25:11,765 [INFO] __main__: Partitioned treated risk set (1,022 rows) into 7 treatment-year files under /Users/tankarman/Library/CloudStorage/OneDrive-Personal/BiB/didi_testing/didi_data/runs/workbench_synthetic_0.01_seed42/_matching_temp/risk_sets_by_year
2026-09-17 13:25:13,223 [INFO] __main__: Partitioned controls risk set (1,099,885 rows) into 7 treatment-year files under /Users/tankarman/Library/CloudStorage/OneDrive-Personal/BiB/didi_testing/didi_data/runs/workbench_synthetic_0.01_seed42/_matching_temp/risk_sets_by_year
2026-09-17 13:25:13,442 [INFO] __main__: Year 2012: fitting propensity model on 166,682 rows (187 treated, 166,495 sampled controls; 166,495 total eligible controls)
2026-09-17 13:25:15,876 [INFO] __main__: Year 2012: propensity model converged with solver=lbfgs in 16 iterations (max_iter=1000000, tol=0.0001)
2026-09-17 13:25:16,558 [INFO] __main__: Year 2012: scored 166,682 rows (187 treated + 166,495 controls)
2026-09-17 13:25:17,507 [INFO] __main__: Year 2012: matched 145 of 187 treated (checkpoint written)
2026-09-17 13:25:17,696 [INFO] __main__: Year 2013: fitting propensity model on 163,249 rows (180 treated, 163,069 sampled controls; 163,069 total eligible controls)
2026-09-17 13:25:21,236 [INFO] __main__: Year 2013: propensity model converged with solver=lbfgs in 33 iterations (max_iter=1000000, tol=0.0001)
2026-09-17 13:25:21,914 [INFO] __main__: Year 2013: scored 163,249 rows (180 treated + 163,069 controls)
2026-09-17 13:25:22,749 [INFO] __main__: Year 2013: matched 144 of 180 treated (checkpoint written)
2026-09-17 13:25:22,935 [INFO] __main__: Year 2014: fitting propensity model on 160,090 rows (153 treated, 159,937 sampled controls; 159,937 total eligible controls)
2026-09-17 13:25:25,184 [INFO] __main__: Year 2014: propensity model converged with solver=lbfgs in 22 iterations (max_iter=1000000, tol=0.0001)
2026-09-17 13:25:25,713 [INFO] __main__: Year 2014: scored 160,090 rows (153 treated + 159,937 controls)
2026-09-17 13:25:26,518 [INFO] __main__: Year 2014: matched 136 of 153 treated (checkpoint written)
2026-09-17 13:25:26,668 [INFO] __main__: Year 2015: fitting propensity model on 157,079 rows (142 treated, 156,937 sampled controls; 156,937 total eligible controls)
2026-09-17 13:25:28,827 [INFO] __main__: Year 2015: propensity model converged with solver=lbfgs in 23 iterations (max_iter=1000000, tol=0.0001)
2026-09-17 13:25:29,260 [INFO] __main__: Year 2015: scored 157,079 rows (142 treated + 156,937 controls)
2026-09-17 13:25:30,001 [INFO] __main__: Year 2015: matched 124 of 142 treated (checkpoint written)
2026-09-17 13:25:30,148 [INFO] __main__: Year 2016: fitting propensity model on 154,137 rows (128 treated, 154,009 sampled controls; 154,009 total eligible controls)
2026-09-17 13:25:32,011 [INFO] __main__: Year 2016: propensity model converged with solver=lbfgs in 20 iterations (max_iter=1000000, tol=0.0001)
2026-09-17 13:25:32,476 [INFO] __main__: Year 2016: scored 154,137 rows (128 treated + 154,009 controls)
2026-09-17 13:25:33,341 [INFO] __main__: Year 2016: matched 118 of 128 treated (checkpoint written)
2026-09-17 13:25:33,499 [INFO] __main__: Year 2017: fitting propensity model on 151,237 rows (121 treated, 151,116 sampled controls; 151,116 total eligible controls)
2026-09-17 13:25:35,921 [INFO] __main__: Year 2017: propensity model converged with solver=lbfgs in 18 iterations (max_iter=1000000, tol=0.0001)
2026-09-17 13:25:36,610 [INFO] __main__: Year 2017: scored 151,237 rows (121 treated + 151,116 controls)
2026-09-17 13:25:37,425 [INFO] __main__: Year 2017: matched 113 of 121 treated (checkpoint written)
2026-09-17 13:25:37,586 [INFO] __main__: Year 2018: fitting propensity model on 148,433 rows (111 treated, 148,322 sampled controls; 148,322 total eligible controls)
2026-09-17 13:25:40,183 [INFO] __main__: Year 2018: propensity model converged with solver=lbfgs in 19 iterations (max_iter=1000000, tol=0.0001)
2026-09-17 13:25:40,852 [INFO] __main__: Year 2018: scored 148,433 rows (111 treated + 148,322 controls)
2026-09-17 13:25:41,746 [INFO] __main__: Year 2018: matched 103 of 111 treated (checkpoint written)
2026-09-17 13:26:11,243 [WARNING] __main__: Streaming sink_parquet rejected this plan (sink_Parquet(ParquetWriteOptions { compression: Zstd(Some(ZstdLevel(3))), statistics: true, row_group_size: Some(200000), data_pagesize_limit: None, maintain_order: false }) not yet supported in standard engine. Use 'collect().write_parquet()'); falling back to an eager collect + write_parquet for /Users/tankarman/Library/CloudStorage/OneDrive-Personal/BiB/didi_testing/didi_data/runs/workbench_synthetic_0.01_seed42/analysis/pair_event_study_not_yet_divorced_lag1_pre3_post5.parquet.tmp.
2026-09-17 13:26:11,918 [WARNING] __main__: Streaming sink_parquet rejected this plan (sink_Parquet(ParquetWriteOptions { compression: Zstd(Some(ZstdLevel(3))), statistics: true, row_group_size: Some(200000), data_pagesize_limit: None, maintain_order: false }) not yet supported in standard engine. Use 'collect().write_parquet()'); falling back to an eager collect + write_parquet for /Users/tankarman/Library/CloudStorage/OneDrive-Personal/BiB/didi_testing/didi_data/runs/workbench_synthetic_0.01_seed42/analysis/msk_followup_not_yet_divorced_lag1_fixed_assignment.parquet.tmp.
2026-09-17 13:26:12,277 [WARNING] __main__: Streaming collect failed (ColumnNotFoundError: c_id); retrying with the non-streaming engine. If you see this warning at a call site that isn't already using _safe_collect, that's the signal for where to apply it next.
2026-09-17 13:26:12,946 [WARNING] __main__: Streaming sink_parquet rejected this plan (sink_Parquet(ParquetWriteOptions { compression: Zstd(Some(ZstdLevel(3))), statistics: true, row_group_size: Some(200000), data_pagesize_limit: None, maintain_order: false }) not yet supported in standard engine. Use 'collect().write_parquet()'); falling back to an eager collect + write_parquet for /Users/tankarman/Library/CloudStorage/OneDrive-Personal/BiB/didi_testing/didi_data/runs/workbench_synthetic_0.01_seed42/analysis/mortality_followup_not_yet_divorced_lag1_fixed_assignment.parquet.tmp.
2026-09-17 13:26:13,411 [WARNING] __main__: Streaming collect failed (ColumnNotFoundError: c_id); retrying with the non-streaming engine. If you see this warning at a call site that isn't already using _safe_collect, that's the signal for where to apply it next.
2026-09-17 13:26:14,110 [WARNING] __main__: Streaming collect failed (ColumnNotFoundError: c_id); retrying with the non-streaming engine. If you see this warning at a call site that isn't already using _safe_collect, that's the signal for where to apply it next.
2026-09-17 13:26:19,345 [WARNING] __main__: Streaming sink_parquet rejected this plan (sink_Parquet(ParquetWriteOptions { compression: Zstd(Some(ZstdLevel(3))), statistics: true, row_group_size: Some(200000), data_pagesize_limit: None, maintain_order: false }) not yet supported in standard engine. Use 'collect().write_parquet()'); falling back to an eager collect + write_parquet for /Users/tankarman/Library/CloudStorage/OneDrive-Personal/BiB/didi_testing/didi_data/runs/workbench_synthetic_0.01_seed42/analysis/longitudinal_mediation_panel_not_yet_divorced_lag1.parquet.tmp.
2026-09-17 13:26:19,692 [WARNING] __main__: Streaming collect failed (ColumnNotFoundError: c_id); retrying with the non-streaming engine. If you see this warning at a call site that isn't already using _safe_collect, that's the signal for where to apply it next.
2026-09-17 13:27:39,559 [WARNING] __main__: Continuous g-computation draw for current_entgelt_value exceeded the extrapolation cap (observed training log-max=11.224, cap=14.224) on 1 of 874 simulated rows; these draws were truncated to the cap before being converted back to the original scale.
2026-09-17 13:27:47,139 [WARNING] __main__: Continuous g-computation draw for current_entgelt_value exceeded the extrapolation cap (observed training log-max=11.224, cap=14.224) on 1 of 874 simulated rows; these draws were truncated to the cap before being converted back to the original scale.
2026-09-17 13:27:50,173 [WARNING] __main__: Continuous g-computation draw for current_entgelt_value exceeded the extrapolation cap (observed training log-max=11.224, cap=14.224) on 1 of 874 simulated rows; these draws were truncated to the cap before being converted back to the original scale.
2026-09-17 13:27:51,846 [WARNING] __main__: Continuous g-computation draw for current_entgelt_value exceeded the extrapolation cap (observed training log-max=11.224, cap=14.224) on 1 of 874 simulated rows; these draws were truncated to the cap before being converted back to the original scale.
2026-09-17 13:28:01,770 [WARNING] __main__: Continuous g-computation draw for current_entgelt_value exceeded the extrapolation cap (observed training log-max=11.224, cap=14.224) on 1 of 874 simulated rows; these draws were truncated to the cap before being converted back to the original scale.
2026-09-17 13:28:17,757 [WARNING] __main__: Continuous g-computation draw for current_entgelt_value exceeded the extrapolation cap (observed training log-max=11.224, cap=14.224) on 1 of 874 simulated rows; these draws were truncated to the cap before being converted back to the original scale.
2026-09-17 13:28:19,894 [WARNING] __main__: Continuous g-computation draw for current_entgelt_value exceeded the extrapolation cap (observed training log-max=11.224, cap=14.224) on 3 of 874 simulated rows; these draws were truncated to the cap before being converted back to the original scale.
2026-09-17 13:28:21,816 [WARNING] __main__: Continuous g-computation draw for current_entgelt_value exceeded the extrapolation cap (observed training log-max=11.224, cap=14.224) on 1 of 874 simulated rows; these draws were truncated to the cap before being converted back to the original scale.
2026-09-17 13:28:22,226 [WARNING] __main__: Continuous g-computation draw for current_entgelt_value exceeded the extrapolation cap (observed training log-max=11.224, cap=14.224) on 1 of 874 simulated rows; these draws were truncated to the cap before being converted back to the original scale.
2026-09-17 13:28:23,277 [WARNING] __main__: Continuous g-computation draw for current_entgelt_value exceeded the extrapolation cap (observed training log-max=11.224, cap=14.224) on 1 of 874 simulated rows; these draws were truncated to the cap before being converted back to the original scale.
2026-09-17 13:28:25,550 [WARNING] __main__: Continuous g-computation draw for current_entgelt_value exceeded the extrapolation cap (observed training log-max=11.224, cap=14.224) on 1 of 874 simulated rows; these draws were truncated to the cap before being converted back to the original scale.
2026-09-17 13:28:26,862 [WARNING] __main__: Continuous g-computation draw for current_entgelt_value exceeded the extrapolation cap (observed training log-max=11.224, cap=14.224) on 1 of 874 simulated rows; these draws were truncated to the cap before being converted back to the original scale.
2026-09-17 13:28:28,272 [WARNING] __main__: Continuous g-computation draw for current_entgelt_value exceeded the extrapolation cap (observed training log-max=11.224, cap=14.224) on 1 of 874 simulated rows; these draws were truncated to the cap before being converted back to the original scale.
2026-09-17 13:28:29,463 [WARNING] __main__: Continuous g-computation draw for current_entgelt_value exceeded the extrapolation cap (observed training log-max=11.224, cap=14.224) on 1 of 874 simulated rows; these draws were truncated to the cap before being converted back to the original scale.
2026-09-17 13:28:29,890 [WARNING] __main__: Continuous g-computation draw for current_entgelt_value exceeded the extrapolation cap (observed training log-max=11.224, cap=14.224) on 1 of 874 simulated rows; these draws were truncated to the cap before being converted back to the original scale.
2026-09-17 13:28:30,297 [WARNING] __main__: Continuous g-computation draw for current_entgelt_value exceeded the extrapolation cap (observed training log-max=11.224, cap=14.224) on 1 of 874 simulated rows; these draws were truncated to the cap before being converted back to the original scale.
2026-09-17 13:28:36,130 [WARNING] __main__: Continuous g-computation draw for current_entgelt_value exceeded the extrapolation cap (observed training log-max=11.224, cap=14.224) on 1 of 874 simulated rows; these draws were truncated to the cap before being converted back to the original scale.
2026-09-17 13:28:36,821 [WARNING] __main__: Continuous g-computation draw for current_entgelt_value exceeded the extrapolation cap (observed training log-max=11.224, cap=14.224) on 3 of 874 simulated rows; these draws were truncated to the cap before being converted back to the original scale.
2026-09-17 13:28:37,294 [INFO] __main__: Longitudinal mediation point estimate (25 simulation repetitions) took 2.3 min
2026-09-17 13:28:37,297 [INFO] __main__: Longitudinal mediation bootstrap: 20 replicates across 2 worker processes (mediation panel 0.01 GB in memory per worker; set mediation_bootstrap_workers to override)
Continuous g-computation draw for current_entgelt_value exceeded the extrapolation cap (observed training log-max=11.224, cap=14.224) on 3 of 873 simulated rows; these draws were truncated to the cap before being converted back to the original scale.
Continuous g-computation draw for current_entgelt_value exceeded the extrapolation cap (observed training log-max=11.224, cap=14.224) on 1 of 873 simulated rows; these draws were truncated to the cap before being converted back to the original scale.
Continuous g-computation draw for current_entgelt_value exceeded the extrapolation cap (observed training log-max=11.224, cap=14.224) on 1 of 873 simulated rows; these draws were truncated to the cap before being converted back to the original scale.
Continuous g-computation draw for current_entgelt_value exceeded the extrapolation cap (observed training log-max=11.224, cap=14.224) on 2 of 873 simulated rows; these draws were truncated to the cap before being converted back to the original scale.
Continuous g-computation draw for current_entgelt_value exceeded the extrapolation cap (observed training log-max=11.224, cap=14.224) on 3 of 873 simulated rows; these draws were truncated to the cap before being converted back to the original scale.
Continuous g-computation draw for current_entgelt_value exceeded the extrapolation cap (observed training log-max=11.224, cap=14.224) on 2 of 873 simulated rows; these draws were truncated to the cap before being converted back to the original scale.
Continuous g-computation draw for current_entgelt_value exceeded the extrapolation cap (observed training log-max=11.224, cap=14.224) on 5 of 873 simulated rows; these draws were truncated to the cap before being converted back to the original scale.
Continuous g-computation draw for current_entgelt_value exceeded the extrapolation cap (observed training log-max=11.224, cap=14.224) on 2 of 873 simulated rows; these draws were truncated to the cap before being converted back to the original scale.
Continuous g-computation draw for current_entgelt_value exceeded the extrapolation cap (observed training log-max=11.224, cap=14.224) on 4 of 873 simulated rows; these draws were truncated to the cap before being converted back to the original scale.
Continuous g-computation draw for current_entgelt_value exceeded the extrapolation cap (observed training log-max=11.224, cap=14.224) on 5 of 873 simulated rows; these draws were truncated to the cap before being converted back to the original scale.
Continuous g-computation draw for current_entgelt_value exceeded the extrapolation cap (observed training log-max=11.224, cap=14.224) on 2 of 873 simulated rows; these draws were truncated to the cap before being converted back to the original scale.
Continuous g-computation draw for current_entgelt_value exceeded the extrapolation cap (observed training log-max=11.224, cap=14.224) on 3 of 873 simulated rows; these draws were truncated to the cap before being converted back to the original scale.
Continuous g-computation draw for current_entgelt_value exceeded the extrapolation cap (observed training log-max=11.224, cap=14.224) on 1 of 873 simulated rows; these draws were truncated to the cap before being converted back to the original scale.
Continuous g-computation draw for current_entgelt_value exceeded the extrapolation cap (observed training log-max=11.224, cap=14.224) on 2 of 873 simulated rows; these draws were truncated to the cap before being converted back to the original scale.
Continuous g-computation draw for current_entgelt_value exceeded the extrapolation cap (observed training log-max=11.224, cap=14.224) on 1 of 873 simulated rows; these draws were truncated to the cap before being converted back to the original scale.
Continuous g-computation draw for current_entgelt_value exceeded the extrapolation cap (observed training log-max=11.224, cap=14.224) on 2 of 873 simulated rows; these draws were truncated to the cap before being converted back to the original scale.
Continuous g-computation draw for current_entgelt_value exceeded the extrapolation cap (observed training log-max=11.224, cap=14.224) on 3 of 873 simulated rows; these draws were truncated to the cap before being converted back to the original scale.
Continuous g-computation draw for current_entgelt_value exceeded the extrapolation cap (observed training log-max=11.224, cap=14.224) on 4 of 873 simulated rows; these draws were truncated to the cap before being converted back to the original scale.
Continuous g-computation draw for current_entgelt_value exceeded the extrapolation cap (observed training log-max=11.224, cap=14.224) on 1 of 873 simulated rows; these draws were truncated to the cap before being converted back to the original scale.
Continuous g-computation draw for current_entgelt_value exceeded the extrapolation cap (observed training log-max=11.224, cap=14.224) on 1 of 873 simulated rows; these draws were truncated to the cap before being converted back to the original scale.
Continuous g-computation draw for current_entgelt_value exceeded the extrapolation cap (observed training log-max=11.224, cap=14.224) on 1 of 873 simulated rows; these draws were truncated to the cap before being converted back to the original scale.
Continuous g-computation draw for current_entgelt_value exceeded the extrapolation cap (observed training log-max=11.224, cap=14.224) on 7 of 873 simulated rows; these draws were truncated to the cap before being converted back to the original scale.
Continuous g-computation draw for current_entgelt_value exceeded the extrapolation cap (observed training log-max=11.224, cap=14.224) on 1 of 873 simulated rows; these draws were truncated to the cap before being converted back to the original scale.
Continuous g-computation draw for current_entgelt_value exceeded the extrapolation cap (observed training log-max=11.224, cap=14.224) on 1 of 873 simulated rows; these draws were truncated to the cap before being converted back to the original scale.
Continuous g-computation draw for current_entgelt_value exceeded the extrapolation cap (observed training log-max=11.224, cap=14.224) on 4 of 873 simulated rows; these draws were truncated to the cap before being converted back to the original scale.
Continuous g-computation draw for current_entgelt_value exceeded the extrapolation cap (observed training log-max=11.224, cap=14.224) on 1 of 873 simulated rows; these draws were truncated to the cap before being converted back to the original scale.
Continuous g-computation draw for current_entgelt_value exceeded the extrapolation cap (observed training log-max=11.224, cap=14.224) on 1 of 873 simulated rows; these draws were truncated to the cap before being converted back to the original scale.
Continuous g-computation draw for current_entgelt_value exceeded the extrapolation cap (observed training log-max=11.224, cap=14.224) on 2 of 873 simulated rows; these draws were truncated to the cap before being converted back to the original scale.
Continuous g-computation draw for current_entgelt_value exceeded the extrapolation cap (observed training log-max=11.224, cap=14.224) on 3 of 873 simulated rows; these draws were truncated to the cap before being converted back to the original scale.
Continuous g-computation draw for current_entgelt_value exceeded the extrapolation cap (observed training log-max=11.224, cap=14.224) on 5 of 873 simulated rows; these draws were truncated to the cap before being converted back to the original scale.
Continuous g-computation draw for current_entgelt_value exceeded the extrapolation cap (observed training log-max=11.224, cap=14.224) on 1 of 873 simulated rows; these draws were truncated to the cap before being converted back to the original scale.
Continuous g-computation draw for current_entgelt_value exceeded the extrapolation cap (observed training log-max=11.224, cap=14.224) on 1 of 873 simulated rows; these draws were truncated to the cap before being converted back to the original scale.
Continuous g-computation draw for current_entgelt_value exceeded the extrapolation cap (observed training log-max=11.224, cap=14.224) on 3 of 873 simulated rows; these draws were truncated to the cap before being converted back to the original scale.
Continuous g-computation draw for current_entgelt_value exceeded the extrapolation cap (observed training log-max=11.224, cap=14.224) on 1 of 873 simulated rows; these draws were truncated to the cap before being converted back to the original scale.
Continuous g-computation draw for current_entgelt_value exceeded the extrapolation cap (observed training log-max=11.224, cap=14.224) on 3 of 873 simulated rows; these draws were truncated to the cap before being converted back to the original scale.
Continuous g-computation draw for current_entgelt_value exceeded the extrapolation cap (observed training log-max=11.224, cap=14.224) on 4 of 873 simulated rows; these draws were truncated to the cap before being converted back to the original scale.
Continuous g-computation draw for current_entgelt_value exceeded the extrapolation cap (observed training log-max=11.224, cap=14.224) on 1 of 873 simulated rows; these draws were truncated to the cap before being converted back to the original scale.
Continuous g-computation draw for current_entgelt_value exceeded the extrapolation cap (observed training log-max=11.224, cap=14.224) on 1 of 873 simulated rows; these draws were truncated to the cap before being converted back to the original scale.
Continuous g-computation draw for current_entgelt_value exceeded the extrapolation cap (observed training log-max=11.224, cap=14.224) on 2 of 873 simulated rows; these draws were truncated to the cap before being converted back to the original scale.
Continuous g-computation draw for current_entgelt_value exceeded the extrapolation cap (observed training log-max=11.224, cap=14.224) on 1 of 873 simulated rows; these draws were truncated to the cap before being converted back to the original scale.
Continuous g-computation draw for current_entgelt_value exceeded the extrapolation cap (observed training log-max=11.224, cap=14.224) on 1 of 873 simulated rows; these draws were truncated to the cap before being converted back to the original scale.
Continuous g-computation draw for current_entgelt_value exceeded the extrapolation cap (observed training log-max=11.224, cap=14.224) on 1 of 873 simulated rows; these draws were truncated to the cap before being converted back to the original scale.
Continuous g-computation draw for current_entgelt_value exceeded the extrapolation cap (observed training log-max=11.224, cap=14.224) on 5 of 873 simulated rows; these draws were truncated to the cap before being converted back to the original scale.
Continuous g-computation draw for current_entgelt_value exceeded the extrapolation cap (observed training log-max=11.224, cap=14.224) on 1 of 873 simulated rows; these draws were truncated to the cap before being converted back to the original scale.
Continuous g-computation draw for current_entgelt_value exceeded the extrapolation cap (observed training log-max=11.224, cap=14.224) on 1 of 873 simulated rows; these draws were truncated to the cap before being converted back to the original scale.
Continuous g-computation draw for current_entgelt_value exceeded the extrapolation cap (observed training log-max=11.224, cap=14.224) on 4 of 873 simulated rows; these draws were truncated to the cap before being converted back to the original scale.
Continuous g-computation draw for current_entgelt_value exceeded the extrapolation cap (observed training log-max=11.224, cap=14.224) on 2 of 873 simulated rows; these draws were truncated to the cap before being converted back to the original scale.
Continuous g-computation draw for current_entgelt_value exceeded the extrapolation cap (observed training log-max=11.224, cap=14.224) on 1 of 873 simulated rows; these draws were truncated to the cap before being converted back to the original scale.
Continuous g-computation draw for current_entgelt_value exceeded the extrapolation cap (observed training log-max=11.224, cap=14.224) on 2 of 873 simulated rows; these draws were truncated to the cap before being converted back to the original scale.
Continuous g-computation draw for current_entgelt_value exceeded the extrapolation cap (observed training log-max=11.224, cap=14.224) on 1 of 873 simulated rows; these draws were truncated to the cap before being converted back to the original scale.
Continuous g-computation draw for current_entgelt_value exceeded the extrapolation cap (observed training log-max=11.224, cap=14.224) on 2 of 873 simulated rows; these draws were truncated to the cap before being converted back to the original scale.
Continuous g-computation draw for current_entgelt_value exceeded the extrapolation cap (observed training log-max=11.224, cap=14.224) on 4 of 873 simulated rows; these draws were truncated to the cap before being converted back to the original scale.
Continuous g-computation draw for current_entgelt_value exceeded the extrapolation cap (observed training log-max=11.224, cap=14.224) on 1 of 873 simulated rows; these draws were truncated to the cap before being converted back to the original scale.
Continuous g-computation draw for current_entgelt_value exceeded the extrapolation cap (observed training log-max=11.224, cap=14.224) on 5 of 873 simulated rows; these draws were truncated to the cap before being converted back to the original scale.
Continuous g-computation draw for current_entgelt_value exceeded the extrapolation cap (observed training log-max=11.224, cap=14.224) on 6 of 873 simulated rows; these draws were truncated to the cap before being converted back to the original scale.
Continuous g-computation draw for current_entgelt_value exceeded the extrapolation cap (observed training log-max=11.224, cap=14.224) on 4 of 873 simulated rows; these draws were truncated to the cap before being converted back to the original scale.
Continuous g-computation draw for current_entgelt_value exceeded the extrapolation cap (observed training log-max=11.224, cap=14.224) on 3 of 873 simulated rows; these draws were truncated to the cap before being converted back to the original scale.
Continuous g-computation draw for current_entgelt_value exceeded the extrapolation cap (observed training log-max=11.224, cap=14.224) on 1 of 873 simulated rows; these draws were truncated to the cap before being converted back to the original scale.
Continuous g-computation draw for current_entgelt_value exceeded the extrapolation cap (observed training log-max=11.224, cap=14.224) on 1 of 873 simulated rows; these draws were truncated to the cap before being converted back to the original scale.
Continuous g-computation draw for current_entgelt_value exceeded the extrapolation cap (observed training log-max=11.224, cap=14.224) on 2 of 873 simulated rows; these draws were truncated to the cap before being converted back to the original scale.
Continuous g-computation draw for current_entgelt_value exceeded the extrapolation cap (observed training log-max=11.224, cap=14.224) on 2 of 873 simulated rows; these draws were truncated to the cap before being converted back to the original scale.
Continuous g-computation draw for current_entgelt_value exceeded the extrapolation cap (observed training log-max=11.224, cap=14.224) on 1 of 873 simulated rows; these draws were truncated to the cap before being converted back to the original scale.
Continuous g-computation draw for current_entgelt_value exceeded the extrapolation cap (observed training log-max=11.224, cap=14.224) on 2 of 873 simulated rows; these draws were truncated to the cap before being converted back to the original scale.
Continuous g-computation draw for current_entgelt_value exceeded the extrapolation cap (observed training log-max=11.224, cap=14.224) on 5 of 873 simulated rows; these draws were truncated to the cap before being converted back to the original scale.
Continuous g-computation draw for current_entgelt_value exceeded the extrapolation cap (observed training log-max=11.224, cap=14.224) on 2 of 873 simulated rows; these draws were truncated to the cap before being converted back to the original scale.
Continuous g-computation draw for current_entgelt_value exceeded the extrapolation cap (observed training log-max=11.224, cap=14.224) on 3 of 873 simulated rows; these draws were truncated to the cap before being converted back to the original scale.
Continuous g-computation draw for current_entgelt_value exceeded the extrapolation cap (observed training log-max=11.224, cap=14.224) on 2 of 873 simulated rows; these draws were truncated to the cap before being converted back to the original scale.
Continuous g-computation draw for current_entgelt_value exceeded the extrapolation cap (observed training log-max=11.224, cap=14.224) on 1 of 873 simulated rows; these draws were truncated to the cap before being converted back to the original scale.
Continuous g-computation draw for current_entgelt_value exceeded the extrapolation cap (observed training log-max=11.224, cap=14.224) on 4 of 873 simulated rows; these draws were truncated to the cap before being converted back to the original scale.
Continuous g-computation draw for current_entgelt_value exceeded the extrapolation cap (observed training log-max=11.224, cap=14.224) on 1 of 873 simulated rows; these draws were truncated to the cap before being converted back to the original scale.
Continuous g-computation draw for current_entgelt_value exceeded the extrapolation cap (observed training log-max=11.224, cap=14.224) on 1 of 873 simulated rows; these draws were truncated to the cap before being converted back to the original scale.
Continuous g-computation draw for current_entgelt_value exceeded the extrapolation cap (observed training log-max=11.224, cap=14.224) on 1 of 873 simulated rows; these draws were truncated to the cap before being converted back to the original scale.
Continuous g-computation draw for current_entgelt_value exceeded the extrapolation cap (observed training log-max=11.224, cap=14.224) on 2 of 873 simulated rows; these draws were truncated to the cap before being converted back to the original scale.
Continuous g-computation draw for current_entgelt_value exceeded the extrapolation cap (observed training log-max=11.224, cap=14.224) on 1 of 873 simulated rows; these draws were truncated to the cap before being converted back to the original scale.
Continuous g-computation draw for current_entgelt_value exceeded the extrapolation cap (observed training log-max=11.224, cap=14.224) on 4 of 873 simulated rows; these draws were truncated to the cap before being converted back to the original scale.
Continuous g-computation draw for current_entgelt_value exceeded the extrapolation cap (observed training log-max=11.224, cap=14.224) on 1 of 873 simulated rows; these draws were truncated to the cap before being converted back to the original scale.
Continuous g-computation draw for current_entgelt_value exceeded the extrapolation cap (observed training log-max=11.224, cap=14.224) on 7 of 873 simulated rows; these draws were truncated to the cap before being converted back to the original scale.
Continuous g-computation draw for current_entgelt_value exceeded the extrapolation cap (observed training log-max=11.224, cap=14.224) on 3 of 873 simulated rows; these draws were truncated to the cap before being converted back to the original scale.
Continuous g-computation draw for current_entgelt_value exceeded the extrapolation cap (observed training log-max=11.224, cap=14.224) on 2 of 873 simulated rows; these draws were truncated to the cap before being converted back to the original scale.
Continuous g-computation draw for current_entgelt_value exceeded the extrapolation cap (observed training log-max=11.224, cap=14.224) on 1 of 873 simulated rows; these draws were truncated to the cap before being converted back to the original scale.
Continuous g-computation draw for current_entgelt_value exceeded the extrapolation cap (observed training log-max=11.224, cap=14.224) on 3 of 873 simulated rows; these draws were truncated to the cap before being converted back to the original scale.
Continuous g-computation draw for current_entgelt_value exceeded the extrapolation cap (observed training log-max=11.224, cap=14.224) on 1 of 873 simulated rows; these draws were truncated to the cap before being converted back to the original scale.
Continuous g-computation draw for current_entgelt_value exceeded the extrapolation cap (observed training log-max=11.224, cap=14.224) on 1 of 873 simulated rows; these draws were truncated to the cap before being converted back to the original scale.
Continuous g-computation draw for current_entgelt_value exceeded the extrapolation cap (observed training log-max=11.224, cap=14.224) on 5 of 873 simulated rows; these draws were truncated to the cap before being converted back to the original scale.
Continuous g-computation draw for current_entgelt_value exceeded the extrapolation cap (observed training log-max=11.224, cap=14.224) on 1 of 873 simulated rows; these draws were truncated to the cap before being converted back to the original scale.
Continuous g-computation draw for current_entgelt_value exceeded the extrapolation cap (observed training log-max=11.224, cap=14.224) on 3 of 873 simulated rows; these draws were truncated to the cap before being converted back to the original scale.
Continuous g-computation draw for current_entgelt_value exceeded the extrapolation cap (observed training log-max=11.224, cap=14.224) on 2 of 873 simulated rows; these draws were truncated to the cap before being converted back to the original scale.
Continuous g-computation draw for current_entgelt_value exceeded the extrapolation cap (observed training log-max=11.224, cap=14.224) on 1 of 873 simulated rows; these draws were truncated to the cap before being converted back to the original scale.
Continuous g-computation draw for current_entgelt_value exceeded the extrapolation cap (observed training log-max=11.224, cap=14.224) on 4 of 873 simulated rows; these draws were truncated to the cap before being converted back to the original scale.
Continuous g-computation draw for current_entgelt_value exceeded the extrapolation cap (observed training log-max=11.224, cap=14.224) on 5 of 873 simulated rows; these draws were truncated to the cap before being converted back to the original scale.
Continuous g-computation draw for current_entgelt_value exceeded the extrapolation cap (observed training log-max=11.224, cap=14.224) on 2 of 873 simulated rows; these draws were truncated to the cap before being converted back to the original scale.
Continuous g-computation draw for current_entgelt_value exceeded the extrapolation cap (observed training log-max=11.224, cap=14.224) on 1 of 873 simulated rows; these draws were truncated to the cap before being converted back to the original scale.
Continuous g-computation draw for current_entgelt_value exceeded the extrapolation cap (observed training log-max=11.224, cap=14.224) on 2 of 873 simulated rows; these draws were truncated to the cap before being converted back to the original scale.
Continuous g-computation draw for current_entgelt_value exceeded the extrapolation cap (observed training log-max=11.224, cap=14.224) on 4 of 873 simulated rows; these draws were truncated to the cap before being converted back to the original scale.
Continuous g-computation draw for current_entgelt_value exceeded the extrapolation cap (observed training log-max=11.224, cap=14.224) on 1 of 873 simulated rows; these draws were truncated to the cap before being converted back to the original scale.
Continuous g-computation draw for current_entgelt_value exceeded the extrapolation cap (observed training log-max=11.224, cap=14.224) on 3 of 873 simulated rows; these draws were truncated to the cap before being converted back to the original scale.
Continuous g-computation draw for current_entgelt_value exceeded the extrapolation cap (observed training log-max=11.224, cap=14.224) on 2 of 873 simulated rows; these draws were truncated to the cap before being converted back to the original scale.
Continuous g-computation draw for current_entgelt_value exceeded the extrapolation cap (observed training log-max=11.224, cap=14.224) on 1 of 873 simulated rows; these draws were truncated to the cap before being converted back to the original scale.
Continuous g-computation draw for current_entgelt_value exceeded the extrapolation cap (observed training log-max=11.224, cap=14.224) on 2 of 873 simulated rows; these draws were truncated to the cap before being converted back to the original scale.
Continuous g-computation draw for current_entgelt_value exceeded the extrapolation cap (observed training log-max=11.224, cap=14.224) on 1 of 873 simulated rows; these draws were truncated to the cap before being converted back to the original scale.
Continuous g-computation draw for current_entgelt_value exceeded the extrapolation cap (observed training log-max=11.224, cap=14.224) on 3 of 873 simulated rows; these draws were truncated to the cap before being converted back to the original scale.
Continuous g-computation draw for current_entgelt_value exceeded the extrapolation cap (observed training log-max=11.224, cap=14.224) on 1 of 873 simulated rows; these draws were truncated to the cap before being converted back to the original scale.
Continuous g-computation draw for current_entgelt_value exceeded the extrapolation cap (observed training log-max=11.224, cap=14.224) on 3 of 873 simulated rows; these draws were truncated to the cap before being converted back to the original scale.
Continuous g-computation draw for current_entgelt_value exceeded the extrapolation cap (observed training log-max=11.224, cap=14.224) on 1 of 873 simulated rows; these draws were truncated to the cap before being converted back to the original scale.
Continuous g-computation draw for current_entgelt_value exceeded the extrapolation cap (observed training log-max=11.224, cap=14.224) on 2 of 873 simulated rows; these draws were truncated to the cap before being converted back to the original scale.
Continuous g-computation draw for current_entgelt_value exceeded the extrapolation cap (observed training log-max=11.224, cap=14.224) on 2 of 873 simulated rows; these draws were truncated to the cap before being converted back to the original scale.
Continuous g-computation draw for current_entgelt_value exceeded the extrapolation cap (observed training log-max=11.224, cap=14.224) on 2 of 873 simulated rows; these draws were truncated to the cap before being converted back to the original scale.
Continuous g-computation draw for current_entgelt_value exceeded the extrapolation cap (observed training log-max=11.224, cap=14.224) on 5 of 873 simulated rows; these draws were truncated to the cap before being converted back to the original scale.
Continuous g-computation draw for current_entgelt_value exceeded the extrapolation cap (observed training log-max=11.224, cap=14.224) on 1 of 873 simulated rows; these draws were truncated to the cap before being converted back to the original scale.
Continuous g-computation draw for current_entgelt_value exceeded the extrapolation cap (observed training log-max=11.224, cap=14.224) on 2 of 873 simulated rows; these draws were truncated to the cap before being converted back to the original scale.
Continuous g-computation draw for current_entgelt_value exceeded the extrapolation cap (observed training log-max=11.224, cap=14.224) on 2 of 873 simulated rows; these draws were truncated to the cap before being converted back to the original scale.
Continuous g-computation draw for current_entgelt_value exceeded the extrapolation cap (observed training log-max=11.224, cap=14.224) on 2 of 873 simulated rows; these draws were truncated to the cap before being converted back to the original scale.
Continuous g-computation draw for current_entgelt_value exceeded the extrapolation cap (observed training log-max=11.224, cap=14.224) on 1 of 873 simulated rows; these draws were truncated to the cap before being converted back to the original scale.
Continuous g-computation draw for current_entgelt_value exceeded the extrapolation cap (observed training log-max=11.224, cap=14.224) on 2 of 873 simulated rows; these draws were truncated to the cap before being converted back to the original scale.
Continuous g-computation draw for current_entgelt_value exceeded the extrapolation cap (observed training log-max=11.224, cap=14.224) on 2 of 873 simulated rows; these draws were truncated to the cap before being converted back to the original scale.
Continuous g-computation draw for current_entgelt_value exceeded the extrapolation cap (observed training log-max=11.224, cap=14.224) on 3 of 873 simulated rows; these draws were truncated to the cap before being converted back to the original scale.
Continuous g-computation draw for current_entgelt_value exceeded the extrapolation cap (observed training log-max=11.224, cap=14.224) on 1 of 873 simulated rows; these draws were truncated to the cap before being converted back to the original scale.
Continuous g-computation draw for current_entgelt_value exceeded the extrapolation cap (observed training log-max=11.224, cap=14.224) on 2 of 873 simulated rows; these draws were truncated to the cap before being converted back to the original scale.
Continuous g-computation draw for current_entgelt_value exceeded the extrapolation cap (observed training log-max=11.224, cap=14.224) on 2 of 873 simulated rows; these draws were truncated to the cap before being converted back to the original scale.
Continuous g-computation draw for current_entgelt_value exceeded the extrapolation cap (observed training log-max=11.224, cap=14.224) on 2 of 873 simulated rows; these draws were truncated to the cap before being converted back to the original scale.
Continuous g-computation draw for current_entgelt_value exceeded the extrapolation cap (observed training log-max=11.224, cap=14.224) on 4 of 873 simulated rows; these draws were truncated to the cap before being converted back to the original scale.
Continuous g-computation draw for current_entgelt_value exceeded the extrapolation cap (observed training log-max=11.224, cap=14.224) on 3 of 873 simulated rows; these draws were truncated to the cap before being converted back to the original scale.
Continuous g-computation draw for current_entgelt_value exceeded the extrapolation cap (observed training log-max=11.224, cap=14.224) on 3 of 873 simulated rows; these draws were truncated to the cap before being converted back to the original scale.
Continuous g-computation draw for current_entgelt_value exceeded the extrapolation cap (observed training log-max=11.224, cap=14.224) on 3 of 873 simulated rows; these draws were truncated to the cap before being converted back to the original scale.
Continuous g-computation draw for current_entgelt_value exceeded the extrapolation cap (observed training log-max=11.224, cap=14.224) on 3 of 873 simulated rows; these draws were truncated to the cap before being converted back to the original scale.
Continuous g-computation draw for current_entgelt_value exceeded the extrapolation cap (observed training log-max=11.224, cap=14.224) on 1 of 873 simulated rows; these draws were truncated to the cap before being converted back to the original scale.
Continuous g-computation draw for current_entgelt_value exceeded the extrapolation cap (observed training log-max=11.224, cap=14.224) on 3 of 873 simulated rows; these draws were truncated to the cap before being converted back to the original scale.
Continuous g-computation draw for current_entgelt_value exceeded the extrapolation cap (observed training log-max=11.224, cap=14.224) on 1 of 873 simulated rows; these draws were truncated to the cap before being converted back to the original scale.
Continuous g-computation draw for current_entgelt_value exceeded the extrapolation cap (observed training log-max=11.224, cap=14.224) on 1 of 873 simulated rows; these draws were truncated to the cap before being converted back to the original scale.
Continuous g-computation draw for current_entgelt_value exceeded the extrapolation cap (observed training log-max=11.224, cap=14.224) on 3 of 873 simulated rows; these draws were truncated to the cap before being converted back to the original scale.
Continuous g-computation draw for current_entgelt_value exceeded the extrapolation cap (observed training log-max=11.224, cap=14.224) on 1 of 873 simulated rows; these draws were truncated to the cap before being converted back to the original scale.
Continuous g-computation draw for current_entgelt_value exceeded the extrapolation cap (observed training log-max=11.224, cap=14.224) on 3 of 873 simulated rows; these draws were truncated to the cap before being converted back to the original scale.
Continuous g-computation draw for current_entgelt_value exceeded the extrapolation cap (observed training log-max=11.224, cap=14.224) on 1 of 873 simulated rows; these draws were truncated to the cap before being converted back to the original scale.
Continuous g-computation draw for current_entgelt_value exceeded the extrapolation cap (observed training log-max=11.224, cap=14.224) on 3 of 873 simulated rows; these draws were truncated to the cap before being converted back to the original scale.
Continuous g-computation draw for current_entgelt_value exceeded the extrapolation cap (observed training log-max=11.224, cap=14.224) on 1 of 873 simulated rows; these draws were truncated to the cap before being converted back to the original scale.
Continuous g-computation draw for current_entgelt_value exceeded the extrapolation cap (observed training log-max=11.224, cap=14.224) on 1 of 873 simulated rows; these draws were truncated to the cap before being converted back to the original scale.
Continuous g-computation draw for current_entgelt_value exceeded the extrapolation cap (observed training log-max=11.224, cap=14.224) on 3 of 873 simulated rows; these draws were truncated to the cap before being converted back to the original scale.
Continuous g-computation draw for current_entgelt_value exceeded the extrapolation cap (observed training log-max=11.224, cap=14.224) on 2 of 873 simulated rows; these draws were truncated to the cap before being converted back to the original scale.
Continuous g-computation draw for current_entgelt_value exceeded the extrapolation cap (observed training log-max=11.224, cap=14.224) on 2 of 873 simulated rows; these draws were truncated to the cap before being converted back to the original scale.
Continuous g-computation draw for current_entgelt_value exceeded the extrapolation cap (observed training log-max=11.224, cap=14.224) on 3 of 873 simulated rows; these draws were truncated to the cap before being converted back to the original scale.
Continuous g-computation draw for current_entgelt_value exceeded the extrapolation cap (observed training log-max=11.224, cap=14.224) on 1 of 873 simulated rows; these draws were truncated to the cap before being converted back to the original scale.
Continuous g-computation draw for current_entgelt_value exceeded the extrapolation cap (observed training log-max=11.224, cap=14.224) on 3 of 873 simulated rows; these draws were truncated to the cap before being converted back to the original scale.
Continuous g-computation draw for current_entgelt_value exceeded the extrapolation cap (observed training log-max=11.224, cap=14.224) on 1 of 873 simulated rows; these draws were truncated to the cap before being converted back to the original scale.
Continuous g-computation draw for current_entgelt_value exceeded the extrapolation cap (observed training log-max=11.224, cap=14.224) on 1 of 873 simulated rows; these draws were truncated to the cap before being converted back to the original scale.
Continuous g-computation draw for current_entgelt_value exceeded the extrapolation cap (observed training log-max=11.224, cap=14.224) on 1 of 873 simulated rows; these draws were truncated to the cap before being converted back to the original scale.
Continuous g-computation draw for current_entgelt_value exceeded the extrapolation cap (observed training log-max=11.224, cap=14.224) on 3 of 873 simulated rows; these draws were truncated to the cap before being converted back to the original scale.
Continuous g-computation draw for current_entgelt_value exceeded the extrapolation cap (observed training log-max=11.224, cap=14.224) on 3 of 873 simulated rows; these draws were truncated to the cap before being converted back to the original scale.
Continuous g-computation draw for current_entgelt_value exceeded the extrapolation cap (observed training log-max=11.224, cap=14.224) on 1 of 873 simulated rows; these draws were truncated to the cap before being converted back to the original scale.
Continuous g-computation draw for current_entgelt_value exceeded the extrapolation cap (observed training log-max=11.224, cap=14.224) on 2 of 873 simulated rows; these draws were truncated to the cap before being converted back to the original scale.
Continuous g-computation draw for current_entgelt_value exceeded the extrapolation cap (observed training log-max=11.224, cap=14.224) on 2 of 873 simulated rows; these draws were truncated to the cap before being converted back to the original scale.
Continuous g-computation draw for current_entgelt_value exceeded the extrapolation cap (observed training log-max=11.224, cap=14.224) on 1 of 873 simulated rows; these draws were truncated to the cap before being converted back to the original scale.
Continuous g-computation draw for current_entgelt_value exceeded the extrapolation cap (observed training log-max=11.224, cap=14.224) on 3 of 873 simulated rows; these draws were truncated to the cap before being converted back to the original scale.
Continuous g-computation draw for current_entgelt_value exceeded the extrapolation cap (observed training log-max=11.224, cap=14.224) on 3 of 873 simulated rows; these draws were truncated to the cap before being converted back to the original scale.
Continuous g-computation draw for current_entgelt_value exceeded the extrapolation cap (observed training log-max=11.224, cap=14.224) on 1 of 873 simulated rows; these draws were truncated to the cap before being converted back to the original scale.
Continuous g-computation draw for current_entgelt_value exceeded the extrapolation cap (observed training log-max=11.224, cap=14.224) on 2 of 873 simulated rows; these draws were truncated to the cap before being converted back to the original scale.
Continuous g-computation draw for current_entgelt_value exceeded the extrapolation cap (observed training log-max=11.224, cap=14.224) on 2 of 873 simulated rows; these draws were truncated to the cap before being converted back to the original scale.
Continuous g-computation draw for current_entgelt_value exceeded the extrapolation cap (observed training log-max=11.224, cap=14.224) on 1 of 873 simulated rows; these draws were truncated to the cap before being converted back to the original scale.
Continuous g-computation draw for current_entgelt_value exceeded the extrapolation cap (observed training log-max=11.224, cap=14.224) on 4 of 873 simulated rows; these draws were truncated to the cap before being converted back to the original scale.
Continuous g-computation draw for current_entgelt_value exceeded the extrapolation cap (observed training log-max=11.224, cap=14.224) on 2 of 873 simulated rows; these draws were truncated to the cap before being converted back to the original scale.
Continuous g-computation draw for current_entgelt_value exceeded the extrapolation cap (observed training log-max=11.224, cap=14.224) on 1 of 873 simulated rows; these draws were truncated to the cap before being converted back to the original scale.
Continuous g-computation draw for current_entgelt_value exceeded the extrapolation cap (observed training log-max=11.224, cap=14.224) on 5 of 873 simulated rows; these draws were truncated to the cap before being converted back to the original scale.
Continuous g-computation draw for current_entgelt_value exceeded the extrapolation cap (observed training log-max=11.224, cap=14.224) on 3 of 873 simulated rows; these draws were truncated to the cap before being converted back to the original scale.
Continuous g-computation draw for current_entgelt_value exceeded the extrapolation cap (observed training log-max=11.224, cap=14.224) on 1 of 873 simulated rows; these draws were truncated to the cap before being converted back to the original scale.
Continuous g-computation draw for current_entgelt_value exceeded the extrapolation cap (observed training log-max=11.224, cap=14.224) on 1 of 873 simulated rows; these draws were truncated to the cap before being converted back to the original scale.
Continuous g-computation draw for current_entgelt_value exceeded the extrapolation cap (observed training log-max=11.224, cap=14.224) on 2 of 873 simulated rows; these draws were truncated to the cap before being converted back to the original scale.
Continuous g-computation draw for current_entgelt_value exceeded the extrapolation cap (observed training log-max=11.224, cap=14.224) on 2 of 873 simulated rows; these draws were truncated to the cap before being converted back to the original scale.
Continuous g-computation draw for current_entgelt_value exceeded the extrapolation cap (observed training log-max=11.224, cap=14.224) on 1 of 873 simulated rows; these draws were truncated to the cap before being converted back to the original scale.
Continuous g-computation draw for current_entgelt_value exceeded the extrapolation cap (observed training log-max=11.224, cap=14.224) on 2 of 873 simulated rows; these draws were truncated to the cap before being converted back to the original scale.
Continuous g-computation draw for current_entgelt_value exceeded the extrapolation cap (observed training log-max=11.224, cap=14.224) on 5 of 873 simulated rows; these draws were truncated to the cap before being converted back to the original scale.
Continuous g-computation draw for current_entgelt_value exceeded the extrapolation cap (observed training log-max=11.224, cap=14.224) on 1 of 873 simulated rows; these draws were truncated to the cap before being converted back to the original scale.
Continuous g-computation draw for current_entgelt_value exceeded the extrapolation cap (observed training log-max=11.224, cap=14.224) on 1 of 873 simulated rows; these draws were truncated to the cap before being converted back to the original scale.
Continuous g-computation draw for current_entgelt_value exceeded the extrapolation cap (observed training log-max=11.224, cap=14.224) on 1 of 873 simulated rows; these draws were truncated to the cap before being converted back to the original scale.
Continuous g-computation draw for current_entgelt_value exceeded the extrapolation cap (observed training log-max=11.224, cap=14.224) on 2 of 873 simulated rows; these draws were truncated to the cap before being converted back to the original scale.
Continuous g-computation draw for current_entgelt_value exceeded the extrapolation cap (observed training log-max=11.224, cap=14.224) on 2 of 873 simulated rows; these draws were truncated to the cap before being converted back to the original scale.
Continuous g-computation draw for current_entgelt_value exceeded the extrapolation cap (observed training log-max=11.224, cap=14.224) on 4 of 873 simulated rows; these draws were truncated to the cap before being converted back to the original scale.
Continuous g-computation draw for current_entgelt_value exceeded the extrapolation cap (observed training log-max=11.224, cap=14.224) on 3 of 873 simulated rows; these draws were truncated to the cap before being converted back to the original scale.
Continuous g-computation draw for current_entgelt_value exceeded the extrapolation cap (observed training log-max=11.224, cap=14.224) on 1 of 873 simulated rows; these draws were truncated to the cap before being converted back to the original scale.
Continuous g-computation draw for current_entgelt_value exceeded the extrapolation cap (observed training log-max=11.224, cap=14.224) on 1 of 873 simulated rows; these draws were truncated to the cap before being converted back to the original scale.
Continuous g-computation draw for current_entgelt_value exceeded the extrapolation cap (observed training log-max=11.224, cap=14.224) on 3 of 873 simulated rows; these draws were truncated to the cap before being converted back to the original scale.
Continuous g-computation draw for current_entgelt_value exceeded the extrapolation cap (observed training log-max=11.224, cap=14.224) on 1 of 873 simulated rows; these draws were truncated to the cap before being converted back to the original scale.
Continuous g-computation draw for current_entgelt_value exceeded the extrapolation cap (observed training log-max=11.224, cap=14.224) on 1 of 873 simulated rows; these draws were truncated to the cap before being converted back to the original scale.
Continuous g-computation draw for current_entgelt_value exceeded the extrapolation cap (observed training log-max=11.224, cap=14.224) on 4 of 873 simulated rows; these draws were truncated to the cap before being converted back to the original scale.
Continuous g-computation draw for current_entgelt_value exceeded the extrapolation cap (observed training log-max=11.224, cap=14.224) on 3 of 873 simulated rows; these draws were truncated to the cap before being converted back to the original scale.
Continuous g-computation draw for current_entgelt_value exceeded the extrapolation cap (observed training log-max=11.224, cap=14.224) on 1 of 873 simulated rows; these draws were truncated to the cap before being converted back to the original scale.
Continuous g-computation draw for current_entgelt_value exceeded the extrapolation cap (observed training log-max=11.224, cap=14.224) on 2 of 873 simulated rows; these draws were truncated to the cap before being converted back to the original scale.
Continuous g-computation draw for current_entgelt_value exceeded the extrapolation cap (observed training log-max=11.224, cap=14.224) on 1 of 873 simulated rows; these draws were truncated to the cap before being converted back to the original scale.
Continuous g-computation draw for current_entgelt_value exceeded the extrapolation cap (observed training log-max=11.224, cap=14.224) on 1 of 873 simulated rows; these draws were truncated to the cap before being converted back to the original scale.
Continuous g-computation draw for current_entgelt_value exceeded the extrapolation cap (observed training log-max=11.224, cap=14.224) on 2 of 873 simulated rows; these draws were truncated to the cap before being converted back to the original scale.
Continuous g-computation draw for current_entgelt_value exceeded the extrapolation cap (observed training log-max=11.224, cap=14.224) on 2 of 873 simulated rows; these draws were truncated to the cap before being converted back to the original scale.
Continuous g-computation draw for current_entgelt_value exceeded the extrapolation cap (observed training log-max=11.224, cap=14.224) on 1 of 873 simulated rows; these draws were truncated to the cap before being converted back to the original scale.
Continuous g-computation draw for current_entgelt_value exceeded the extrapolation cap (observed training log-max=11.224, cap=14.224) on 1 of 873 simulated rows; these draws were truncated to the cap before being converted back to the original scale.
Continuous g-computation draw for current_entgelt_value exceeded the extrapolation cap (observed training log-max=11.224, cap=14.224) on 1 of 873 simulated rows; these draws were truncated to the cap before being converted back to the original scale.
Continuous g-computation draw for current_entgelt_value exceeded the extrapolation cap (observed training log-max=11.224, cap=14.224) on 1 of 873 simulated rows; these draws were truncated to the cap before being converted back to the original scale.
Continuous g-computation draw for current_entgelt_value exceeded the extrapolation cap (observed training log-max=11.224, cap=14.224) on 1 of 873 simulated rows; these draws were truncated to the cap before being converted back to the original scale.
Continuous g-computation draw for current_entgelt_value exceeded the extrapolation cap (observed training log-max=11.224, cap=14.224) on 3 of 873 simulated rows; these draws were truncated to the cap before being converted back to the original scale.
Continuous g-computation draw for current_entgelt_value exceeded the extrapolation cap (observed training log-max=11.224, cap=14.224) on 2 of 873 simulated rows; these draws were truncated to the cap before being converted back to the original scale.
Continuous g-computation draw for current_entgelt_value exceeded the extrapolation cap (observed training log-max=11.224, cap=14.224) on 1 of 873 simulated rows; these draws were truncated to the cap before being converted back to the original scale.
Continuous g-computation draw for current_entgelt_value exceeded the extrapolation cap (observed training log-max=11.224, cap=14.224) on 1 of 873 simulated rows; these draws were truncated to the cap before being converted back to the original scale.
Continuous g-computation draw for current_entgelt_value exceeded the extrapolation cap (observed training log-max=11.224, cap=14.224) on 5 of 873 simulated rows; these draws were truncated to the cap before being converted back to the original scale.
Continuous g-computation draw for current_entgelt_value exceeded the extrapolation cap (observed training log-max=11.224, cap=14.224) on 5 of 873 simulated rows; these draws were truncated to the cap before being converted back to the original scale.
Continuous g-computation draw for current_entgelt_value exceeded the extrapolation cap (observed training log-max=11.224, cap=14.224) on 1 of 873 simulated rows; these draws were truncated to the cap before being converted back to the original scale.
Continuous g-computation draw for current_entgelt_value exceeded the extrapolation cap (observed training log-max=11.224, cap=14.224) on 1 of 873 simulated rows; these draws were truncated to the cap before being converted back to the original scale.
Continuous g-computation draw for current_entgelt_value exceeded the extrapolation cap (observed training log-max=11.224, cap=14.224) on 3 of 873 simulated rows; these draws were truncated to the cap before being converted back to the original scale.
Continuous g-computation draw for current_entgelt_value exceeded the extrapolation cap (observed training log-max=11.224, cap=14.224) on 3 of 873 simulated rows; these draws were truncated to the cap before being converted back to the original scale.
Continuous g-computation draw for current_entgelt_value exceeded the extrapolation cap (observed training log-max=11.224, cap=14.224) on 4 of 873 simulated rows; these draws were truncated to the cap before being converted back to the original scale.
Continuous g-computation draw for current_entgelt_value exceeded the extrapolation cap (observed training log-max=11.224, cap=14.224) on 3 of 873 simulated rows; these draws were truncated to the cap before being converted back to the original scale.
Continuous g-computation draw for current_entgelt_value exceeded the extrapolation cap (observed training log-max=11.224, cap=14.224) on 2 of 873 simulated rows; these draws were truncated to the cap before being converted back to the original scale.
Continuous g-computation draw for current_entgelt_value exceeded the extrapolation cap (observed training log-max=11.224, cap=14.224) on 2 of 873 simulated rows; these draws were truncated to the cap before being converted back to the original scale.
Continuous g-computation draw for current_entgelt_value exceeded the extrapolation cap (observed training log-max=11.224, cap=14.224) on 1 of 873 simulated rows; these draws were truncated to the cap before being converted back to the original scale.
Continuous g-computation draw for current_entgelt_value exceeded the extrapolation cap (observed training log-max=11.224, cap=14.224) on 3 of 873 simulated rows; these draws were truncated to the cap before being converted back to the original scale.
Continuous g-computation draw for current_entgelt_value exceeded the extrapolation cap (observed training log-max=11.224, cap=14.224) on 2 of 873 simulated rows; these draws were truncated to the cap before being converted back to the original scale.
Continuous g-computation draw for current_entgelt_value exceeded the extrapolation cap (observed training log-max=11.224, cap=14.224) on 5 of 873 simulated rows; these draws were truncated to the cap before being converted back to the original scale.
Continuous g-computation draw for current_entgelt_value exceeded the extrapolation cap (observed training log-max=11.224, cap=14.224) on 3 of 873 simulated rows; these draws were truncated to the cap before being converted back to the original scale.
Continuous g-computation draw for current_entgelt_value exceeded the extrapolation cap (observed training log-max=11.224, cap=14.224) on 4 of 873 simulated rows; these draws were truncated to the cap before being converted back to the original scale.
Continuous g-computation draw for current_entgelt_value exceeded the extrapolation cap (observed training log-max=11.224, cap=14.224) on 1 of 873 simulated rows; these draws were truncated to the cap before being converted back to the original scale.
Continuous g-computation draw for current_entgelt_value exceeded the extrapolation cap (observed training log-max=11.224, cap=14.224) on 1 of 873 simulated rows; these draws were truncated to the cap before being converted back to the original scale.
Continuous g-computation draw for current_entgelt_value exceeded the extrapolation cap (observed training log-max=11.224, cap=14.224) on 1 of 873 simulated rows; these draws were truncated to the cap before being converted back to the original scale.
Continuous g-computation draw for current_entgelt_value exceeded the extrapolation cap (observed training log-max=11.224, cap=14.224) on 7 of 873 simulated rows; these draws were truncated to the cap before being converted back to the original scale.
Continuous g-computation draw for current_entgelt_value exceeded the extrapolation cap (observed training log-max=11.224, cap=14.224) on 2 of 873 simulated rows; these draws were truncated to the cap before being converted back to the original scale.
Continuous g-computation draw for current_entgelt_value exceeded the extrapolation cap (observed training log-max=11.224, cap=14.224) on 6 of 873 simulated rows; these draws were truncated to the cap before being converted back to the original scale.
Continuous g-computation draw for current_entgelt_value exceeded the extrapolation cap (observed training log-max=11.224, cap=14.224) on 4 of 873 simulated rows; these draws were truncated to the cap before being converted back to the original scale.
Continuous g-computation draw for current_entgelt_value exceeded the extrapolation cap (observed training log-max=11.224, cap=14.224) on 2 of 873 simulated rows; these draws were truncated to the cap before being converted back to the original scale.
Continuous g-computation draw for current_entgelt_value exceeded the extrapolation cap (observed training log-max=11.224, cap=14.224) on 1 of 873 simulated rows; these draws were truncated to the cap before being converted back to the original scale.
Continuous g-computation draw for current_entgelt_value exceeded the extrapolation cap (observed training log-max=11.224, cap=14.224) on 1 of 873 simulated rows; these draws were truncated to the cap before being converted back to the original scale.
Continuous g-computation draw for current_entgelt_value exceeded the extrapolation cap (observed training log-max=11.224, cap=14.224) on 1 of 873 simulated rows; these draws were truncated to the cap before being converted back to the original scale.
Continuous g-computation draw for current_entgelt_value exceeded the extrapolation cap (observed training log-max=11.224, cap=14.224) on 1 of 873 simulated rows; these draws were truncated to the cap before being converted back to the original scale.
Continuous g-computation draw for current_entgelt_value exceeded the extrapolation cap (observed training log-max=11.224, cap=14.224) on 2 of 873 simulated rows; these draws were truncated to the cap before being converted back to the original scale.
Continuous g-computation draw for current_entgelt_value exceeded the extrapolation cap (observed training log-max=11.224, cap=14.224) on 1 of 873 simulated rows; these draws were truncated to the cap before being converted back to the original scale.
Continuous g-computation draw for current_entgelt_value exceeded the extrapolation cap (observed training log-max=11.224, cap=14.224) on 1 of 873 simulated rows; these draws were truncated to the cap before being converted back to the original scale.
Continuous g-computation draw for current_entgelt_value exceeded the extrapolation cap (observed training log-max=11.224, cap=14.224) on 2 of 873 simulated rows; these draws were truncated to the cap before being converted back to the original scale.
Continuous g-computation draw for current_entgelt_value exceeded the extrapolation cap (observed training log-max=11.224, cap=14.224) on 1 of 873 simulated rows; these draws were truncated to the cap before being converted back to the original scale.
Continuous g-computation draw for current_entgelt_value exceeded the extrapolation cap (observed training log-max=11.224, cap=14.224) on 1 of 873 simulated rows; these draws were truncated to the cap before being converted back to the original scale.
Continuous g-computation draw for current_entgelt_value exceeded the extrapolation cap (observed training log-max=11.224, cap=14.224) on 3 of 873 simulated rows; these draws were truncated to the cap before being converted back to the original scale.
Continuous g-computation draw for current_entgelt_value exceeded the extrapolation cap (observed training log-max=11.224, cap=14.224) on 1 of 873 simulated rows; these draws were truncated to the cap before being converted back to the original scale.
Continuous g-computation draw for current_entgelt_value exceeded the extrapolation cap (observed training log-max=11.224, cap=14.224) on 1 of 873 simulated rows; these draws were truncated to the cap before being converted back to the original scale.
Continuous g-computation draw for current_entgelt_value exceeded the extrapolation cap (observed training log-max=11.224, cap=14.224) on 2 of 873 simulated rows; these draws were truncated to the cap before being converted back to the original scale.
Continuous g-computation draw for current_entgelt_value exceeded the extrapolation cap (observed training log-max=11.224, cap=14.224) on 4 of 873 simulated rows; these draws were truncated to the cap before being converted back to the original scale.
Continuous g-computation draw for current_entgelt_value exceeded the extrapolation cap (observed training log-max=11.224, cap=14.224) on 1 of 873 simulated rows; these draws were truncated to the cap before being converted back to the original scale.
Continuous g-computation draw for current_entgelt_value exceeded the extrapolation cap (observed training log-max=11.224, cap=14.224) on 2 of 873 simulated rows; these draws were truncated to the cap before being converted back to the original scale.
Continuous g-computation draw for current_entgelt_value exceeded the extrapolation cap (observed training log-max=11.224, cap=14.224) on 3 of 873 simulated rows; these draws were truncated to the cap before being converted back to the original scale.
Continuous g-computation draw for current_entgelt_value exceeded the extrapolation cap (observed training log-max=11.224, cap=14.224) on 4 of 873 simulated rows; these draws were truncated to the cap before being converted back to the original scale.
Continuous g-computation draw for current_entgelt_value exceeded the extrapolation cap (observed training log-max=11.224, cap=14.224) on 3 of 873 simulated rows; these draws were truncated to the cap before being converted back to the original scale.
Continuous g-computation draw for current_entgelt_value exceeded the extrapolation cap (observed training log-max=11.224, cap=14.224) on 2 of 873 simulated rows; these draws were truncated to the cap before being converted back to the original scale.
Continuous g-computation draw for current_entgelt_value exceeded the extrapolation cap (observed training log-max=11.224, cap=14.224) on 2 of 873 simulated rows; these draws were truncated to the cap before being converted back to the original scale.
Continuous g-computation draw for current_entgelt_value exceeded the extrapolation cap (observed training log-max=11.224, cap=14.224) on 2 of 873 simulated rows; these draws were truncated to the cap before being converted back to the original scale.
Continuous g-computation draw for current_entgelt_value exceeded the extrapolation cap (observed training log-max=11.224, cap=14.224) on 1 of 873 simulated rows; these draws were truncated to the cap before being converted back to the original scale.
Continuous g-computation draw for current_entgelt_value exceeded the extrapolation cap (observed training log-max=11.224, cap=14.224) on 2 of 873 simulated rows; these draws were truncated to the cap before being converted back to the original scale.
Continuous g-computation draw for current_entgelt_value exceeded the extrapolation cap (observed training log-max=11.224, cap=14.224) on 1 of 873 simulated rows; these draws were truncated to the cap before being converted back to the original scale.
Continuous g-computation draw for current_entgelt_value exceeded the extrapolation cap (observed training log-max=11.224, cap=14.224) on 1 of 873 simulated rows; these draws were truncated to the cap before being converted back to the original scale.
Continuous g-computation draw for current_entgelt_value exceeded the extrapolation cap (observed training log-max=11.224, cap=14.224) on 3 of 873 simulated rows; these draws were truncated to the cap before being converted back to the original scale.
Continuous g-computation draw for current_entgelt_value exceeded the extrapolation cap (observed training log-max=11.224, cap=14.224) on 1 of 873 simulated rows; these draws were truncated to the cap before being converted back to the original scale.
Continuous g-computation draw for current_entgelt_value exceeded the extrapolation cap (observed training log-max=11.224, cap=14.224) on 1 of 873 simulated rows; these draws were truncated to the cap before being converted back to the original scale.
Continuous g-computation draw for current_entgelt_value exceeded the extrapolation cap (observed training log-max=11.224, cap=14.224) on 5 of 873 simulated rows; these draws were truncated to the cap before being converted back to the original scale.
Continuous g-computation draw for current_entgelt_value exceeded the extrapolation cap (observed training log-max=11.224, cap=14.224) on 3 of 873 simulated rows; these draws were truncated to the cap before being converted back to the original scale.
Continuous g-computation draw for current_entgelt_value exceeded the extrapolation cap (observed training log-max=11.224, cap=14.224) on 1 of 873 simulated rows; these draws were truncated to the cap before being converted back to the original scale.
Continuous g-computation draw for current_entgelt_value exceeded the extrapolation cap (observed training log-max=11.224, cap=14.224) on 3 of 873 simulated rows; these draws were truncated to the cap before being converted back to the original scale.
Continuous g-computation draw for current_entgelt_value exceeded the extrapolation cap (observed training log-max=11.224, cap=14.224) on 2 of 873 simulated rows; these draws were truncated to the cap before being converted back to the original scale.
Continuous g-computation draw for current_entgelt_value exceeded the extrapolation cap (observed training log-max=11.224, cap=14.224) on 2 of 873 simulated rows; these draws were truncated to the cap before being converted back to the original scale.
Continuous g-computation draw for current_entgelt_value exceeded the extrapolation cap (observed training log-max=11.224, cap=14.224) on 3 of 873 simulated rows; these draws were truncated to the cap before being converted back to the original scale.
Continuous g-computation draw for current_entgelt_value exceeded the extrapolation cap (observed training log-max=11.224, cap=14.224) on 2 of 873 simulated rows; these draws were truncated to the cap before being converted back to the original scale.
Continuous g-computation draw for current_entgelt_value exceeded the extrapolation cap (observed training log-max=11.224, cap=14.224) on 2 of 873 simulated rows; these draws were truncated to the cap before being converted back to the original scale.
Continuous g-computation draw for current_entgelt_value exceeded the extrapolation cap (observed training log-max=11.224, cap=14.224) on 1 of 873 simulated rows; these draws were truncated to the cap before being converted back to the original scale.
Continuous g-computation draw for current_entgelt_value exceeded the extrapolation cap (observed training log-max=11.224, cap=14.224) on 1 of 873 simulated rows; these draws were truncated to the cap before being converted back to the original scale.
Continuous g-computation draw for current_entgelt_value exceeded the extrapolation cap (observed training log-max=11.224, cap=14.224) on 5 of 873 simulated rows; these draws were truncated to the cap before being converted back to the original scale.
Continuous g-computation draw for current_entgelt_value exceeded the extrapolation cap (observed training log-max=11.224, cap=14.224) on 1 of 873 simulated rows; these draws were truncated to the cap before being converted back to the original scale.
Continuous g-computation draw for current_entgelt_value exceeded the extrapolation cap (observed training log-max=11.224, cap=14.224) on 3 of 873 simulated rows; these draws were truncated to the cap before being converted back to the original scale.
Continuous g-computation draw for current_entgelt_value exceeded the extrapolation cap (observed training log-max=11.224, cap=14.224) on 2 of 873 simulated rows; these draws were truncated to the cap before being converted back to the original scale.
Continuous g-computation draw for current_entgelt_value exceeded the extrapolation cap (observed training log-max=11.224, cap=14.224) on 2 of 873 simulated rows; these draws were truncated to the cap before being converted back to the original scale.
Continuous g-computation draw for current_entgelt_value exceeded the extrapolation cap (observed training log-max=11.224, cap=14.224) on 1 of 873 simulated rows; these draws were truncated to the cap before being converted back to the original scale.
Continuous g-computation draw for current_entgelt_value exceeded the extrapolation cap (observed training log-max=11.224, cap=14.224) on 2 of 873 simulated rows; these draws were truncated to the cap before being converted back to the original scale.
Continuous g-computation draw for current_entgelt_value exceeded the extrapolation cap (observed training log-max=11.224, cap=14.224) on 1 of 873 simulated rows; these draws were truncated to the cap before being converted back to the original scale.
Continuous g-computation draw for current_entgelt_value exceeded the extrapolation cap (observed training log-max=11.224, cap=14.224) on 2 of 873 simulated rows; these draws were truncated to the cap before being converted back to the original scale.
Continuous g-computation draw for current_entgelt_value exceeded the extrapolation cap (observed training log-max=11.224, cap=14.224) on 2 of 873 simulated rows; these draws were truncated to the cap before being converted back to the original scale.
Continuous g-computation draw for current_entgelt_value exceeded the extrapolation cap (observed training log-max=11.224, cap=14.224) on 2 of 873 simulated rows; these draws were truncated to the cap before being converted back to the original scale.
Continuous g-computation draw for current_entgelt_value exceeded the extrapolation cap (observed training log-max=11.224, cap=14.224) on 1 of 873 simulated rows; these draws were truncated to the cap before being converted back to the original scale.
Continuous g-computation draw for current_entgelt_value exceeded the extrapolation cap (observed training log-max=11.224, cap=14.224) on 3 of 873 simulated rows; these draws were truncated to the cap before being converted back to the original scale.
Continuous g-computation draw for current_entgelt_value exceeded the extrapolation cap (observed training log-max=11.224, cap=14.224) on 3 of 873 simulated rows; these draws were truncated to the cap before being converted back to the original scale.
Continuous g-computation draw for current_entgelt_value exceeded the extrapolation cap (observed training log-max=11.224, cap=14.224) on 3 of 873 simulated rows; these draws were truncated to the cap before being converted back to the original scale.
Continuous g-computation draw for current_entgelt_value exceeded the extrapolation cap (observed training log-max=11.224, cap=14.224) on 1 of 873 simulated rows; these draws were truncated to the cap before being converted back to the original scale.
Continuous g-computation draw for current_entgelt_value exceeded the extrapolation cap (observed training log-max=11.224, cap=14.224) on 1 of 873 simulated rows; these draws were truncated to the cap before being converted back to the original scale.
Continuous g-computation draw for current_entgelt_value exceeded the extrapolation cap (observed training log-max=11.224, cap=14.224) on 1 of 873 simulated rows; these draws were truncated to the cap before being converted back to the original scale.
Continuous g-computation draw for current_entgelt_value exceeded the extrapolation cap (observed training log-max=11.224, cap=14.224) on 2 of 873 simulated rows; these draws were truncated to the cap before being converted back to the original scale.
Continuous g-computation draw for current_entgelt_value exceeded the extrapolation cap (observed training log-max=11.224, cap=14.224) on 3 of 873 simulated rows; these draws were truncated to the cap before being converted back to the original scale.
Continuous g-computation draw for current_entgelt_value exceeded the extrapolation cap (observed training log-max=11.224, cap=14.224) on 3 of 873 simulated rows; these draws were truncated to the cap before being converted back to the original scale.
Continuous g-computation draw for current_entgelt_value exceeded the extrapolation cap (observed training log-max=11.224, cap=14.224) on 1 of 873 simulated rows; these draws were truncated to the cap before being converted back to the original scale.
Continuous g-computation draw for current_entgelt_value exceeded the extrapolation cap (observed training log-max=11.224, cap=14.224) on 3 of 873 simulated rows; these draws were truncated to the cap before being converted back to the original scale.
Continuous g-computation draw for current_entgelt_value exceeded the extrapolation cap (observed training log-max=11.224, cap=14.224) on 3 of 873 simulated rows; these draws were truncated to the cap before being converted back to the original scale.
Continuous g-computation draw for current_entgelt_value exceeded the extrapolation cap (observed training log-max=11.224, cap=14.224) on 1 of 873 simulated rows; these draws were truncated to the cap before being converted back to the original scale.
Continuous g-computation draw for current_entgelt_value exceeded the extrapolation cap (observed training log-max=11.224, cap=14.224) on 1 of 873 simulated rows; these draws were truncated to the cap before being converted back to the original scale.
Continuous g-computation draw for current_entgelt_value exceeded the extrapolation cap (observed training log-max=11.224, cap=14.224) on 5 of 873 simulated rows; these draws were truncated to the cap before being converted back to the original scale.
Continuous g-computation draw for current_entgelt_value exceeded the extrapolation cap (observed training log-max=11.224, cap=14.224) on 1 of 873 simulated rows; these draws were truncated to the cap before being converted back to the original scale.
Continuous g-computation draw for current_entgelt_value exceeded the extrapolation cap (observed training log-max=11.224, cap=14.224) on 1 of 873 simulated rows; these draws were truncated to the cap before being converted back to the original scale.
Continuous g-computation draw for current_entgelt_value exceeded the extrapolation cap (observed training log-max=11.224, cap=14.224) on 1 of 873 simulated rows; these draws were truncated to the cap before being converted back to the original scale.
Continuous g-computation draw for current_entgelt_value exceeded the extrapolation cap (observed training log-max=11.224, cap=14.224) on 2 of 873 simulated rows; these draws were truncated to the cap before being converted back to the original scale.
Continuous g-computation draw for current_entgelt_value exceeded the extrapolation cap (observed training log-max=11.224, cap=14.224) on 2 of 873 simulated rows; these draws were truncated to the cap before being converted back to the original scale.
Continuous g-computation draw for current_entgelt_value exceeded the extrapolation cap (observed training log-max=11.224, cap=14.224) on 1 of 873 simulated rows; these draws were truncated to the cap before being converted back to the original scale.
Continuous g-computation draw for current_entgelt_value exceeded the extrapolation cap (observed training log-max=11.224, cap=14.224) on 1 of 873 simulated rows; these draws were truncated to the cap before being converted back to the original scale.
2026-09-17 13:29:30,383 [INFO] __main__: Longitudinal mediation bootstrap: 2/20 replications completed (2 successful)
Continuous g-computation draw for current_entgelt_value exceeded the extrapolation cap (observed training log-max=11.224, cap=14.224) on 1 of 878 simulated rows; these draws were truncated to the cap before being converted back to the original scale.
Continuous g-computation draw for current_entgelt_value exceeded the extrapolation cap (observed training log-max=11.224, cap=14.224) on 1 of 878 simulated rows; these draws were truncated to the cap before being converted back to the original scale.
Continuous g-computation draw for current_entgelt_value exceeded the extrapolation cap (observed training log-max=11.224, cap=14.224) on 1 of 878 simulated rows; these draws were truncated to the cap before being converted back to the original scale.
Continuous g-computation draw for current_entgelt_value exceeded the extrapolation cap (observed training log-max=11.224, cap=14.224) on 1 of 878 simulated rows; these draws were truncated to the cap before being converted back to the original scale.
Continuous g-computation draw for current_entgelt_value exceeded the extrapolation cap (observed training log-max=11.224, cap=14.224) on 1 of 878 simulated rows; these draws were truncated to the cap before being converted back to the original scale.
Continuous g-computation draw for current_entgelt_value exceeded the extrapolation cap (observed training log-max=11.224, cap=14.224) on 1 of 878 simulated rows; these draws were truncated to the cap before being converted back to the original scale.
Continuous g-computation draw for current_entgelt_value exceeded the extrapolation cap (observed training log-max=11.224, cap=14.224) on 1 of 878 simulated rows; these draws were truncated to the cap before being converted back to the original scale.
Continuous g-computation draw for current_entgelt_value exceeded the extrapolation cap (observed training log-max=11.224, cap=14.224) on 1 of 878 simulated rows; these draws were truncated to the cap before being converted back to the original scale.
Continuous g-computation draw for current_entgelt_value exceeded the extrapolation cap (observed training log-max=11.224, cap=14.224) on 1 of 878 simulated rows; these draws were truncated to the cap before being converted back to the original scale.
Continuous g-computation draw for current_entgelt_value exceeded the extrapolation cap (observed training log-max=11.224, cap=14.224) on 1 of 878 simulated rows; these draws were truncated to the cap before being converted back to the original scale.
Continuous g-computation draw for current_entgelt_value exceeded the extrapolation cap (observed training log-max=11.224, cap=14.224) on 2 of 878 simulated rows; these draws were truncated to the cap before being converted back to the original scale.
Continuous g-computation draw for current_entgelt_value exceeded the extrapolation cap (observed training log-max=11.224, cap=14.224) on 1 of 878 simulated rows; these draws were truncated to the cap before being converted back to the original scale.
Continuous g-computation draw for current_entgelt_value exceeded the extrapolation cap (observed training log-max=11.224, cap=14.224) on 1 of 878 simulated rows; these draws were truncated to the cap before being converted back to the original scale.
Continuous g-computation draw for current_entgelt_value exceeded the extrapolation cap (observed training log-max=11.224, cap=14.224) on 1 of 878 simulated rows; these draws were truncated to the cap before being converted back to the original scale.
Continuous g-computation draw for current_entgelt_value exceeded the extrapolation cap (observed training log-max=11.224, cap=14.224) on 1 of 878 simulated rows; these draws were truncated to the cap before being converted back to the original scale.
Continuous g-computation draw for current_entgelt_value exceeded the extrapolation cap (observed training log-max=11.224, cap=14.224) on 1 of 878 simulated rows; these draws were truncated to the cap before being converted back to the original scale.
Continuous g-computation draw for current_entgelt_value exceeded the extrapolation cap (observed training log-max=11.224, cap=14.224) on 1 of 878 simulated rows; these draws were truncated to the cap before being converted back to the original scale.
2026-09-17 13:30:01,146 [INFO] __main__: Longitudinal mediation bootstrap: 4/20 replications completed (4 successful)
Continuous g-computation draw for current_entgelt_value exceeded the extrapolation cap (observed training log-max=11.224, cap=14.224) on 1 of 875 simulated rows; these draws were truncated to the cap before being converted back to the original scale.
Continuous g-computation draw for current_entgelt_value exceeded the extrapolation cap (observed training log-max=11.224, cap=14.224) on 1 of 875 simulated rows; these draws were truncated to the cap before being converted back to the original scale.
Continuous g-computation draw for current_entgelt_value exceeded the extrapolation cap (observed training log-max=11.224, cap=14.224) on 1 of 875 simulated rows; these draws were truncated to the cap before being converted back to the original scale.
Continuous g-computation draw for current_entgelt_value exceeded the extrapolation cap (observed training log-max=11.224, cap=14.224) on 1 of 875 simulated rows; these draws were truncated to the cap before being converted back to the original scale.
Continuous g-computation draw for current_entgelt_value exceeded the extrapolation cap (observed training log-max=11.224, cap=14.224) on 3 of 875 simulated rows; these draws were truncated to the cap before being converted back to the original scale.
Continuous g-computation draw for current_entgelt_value exceeded the extrapolation cap (observed training log-max=11.224, cap=14.224) on 1 of 875 simulated rows; these draws were truncated to the cap before being converted back to the original scale.
Continuous g-computation draw for current_entgelt_value exceeded the extrapolation cap (observed training log-max=11.224, cap=14.224) on 1 of 875 simulated rows; these draws were truncated to the cap before being converted back to the original scale.
Continuous g-computation draw for current_entgelt_value exceeded the extrapolation cap (observed training log-max=11.224, cap=14.224) on 1 of 875 simulated rows; these draws were truncated to the cap before being converted back to the original scale.
Continuous g-computation draw for current_entgelt_value exceeded the extrapolation cap (observed training log-max=11.224, cap=14.224) on 1 of 875 simulated rows; these draws were truncated to the cap before being converted back to the original scale.
Continuous g-computation draw for current_entgelt_value exceeded the extrapolation cap (observed training log-max=11.224, cap=14.224) on 1 of 875 simulated rows; these draws were truncated to the cap before being converted back to the original scale.
Continuous g-computation draw for current_entgelt_value exceeded the extrapolation cap (observed training log-max=11.224, cap=14.224) on 1 of 875 simulated rows; these draws were truncated to the cap before being converted back to the original scale.
Continuous g-computation draw for current_entgelt_value exceeded the extrapolation cap (observed training log-max=11.224, cap=14.224) on 1 of 875 simulated rows; these draws were truncated to the cap before being converted back to the original scale.
Continuous g-computation draw for current_entgelt_value exceeded the extrapolation cap (observed training log-max=11.224, cap=14.224) on 1 of 875 simulated rows; these draws were truncated to the cap before being converted back to the original scale.
Continuous g-computation draw for current_entgelt_value exceeded the extrapolation cap (observed training log-max=11.224, cap=14.224) on 1 of 875 simulated rows; these draws were truncated to the cap before being converted back to the original scale.
Continuous g-computation draw for current_entgelt_value exceeded the extrapolation cap (observed training log-max=11.224, cap=14.224) on 2 of 875 simulated rows; these draws were truncated to the cap before being converted back to the original scale.
Continuous g-computation draw for current_entgelt_value exceeded the extrapolation cap (observed training log-max=11.224, cap=14.224) on 1 of 875 simulated rows; these draws were truncated to the cap before being converted back to the original scale.
Continuous g-computation draw for current_entgelt_value exceeded the extrapolation cap (observed training log-max=11.224, cap=14.224) on 1 of 875 simulated rows; these draws were truncated to the cap before being converted back to the original scale.
Continuous g-computation draw for current_entgelt_value exceeded the extrapolation cap (observed training log-max=11.224, cap=14.224) on 1 of 875 simulated rows; these draws were truncated to the cap before being converted back to the original scale.
Continuous g-computation draw for current_entgelt_value exceeded the extrapolation cap (observed training log-max=11.224, cap=14.224) on 2 of 875 simulated rows; these draws were truncated to the cap before being converted back to the original scale.
Continuous g-computation draw for current_entgelt_value exceeded the extrapolation cap (observed training log-max=11.224, cap=14.224) on 1 of 875 simulated rows; these draws were truncated to the cap before being converted back to the original scale.
Continuous g-computation draw for current_entgelt_value exceeded the extrapolation cap (observed training log-max=11.224, cap=14.224) on 1 of 875 simulated rows; these draws were truncated to the cap before being converted back to the original scale.
Continuous g-computation draw for current_entgelt_value exceeded the extrapolation cap (observed training log-max=11.224, cap=14.224) on 1 of 875 simulated rows; these draws were truncated to the cap before being converted back to the original scale.
Continuous g-computation draw for current_entgelt_value exceeded the extrapolation cap (observed training log-max=11.224, cap=14.224) on 1 of 875 simulated rows; these draws were truncated to the cap before being converted back to the original scale.
Continuous g-computation draw for current_entgelt_value exceeded the extrapolation cap (observed training log-max=11.224, cap=14.224) on 1 of 875 simulated rows; these draws were truncated to the cap before being converted back to the original scale.
Continuous g-computation draw for current_entgelt_value exceeded the extrapolation cap (observed training log-max=11.224, cap=14.224) on 1 of 875 simulated rows; these draws were truncated to the cap before being converted back to the original scale.
Continuous g-computation draw for current_entgelt_value exceeded the extrapolation cap (observed training log-max=11.224, cap=14.224) on 1 of 875 simulated rows; these draws were truncated to the cap before being converted back to the original scale.
Continuous g-computation draw for current_entgelt_value exceeded the extrapolation cap (observed training log-max=11.224, cap=14.224) on 1 of 875 simulated rows; these draws were truncated to the cap before being converted back to the original scale.
Continuous g-computation draw for current_entgelt_value exceeded the extrapolation cap (observed training log-max=11.224, cap=14.224) on 1 of 875 simulated rows; these draws were truncated to the cap before being converted back to the original scale.
Continuous g-computation draw for current_entgelt_value exceeded the extrapolation cap (observed training log-max=11.224, cap=14.224) on 2 of 875 simulated rows; these draws were truncated to the cap before being converted back to the original scale.
Continuous g-computation draw for current_entgelt_value exceeded the extrapolation cap (observed training log-max=11.224, cap=14.224) on 1 of 875 simulated rows; these draws were truncated to the cap before being converted back to the original scale.
Continuous g-computation draw for current_entgelt_value exceeded the extrapolation cap (observed training log-max=11.224, cap=14.224) on 1 of 875 simulated rows; these draws were truncated to the cap before being converted back to the original scale.
Continuous g-computation draw for current_entgelt_value exceeded the extrapolation cap (observed training log-max=11.224, cap=14.224) on 1 of 875 simulated rows; these draws were truncated to the cap before being converted back to the original scale.
Continuous g-computation draw for current_entgelt_value exceeded the extrapolation cap (observed training log-max=11.224, cap=14.224) on 1 of 875 simulated rows; these draws were truncated to the cap before being converted back to the original scale.
Continuous g-computation draw for current_entgelt_value exceeded the extrapolation cap (observed training log-max=11.224, cap=14.224) on 2 of 875 simulated rows; these draws were truncated to the cap before being converted back to the original scale.
Continuous g-computation draw for current_entgelt_value exceeded the extrapolation cap (observed training log-max=11.224, cap=14.224) on 1 of 875 simulated rows; these draws were truncated to the cap before being converted back to the original scale.
Continuous g-computation draw for current_entgelt_value exceeded the extrapolation cap (observed training log-max=11.224, cap=14.224) on 1 of 875 simulated rows; these draws were truncated to the cap before being converted back to the original scale.
Continuous g-computation draw for current_entgelt_value exceeded the extrapolation cap (observed training log-max=11.224, cap=14.224) on 1 of 875 simulated rows; these draws were truncated to the cap before being converted back to the original scale.
Continuous g-computation draw for current_entgelt_value exceeded the extrapolation cap (observed training log-max=11.224, cap=14.224) on 1 of 875 simulated rows; these draws were truncated to the cap before being converted back to the original scale.
Continuous g-computation draw for current_entgelt_value exceeded the extrapolation cap (observed training log-max=11.224, cap=14.224) on 1 of 875 simulated rows; these draws were truncated to the cap before being converted back to the original scale.
Continuous g-computation draw for current_entgelt_value exceeded the extrapolation cap (observed training log-max=11.224, cap=14.224) on 2 of 875 simulated rows; these draws were truncated to the cap before being converted back to the original scale.
Continuous g-computation draw for current_entgelt_value exceeded the extrapolation cap (observed training log-max=11.224, cap=14.224) on 2 of 875 simulated rows; these draws were truncated to the cap before being converted back to the original scale.
Continuous g-computation draw for current_entgelt_value exceeded the extrapolation cap (observed training log-max=11.224, cap=14.224) on 1 of 875 simulated rows; these draws were truncated to the cap before being converted back to the original scale.
Continuous g-computation draw for current_entgelt_value exceeded the extrapolation cap (observed training log-max=11.224, cap=14.224) on 1 of 875 simulated rows; these draws were truncated to the cap before being converted back to the original scale.
Continuous g-computation draw for current_entgelt_value exceeded the extrapolation cap (observed training log-max=11.224, cap=14.224) on 1 of 875 simulated rows; these draws were truncated to the cap before being converted back to the original scale.
Continuous g-computation draw for current_entgelt_value exceeded the extrapolation cap (observed training log-max=11.224, cap=14.224) on 1 of 875 simulated rows; these draws were truncated to the cap before being converted back to the original scale.
Continuous g-computation draw for current_entgelt_value exceeded the extrapolation cap (observed training log-max=11.224, cap=14.224) on 3 of 875 simulated rows; these draws were truncated to the cap before being converted back to the original scale.
Continuous g-computation draw for current_entgelt_value exceeded the extrapolation cap (observed training log-max=11.224, cap=14.224) on 1 of 875 simulated rows; these draws were truncated to the cap before being converted back to the original scale.
Continuous g-computation draw for current_entgelt_value exceeded the extrapolation cap (observed training log-max=11.224, cap=14.224) on 1 of 875 simulated rows; these draws were truncated to the cap before being converted back to the original scale.
Continuous g-computation draw for current_entgelt_value exceeded the extrapolation cap (observed training log-max=11.224, cap=14.224) on 1 of 875 simulated rows; these draws were truncated to the cap before being converted back to the original scale.
Continuous g-computation draw for current_entgelt_value exceeded the extrapolation cap (observed training log-max=11.224, cap=14.224) on 1 of 875 simulated rows; these draws were truncated to the cap before being converted back to the original scale.
Continuous g-computation draw for current_entgelt_value exceeded the extrapolation cap (observed training log-max=11.224, cap=14.224) on 1 of 875 simulated rows; these draws were truncated to the cap before being converted back to the original scale.
Continuous g-computation draw for current_entgelt_value exceeded the extrapolation cap (observed training log-max=11.224, cap=14.224) on 3 of 875 simulated rows; these draws were truncated to the cap before being converted back to the original scale.
Continuous g-computation draw for current_entgelt_value exceeded the extrapolation cap (observed training log-max=11.224, cap=14.224) on 1 of 875 simulated rows; these draws were truncated to the cap before being converted back to the original scale.
Continuous g-computation draw for current_entgelt_value exceeded the extrapolation cap (observed training log-max=11.224, cap=14.224) on 1 of 875 simulated rows; these draws were truncated to the cap before being converted back to the original scale.
Continuous g-computation draw for current_entgelt_value exceeded the extrapolation cap (observed training log-max=11.224, cap=14.224) on 1 of 875 simulated rows; these draws were truncated to the cap before being converted back to the original scale.
Continuous g-computation draw for current_entgelt_value exceeded the extrapolation cap (observed training log-max=11.224, cap=14.224) on 1 of 875 simulated rows; these draws were truncated to the cap before being converted back to the original scale.
Continuous g-computation draw for current_entgelt_value exceeded the extrapolation cap (observed training log-max=11.224, cap=14.224) on 1 of 875 simulated rows; these draws were truncated to the cap before being converted back to the original scale.
Continuous g-computation draw for current_entgelt_value exceeded the extrapolation cap (observed training log-max=11.224, cap=14.224) on 1 of 875 simulated rows; these draws were truncated to the cap before being converted back to the original scale.
Continuous g-computation draw for current_entgelt_value exceeded the extrapolation cap (observed training log-max=11.224, cap=14.224) on 2 of 875 simulated rows; these draws were truncated to the cap before being converted back to the original scale.
Continuous g-computation draw for current_entgelt_value exceeded the extrapolation cap (observed training log-max=11.224, cap=14.224) on 1 of 875 simulated rows; these draws were truncated to the cap before being converted back to the original scale.
Continuous g-computation draw for current_entgelt_value exceeded the extrapolation cap (observed training log-max=11.224, cap=14.224) on 1 of 875 simulated rows; these draws were truncated to the cap before being converted back to the original scale.
Continuous g-computation draw for current_entgelt_value exceeded the extrapolation cap (observed training log-max=11.224, cap=14.224) on 2 of 875 simulated rows; these draws were truncated to the cap before being converted back to the original scale.
Continuous g-computation draw for current_entgelt_value exceeded the extrapolation cap (observed training log-max=11.224, cap=14.224) on 1 of 875 simulated rows; these draws were truncated to the cap before being converted back to the original scale.
Continuous g-computation draw for current_entgelt_value exceeded the extrapolation cap (observed training log-max=11.224, cap=14.224) on 2 of 875 simulated rows; these draws were truncated to the cap before being converted back to the original scale.
Continuous g-computation draw for current_entgelt_value exceeded the extrapolation cap (observed training log-max=11.224, cap=14.224) on 1 of 875 simulated rows; these draws were truncated to the cap before being converted back to the original scale.
Continuous g-computation draw for current_entgelt_value exceeded the extrapolation cap (observed training log-max=11.224, cap=14.224) on 1 of 875 simulated rows; these draws were truncated to the cap before being converted back to the original scale.
Continuous g-computation draw for current_entgelt_value exceeded the extrapolation cap (observed training log-max=11.224, cap=14.224) on 2 of 875 simulated rows; these draws were truncated to the cap before being converted back to the original scale.
Continuous g-computation draw for current_entgelt_value exceeded the extrapolation cap (observed training log-max=11.224, cap=14.224) on 2 of 875 simulated rows; these draws were truncated to the cap before being converted back to the original scale.
Continuous g-computation draw for current_entgelt_value exceeded the extrapolation cap (observed training log-max=11.224, cap=14.224) on 1 of 875 simulated rows; these draws were truncated to the cap before being converted back to the original scale.
Continuous g-computation draw for current_entgelt_value exceeded the extrapolation cap (observed training log-max=11.224, cap=14.224) on 1 of 875 simulated rows; these draws were truncated to the cap before being converted back to the original scale.
Continuous g-computation draw for current_entgelt_value exceeded the extrapolation cap (observed training log-max=11.224, cap=14.224) on 1 of 875 simulated rows; these draws were truncated to the cap before being converted back to the original scale.
Continuous g-computation draw for current_entgelt_value exceeded the extrapolation cap (observed training log-max=11.224, cap=14.224) on 1 of 875 simulated rows; these draws were truncated to the cap before being converted back to the original scale.
Continuous g-computation draw for current_entgelt_value exceeded the extrapolation cap (observed training log-max=11.224, cap=14.224) on 1 of 875 simulated rows; these draws were truncated to the cap before being converted back to the original scale.
Continuous g-computation draw for current_entgelt_value exceeded the extrapolation cap (observed training log-max=11.224, cap=14.224) on 1 of 875 simulated rows; these draws were truncated to the cap before being converted back to the original scale.
Continuous g-computation draw for current_entgelt_value exceeded the extrapolation cap (observed training log-max=11.224, cap=14.224) on 1 of 875 simulated rows; these draws were truncated to the cap before being converted back to the original scale.
Continuous g-computation draw for current_entgelt_value exceeded the extrapolation cap (observed training log-max=11.224, cap=14.224) on 1 of 875 simulated rows; these draws were truncated to the cap before being converted back to the original scale.
Continuous g-computation draw for current_entgelt_value exceeded the extrapolation cap (observed training log-max=11.224, cap=14.224) on 1 of 875 simulated rows; these draws were truncated to the cap before being converted back to the original scale.
Continuous g-computation draw for current_entgelt_value exceeded the extrapolation cap (observed training log-max=11.224, cap=14.224) on 1 of 875 simulated rows; these draws were truncated to the cap before being converted back to the original scale.
Continuous g-computation draw for current_entgelt_value exceeded the extrapolation cap (observed training log-max=11.224, cap=14.224) on 1 of 875 simulated rows; these draws were truncated to the cap before being converted back to the original scale.
Continuous g-computation draw for current_entgelt_value exceeded the extrapolation cap (observed training log-max=11.224, cap=14.224) on 1 of 875 simulated rows; these draws were truncated to the cap before being converted back to the original scale.
Continuous g-computation draw for current_entgelt_value exceeded the extrapolation cap (observed training log-max=11.224, cap=14.224) on 1 of 875 simulated rows; these draws were truncated to the cap before being converted back to the original scale.
Continuous g-computation draw for current_entgelt_value exceeded the extrapolation cap (observed training log-max=11.224, cap=14.224) on 1 of 875 simulated rows; these draws were truncated to the cap before being converted back to the original scale.
Continuous g-computation draw for current_entgelt_value exceeded the extrapolation cap (observed training log-max=11.224, cap=14.224) on 2 of 875 simulated rows; these draws were truncated to the cap before being converted back to the original scale.
Continuous g-computation draw for current_entgelt_value exceeded the extrapolation cap (observed training log-max=11.224, cap=14.224) on 1 of 875 simulated rows; these draws were truncated to the cap before being converted back to the original scale.
Continuous g-computation draw for current_entgelt_value exceeded the extrapolation cap (observed training log-max=11.224, cap=14.224) on 1 of 875 simulated rows; these draws were truncated to the cap before being converted back to the original scale.
Continuous g-computation draw for current_entgelt_value exceeded the extrapolation cap (observed training log-max=11.224, cap=14.224) on 1 of 875 simulated rows; these draws were truncated to the cap before being converted back to the original scale.
Continuous g-computation draw for current_entgelt_value exceeded the extrapolation cap (observed training log-max=11.224, cap=14.224) on 1 of 875 simulated rows; these draws were truncated to the cap before being converted back to the original scale.
Continuous g-computation draw for current_entgelt_value exceeded the extrapolation cap (observed training log-max=11.224, cap=14.224) on 1 of 875 simulated rows; these draws were truncated to the cap before being converted back to the original scale.
Continuous g-computation draw for current_entgelt_value exceeded the extrapolation cap (observed training log-max=11.224, cap=14.224) on 1 of 875 simulated rows; these draws were truncated to the cap before being converted back to the original scale.
Continuous g-computation draw for current_entgelt_value exceeded the extrapolation cap (observed training log-max=11.224, cap=14.224) on 1 of 875 simulated rows; these draws were truncated to the cap before being converted back to the original scale.
Continuous g-computation draw for current_entgelt_value exceeded the extrapolation cap (observed training log-max=11.224, cap=14.224) on 1 of 875 simulated rows; these draws were truncated to the cap before being converted back to the original scale.
Continuous g-computation draw for current_entgelt_value exceeded the extrapolation cap (observed training log-max=11.224, cap=14.224) on 1 of 875 simulated rows; these draws were truncated to the cap before being converted back to the original scale.
Continuous g-computation draw for current_entgelt_value exceeded the extrapolation cap (observed training log-max=11.224, cap=14.224) on 1 of 875 simulated rows; these draws were truncated to the cap before being converted back to the original scale.
Continuous g-computation draw for current_entgelt_value exceeded the extrapolation cap (observed training log-max=11.224, cap=14.224) on 1 of 875 simulated rows; these draws were truncated to the cap before being converted back to the original scale.
Continuous g-computation draw for current_entgelt_value exceeded the extrapolation cap (observed training log-max=11.224, cap=14.224) on 2 of 875 simulated rows; these draws were truncated to the cap before being converted back to the original scale.
Continuous g-computation draw for current_entgelt_value exceeded the extrapolation cap (observed training log-max=11.224, cap=14.224) on 1 of 875 simulated rows; these draws were truncated to the cap before being converted back to the original scale.
Continuous g-computation draw for current_entgelt_value exceeded the extrapolation cap (observed training log-max=11.224, cap=14.224) on 2 of 875 simulated rows; these draws were truncated to the cap before being converted back to the original scale.
Continuous g-computation draw for current_entgelt_value exceeded the extrapolation cap (observed training log-max=11.224, cap=14.224) on 1 of 875 simulated rows; these draws were truncated to the cap before being converted back to the original scale.
Continuous g-computation draw for current_entgelt_value exceeded the extrapolation cap (observed training log-max=11.224, cap=14.224) on 1 of 875 simulated rows; these draws were truncated to the cap before being converted back to the original scale.
Continuous g-computation draw for current_entgelt_value exceeded the extrapolation cap (observed training log-max=11.224, cap=14.224) on 1 of 875 simulated rows; these draws were truncated to the cap before being converted back to the original scale.
Continuous g-computation draw for current_entgelt_value exceeded the extrapolation cap (observed training log-max=11.224, cap=14.224) on 2 of 875 simulated rows; these draws were truncated to the cap before being converted back to the original scale.
Continuous g-computation draw for current_entgelt_value exceeded the extrapolation cap (observed training log-max=11.224, cap=14.224) on 1 of 875 simulated rows; these draws were truncated to the cap before being converted back to the original scale.
Continuous g-computation draw for current_entgelt_value exceeded the extrapolation cap (observed training log-max=11.224, cap=14.224) on 3 of 875 simulated rows; these draws were truncated to the cap before being converted back to the original scale.
Continuous g-computation draw for current_entgelt_value exceeded the extrapolation cap (observed training log-max=11.224, cap=14.224) on 2 of 875 simulated rows; these draws were truncated to the cap before being converted back to the original scale.
Continuous g-computation draw for current_entgelt_value exceeded the extrapolation cap (observed training log-max=11.224, cap=14.224) on 1 of 875 simulated rows; these draws were truncated to the cap before being converted back to the original scale.
Continuous g-computation draw for current_entgelt_value exceeded the extrapolation cap (observed training log-max=11.224, cap=14.224) on 1 of 875 simulated rows; these draws were truncated to the cap before being converted back to the original scale.
Continuous g-computation draw for current_entgelt_value exceeded the extrapolation cap (observed training log-max=11.224, cap=14.224) on 2 of 875 simulated rows; these draws were truncated to the cap before being converted back to the original scale.
Continuous g-computation draw for current_entgelt_value exceeded the extrapolation cap (observed training log-max=11.224, cap=14.224) on 1 of 875 simulated rows; these draws were truncated to the cap before being converted back to the original scale.
Continuous g-computation draw for current_entgelt_value exceeded the extrapolation cap (observed training log-max=11.224, cap=14.224) on 1 of 875 simulated rows; these draws were truncated to the cap before being converted back to the original scale.
2026-09-17 13:30:30,048 [INFO] __main__: Longitudinal mediation bootstrap: 6/20 replications completed (6 successful)
Continuous g-computation draw for current_entgelt_value exceeded the extrapolation cap (observed training log-max=11.224, cap=14.224) on 2 of 873 simulated rows; these draws were truncated to the cap before being converted back to the original scale.
Continuous g-computation draw for current_entgelt_value exceeded the extrapolation cap (observed training log-max=11.224, cap=14.224) on 5 of 873 simulated rows; these draws were truncated to the cap before being converted back to the original scale.
Continuous g-computation draw for current_entgelt_value exceeded the extrapolation cap (observed training log-max=11.224, cap=14.224) on 1 of 873 simulated rows; these draws were truncated to the cap before being converted back to the original scale.
Continuous g-computation draw for current_entgelt_value exceeded the extrapolation cap (observed training log-max=11.224, cap=14.224) on 8 of 873 simulated rows; these draws were truncated to the cap before being converted back to the original scale.
Continuous g-computation draw for current_entgelt_value exceeded the extrapolation cap (observed training log-max=11.224, cap=14.224) on 6 of 873 simulated rows; these draws were truncated to the cap before being converted back to the original scale.
Continuous g-computation draw for current_entgelt_value exceeded the extrapolation cap (observed training log-max=11.224, cap=14.224) on 12 of 873 simulated rows; these draws were truncated to the cap before being converted back to the original scale.
Continuous g-computation draw for current_entgelt_value exceeded the extrapolation cap (observed training log-max=11.224, cap=14.224) on 15 of 873 simulated rows; these draws were truncated to the cap before being converted back to the original scale.
Continuous g-computation draw for current_entgelt_value exceeded the extrapolation cap (observed training log-max=11.224, cap=14.224) on 4 of 873 simulated rows; these draws were truncated to the cap before being converted back to the original scale.
Continuous g-computation draw for current_entgelt_value exceeded the extrapolation cap (observed training log-max=11.224, cap=14.224) on 5 of 873 simulated rows; these draws were truncated to the cap before being converted back to the original scale.
Continuous g-computation draw for current_entgelt_value exceeded the extrapolation cap (observed training log-max=11.224, cap=14.224) on 6 of 873 simulated rows; these draws were truncated to the cap before being converted back to the original scale.
Continuous g-computation draw for current_entgelt_value exceeded the extrapolation cap (observed training log-max=11.224, cap=14.224) on 5 of 873 simulated rows; these draws were truncated to the cap before being converted back to the original scale.
Continuous g-computation draw for current_entgelt_value exceeded the extrapolation cap (observed training log-max=11.224, cap=14.224) on 2 of 873 simulated rows; these draws were truncated to the cap before being converted back to the original scale.
Continuous g-computation draw for current_entgelt_value exceeded the extrapolation cap (observed training log-max=11.224, cap=14.224) on 13 of 873 simulated rows; these draws were truncated to the cap before being converted back to the original scale.
Continuous g-computation draw for current_entgelt_value exceeded the extrapolation cap (observed training log-max=11.224, cap=14.224) on 6 of 873 simulated rows; these draws were truncated to the cap before being converted back to the original scale.
Continuous g-computation draw for current_entgelt_value exceeded the extrapolation cap (observed training log-max=11.224, cap=14.224) on 5 of 873 simulated rows; these draws were truncated to the cap before being converted back to the original scale.
Continuous g-computation draw for current_entgelt_value exceeded the extrapolation cap (observed training log-max=11.224, cap=14.224) on 1 of 873 simulated rows; these draws were truncated to the cap before being converted back to the original scale.
Continuous g-computation draw for current_entgelt_value exceeded the extrapolation cap (observed training log-max=11.224, cap=14.224) on 6 of 873 simulated rows; these draws were truncated to the cap before being converted back to the original scale.
Continuous g-computation draw for current_entgelt_value exceeded the extrapolation cap (observed training log-max=11.224, cap=14.224) on 3 of 873 simulated rows; these draws were truncated to the cap before being converted back to the original scale.
Continuous g-computation draw for current_entgelt_value exceeded the extrapolation cap (observed training log-max=11.224, cap=14.224) on 3 of 873 simulated rows; these draws were truncated to the cap before being converted back to the original scale.
Continuous g-computation draw for current_entgelt_value exceeded the extrapolation cap (observed training log-max=11.224, cap=14.224) on 1 of 873 simulated rows; these draws were truncated to the cap before being converted back to the original scale.
Continuous g-computation draw for current_entgelt_value exceeded the extrapolation cap (observed training log-max=11.224, cap=14.224) on 8 of 873 simulated rows; these draws were truncated to the cap before being converted back to the original scale.
Continuous g-computation draw for current_entgelt_value exceeded the extrapolation cap (observed training log-max=11.224, cap=14.224) on 4 of 873 simulated rows; these draws were truncated to the cap before being converted back to the original scale.
Continuous g-computation draw for current_entgelt_value exceeded the extrapolation cap (observed training log-max=11.224, cap=14.224) on 1 of 873 simulated rows; these draws were truncated to the cap before being converted back to the original scale.
Continuous g-computation draw for current_entgelt_value exceeded the extrapolation cap (observed training log-max=11.224, cap=14.224) on 11 of 873 simulated rows; these draws were truncated to the cap before being converted back to the original scale.
Continuous g-computation draw for current_entgelt_value exceeded the extrapolation cap (observed training log-max=11.224, cap=14.224) on 1 of 873 simulated rows; these draws were truncated to the cap before being converted back to the original scale.
Continuous g-computation draw for current_entgelt_value exceeded the extrapolation cap (observed training log-max=11.224, cap=14.224) on 5 of 873 simulated rows; these draws were truncated to the cap before being converted back to the original scale.
Continuous g-computation draw for current_entgelt_value exceeded the extrapolation cap (observed training log-max=11.224, cap=14.224) on 12 of 873 simulated rows; these draws were truncated to the cap before being converted back to the original scale.
Continuous g-computation draw for current_entgelt_value exceeded the extrapolation cap (observed training log-max=11.224, cap=14.224) on 6 of 873 simulated rows; these draws were truncated to the cap before being converted back to the original scale.
Continuous g-computation draw for current_entgelt_value exceeded the extrapolation cap (observed training log-max=11.224, cap=14.224) on 8 of 873 simulated rows; these draws were truncated to the cap before being converted back to the original scale.
Continuous g-computation draw for current_entgelt_value exceeded the extrapolation cap (observed training log-max=11.224, cap=14.224) on 10 of 873 simulated rows; these draws were truncated to the cap before being converted back to the original scale.
Continuous g-computation draw for current_entgelt_value exceeded the extrapolation cap (observed training log-max=11.224, cap=14.224) on 1 of 873 simulated rows; these draws were truncated to the cap before being converted back to the original scale.
Continuous g-computation draw for current_entgelt_value exceeded the extrapolation cap (observed training log-max=11.224, cap=14.224) on 7 of 873 simulated rows; these draws were truncated to the cap before being converted back to the original scale.
Continuous g-computation draw for current_entgelt_value exceeded the extrapolation cap (observed training log-max=11.224, cap=14.224) on 1 of 873 simulated rows; these draws were truncated to the cap before being converted back to the original scale.
Continuous g-computation draw for current_entgelt_value exceeded the extrapolation cap (observed training log-max=11.224, cap=14.224) on 8 of 873 simulated rows; these draws were truncated to the cap before being converted back to the original scale.
Continuous g-computation draw for current_entgelt_value exceeded the extrapolation cap (observed training log-max=11.224, cap=14.224) on 8 of 873 simulated rows; these draws were truncated to the cap before being converted back to the original scale.
Continuous g-computation draw for current_entgelt_value exceeded the extrapolation cap (observed training log-max=11.224, cap=14.224) on 7 of 873 simulated rows; these draws were truncated to the cap before being converted back to the original scale.
Continuous g-computation draw for current_entgelt_value exceeded the extrapolation cap (observed training log-max=11.224, cap=14.224) on 12 of 873 simulated rows; these draws were truncated to the cap before being converted back to the original scale.
Continuous g-computation draw for current_entgelt_value exceeded the extrapolation cap (observed training log-max=11.224, cap=14.224) on 1 of 873 simulated rows; these draws were truncated to the cap before being converted back to the original scale.
Continuous g-computation draw for current_entgelt_value exceeded the extrapolation cap (observed training log-max=11.224, cap=14.224) on 7 of 873 simulated rows; these draws were truncated to the cap before being converted back to the original scale.
Continuous g-computation draw for current_entgelt_value exceeded the extrapolation cap (observed training log-max=11.224, cap=14.224) on 4 of 873 simulated rows; these draws were truncated to the cap before being converted back to the original scale.
Continuous g-computation draw for current_entgelt_value exceeded the extrapolation cap (observed training log-max=11.224, cap=14.224) on 5 of 873 simulated rows; these draws were truncated to the cap before being converted back to the original scale.
Continuous g-computation draw for current_entgelt_value exceeded the extrapolation cap (observed training log-max=11.224, cap=14.224) on 2 of 873 simulated rows; these draws were truncated to the cap before being converted back to the original scale.
Continuous g-computation draw for current_entgelt_value exceeded the extrapolation cap (observed training log-max=11.224, cap=14.224) on 8 of 873 simulated rows; these draws were truncated to the cap before being converted back to the original scale.
Continuous g-computation draw for current_entgelt_value exceeded the extrapolation cap (observed training log-max=11.224, cap=14.224) on 6 of 873 simulated rows; these draws were truncated to the cap before being converted back to the original scale.
Continuous g-computation draw for current_entgelt_value exceeded the extrapolation cap (observed training log-max=11.224, cap=14.224) on 2 of 873 simulated rows; these draws were truncated to the cap before being converted back to the original scale.
Continuous g-computation draw for current_entgelt_value exceeded the extrapolation cap (observed training log-max=11.224, cap=14.224) on 10 of 873 simulated rows; these draws were truncated to the cap before being converted back to the original scale.
Continuous g-computation draw for current_entgelt_value exceeded the extrapolation cap (observed training log-max=11.224, cap=14.224) on 9 of 873 simulated rows; these draws were truncated to the cap before being converted back to the original scale.
Continuous g-computation draw for current_entgelt_value exceeded the extrapolation cap (observed training log-max=11.224, cap=14.224) on 6 of 873 simulated rows; these draws were truncated to the cap before being converted back to the original scale.
Continuous g-computation draw for current_entgelt_value exceeded the extrapolation cap (observed training log-max=11.224, cap=14.224) on 2 of 873 simulated rows; these draws were truncated to the cap before being converted back to the original scale.
Continuous g-computation draw for current_entgelt_value exceeded the extrapolation cap (observed training log-max=11.224, cap=14.224) on 7 of 873 simulated rows; these draws were truncated to the cap before being converted back to the original scale.
Continuous g-computation draw for current_entgelt_value exceeded the extrapolation cap (observed training log-max=11.224, cap=14.224) on 5 of 873 simulated rows; these draws were truncated to the cap before being converted back to the original scale.
Continuous g-computation draw for current_entgelt_value exceeded the extrapolation cap (observed training log-max=11.224, cap=14.224) on 1 of 873 simulated rows; these draws were truncated to the cap before being converted back to the original scale.
Continuous g-computation draw for current_entgelt_value exceeded the extrapolation cap (observed training log-max=11.224, cap=14.224) on 9 of 873 simulated rows; these draws were truncated to the cap before being converted back to the original scale.
Continuous g-computation draw for current_entgelt_value exceeded the extrapolation cap (observed training log-max=11.224, cap=14.224) on 1 of 873 simulated rows; these draws were truncated to the cap before being converted back to the original scale.
Continuous g-computation draw for current_entgelt_value exceeded the extrapolation cap (observed training log-max=11.224, cap=14.224) on 11 of 873 simulated rows; these draws were truncated to the cap before being converted back to the original scale.
Continuous g-computation draw for current_entgelt_value exceeded the extrapolation cap (observed training log-max=11.224, cap=14.224) on 11 of 873 simulated rows; these draws were truncated to the cap before being converted back to the original scale.
Continuous g-computation draw for current_entgelt_value exceeded the extrapolation cap (observed training log-max=11.224, cap=14.224) on 1 of 873 simulated rows; these draws were truncated to the cap before being converted back to the original scale.
Continuous g-computation draw for current_entgelt_value exceeded the extrapolation cap (observed training log-max=11.224, cap=14.224) on 4 of 873 simulated rows; these draws were truncated to the cap before being converted back to the original scale.
Continuous g-computation draw for current_entgelt_value exceeded the extrapolation cap (observed training log-max=11.224, cap=14.224) on 8 of 873 simulated rows; these draws were truncated to the cap before being converted back to the original scale.
Continuous g-computation draw for current_entgelt_value exceeded the extrapolation cap (observed training log-max=11.224, cap=14.224) on 5 of 873 simulated rows; these draws were truncated to the cap before being converted back to the original scale.
Continuous g-computation draw for current_entgelt_value exceeded the extrapolation cap (observed training log-max=11.224, cap=14.224) on 1 of 873 simulated rows; these draws were truncated to the cap before being converted back to the original scale.
Continuous g-computation draw for current_entgelt_value exceeded the extrapolation cap (observed training log-max=11.224, cap=14.224) on 10 of 873 simulated rows; these draws were truncated to the cap before being converted back to the original scale.
Continuous g-computation draw for current_entgelt_value exceeded the extrapolation cap (observed training log-max=11.224, cap=14.224) on 1 of 873 simulated rows; these draws were truncated to the cap before being converted back to the original scale.
Continuous g-computation draw for current_entgelt_value exceeded the extrapolation cap (observed training log-max=11.224, cap=14.224) on 9 of 873 simulated rows; these draws were truncated to the cap before being converted back to the original scale.
Continuous g-computation draw for current_entgelt_value exceeded the extrapolation cap (observed training log-max=11.224, cap=14.224) on 6 of 873 simulated rows; these draws were truncated to the cap before being converted back to the original scale.
Continuous g-computation draw for current_entgelt_value exceeded the extrapolation cap (observed training log-max=11.224, cap=14.224) on 8 of 873 simulated rows; these draws were truncated to the cap before being converted back to the original scale.
Continuous g-computation draw for current_entgelt_value exceeded the extrapolation cap (observed training log-max=11.224, cap=14.224) on 7 of 873 simulated rows; these draws were truncated to the cap before being converted back to the original scale.
Continuous g-computation draw for current_entgelt_value exceeded the extrapolation cap (observed training log-max=11.224, cap=14.224) on 1 of 873 simulated rows; these draws were truncated to the cap before being converted back to the original scale.
Continuous g-computation draw for current_entgelt_value exceeded the extrapolation cap (observed training log-max=11.224, cap=14.224) on 6 of 873 simulated rows; these draws were truncated to the cap before being converted back to the original scale.
Continuous g-computation draw for current_entgelt_value exceeded the extrapolation cap (observed training log-max=11.224, cap=14.224) on 7 of 873 simulated rows; these draws were truncated to the cap before being converted back to the original scale.
Continuous g-computation draw for current_entgelt_value exceeded the extrapolation cap (observed training log-max=11.224, cap=14.224) on 1 of 873 simulated rows; these draws were truncated to the cap before being converted back to the original scale.
Continuous g-computation draw for current_entgelt_value exceeded the extrapolation cap (observed training log-max=11.224, cap=14.224) on 9 of 873 simulated rows; these draws were truncated to the cap before being converted back to the original scale.
Continuous g-computation draw for current_entgelt_value exceeded the extrapolation cap (observed training log-max=11.224, cap=14.224) on 7 of 873 simulated rows; these draws were truncated to the cap before being converted back to the original scale.
Continuous g-computation draw for current_entgelt_value exceeded the extrapolation cap (observed training log-max=11.224, cap=14.224) on 3 of 873 simulated rows; these draws were truncated to the cap before being converted back to the original scale.
Continuous g-computation draw for current_entgelt_value exceeded the extrapolation cap (observed training log-max=11.224, cap=14.224) on 1 of 873 simulated rows; these draws were truncated to the cap before being converted back to the original scale.
Continuous g-computation draw for current_entgelt_value exceeded the extrapolation cap (observed training log-max=11.224, cap=14.224) on 6 of 873 simulated rows; these draws were truncated to the cap before being converted back to the original scale.
Continuous g-computation draw for current_entgelt_value exceeded the extrapolation cap (observed training log-max=11.224, cap=14.224) on 1 of 873 simulated rows; these draws were truncated to the cap before being converted back to the original scale.
Continuous g-computation draw for current_entgelt_value exceeded the extrapolation cap (observed training log-max=11.224, cap=14.224) on 8 of 873 simulated rows; these draws were truncated to the cap before being converted back to the original scale.
Continuous g-computation draw for current_entgelt_value exceeded the extrapolation cap (observed training log-max=11.224, cap=14.224) on 4 of 873 simulated rows; these draws were truncated to the cap before being converted back to the original scale.
Continuous g-computation draw for current_entgelt_value exceeded the extrapolation cap (observed training log-max=11.224, cap=14.224) on 1 of 873 simulated rows; these draws were truncated to the cap before being converted back to the original scale.
Continuous g-computation draw for current_entgelt_value exceeded the extrapolation cap (observed training log-max=11.224, cap=14.224) on 6 of 873 simulated rows; these draws were truncated to the cap before being converted back to the original scale.
Continuous g-computation draw for current_entgelt_value exceeded the extrapolation cap (observed training log-max=11.224, cap=14.224) on 2 of 873 simulated rows; these draws were truncated to the cap before being converted back to the original scale.
Continuous g-computation draw for current_entgelt_value exceeded the extrapolation cap (observed training log-max=11.224, cap=14.224) on 12 of 873 simulated rows; these draws were truncated to the cap before being converted back to the original scale.
Continuous g-computation draw for current_entgelt_value exceeded the extrapolation cap (observed training log-max=11.224, cap=14.224) on 1 of 873 simulated rows; these draws were truncated to the cap before being converted back to the original scale.
Continuous g-computation draw for current_entgelt_value exceeded the extrapolation cap (observed training log-max=11.224, cap=14.224) on 8 of 873 simulated rows; these draws were truncated to the cap before being converted back to the original scale.
Continuous g-computation draw for current_entgelt_value exceeded the extrapolation cap (observed training log-max=11.224, cap=14.224) on 6 of 873 simulated rows; these draws were truncated to the cap before being converted back to the original scale.
Continuous g-computation draw for current_entgelt_value exceeded the extrapolation cap (observed training log-max=11.224, cap=14.224) on 6 of 873 simulated rows; these draws were truncated to the cap before being converted back to the original scale.
Continuous g-computation draw for current_entgelt_value exceeded the extrapolation cap (observed training log-max=11.224, cap=14.224) on 2 of 873 simulated rows; these draws were truncated to the cap before being converted back to the original scale.
Continuous g-computation draw for current_entgelt_value exceeded the extrapolation cap (observed training log-max=11.224, cap=14.224) on 2 of 873 simulated rows; these draws were truncated to the cap before being converted back to the original scale.
Continuous g-computation draw for current_entgelt_value exceeded the extrapolation cap (observed training log-max=11.224, cap=14.224) on 11 of 873 simulated rows; these draws were truncated to the cap before being converted back to the original scale.
Continuous g-computation draw for current_entgelt_value exceeded the extrapolation cap (observed training log-max=11.224, cap=14.224) on 1 of 873 simulated rows; these draws were truncated to the cap before being converted back to the original scale.
Continuous g-computation draw for current_entgelt_value exceeded the extrapolation cap (observed training log-max=11.224, cap=14.224) on 10 of 873 simulated rows; these draws were truncated to the cap before being converted back to the original scale.
Continuous g-computation draw for current_entgelt_value exceeded the extrapolation cap (observed training log-max=11.224, cap=14.224) on 1 of 873 simulated rows; these draws were truncated to the cap before being converted back to the original scale.
Continuous g-computation draw for current_entgelt_value exceeded the extrapolation cap (observed training log-max=11.224, cap=14.224) on 11 of 873 simulated rows; these draws were truncated to the cap before being converted back to the original scale.
Continuous g-computation draw for current_entgelt_value exceeded the extrapolation cap (observed training log-max=11.224, cap=14.224) on 6 of 873 simulated rows; these draws were truncated to the cap before being converted back to the original scale.
Continuous g-computation draw for current_entgelt_value exceeded the extrapolation cap (observed training log-max=11.224, cap=14.224) on 1 of 873 simulated rows; these draws were truncated to the cap before being converted back to the original scale.
Continuous g-computation draw for current_entgelt_value exceeded the extrapolation cap (observed training log-max=11.224, cap=14.224) on 5 of 873 simulated rows; these draws were truncated to the cap before being converted back to the original scale.
Continuous g-computation draw for current_entgelt_value exceeded the extrapolation cap (observed training log-max=11.224, cap=14.224) on 1 of 873 simulated rows; these draws were truncated to the cap before being converted back to the original scale.
Continuous g-computation draw for current_entgelt_value exceeded the extrapolation cap (observed training log-max=11.224, cap=14.224) on 7 of 873 simulated rows; these draws were truncated to the cap before being converted back to the original scale.
Continuous g-computation draw for current_entgelt_value exceeded the extrapolation cap (observed training log-max=11.224, cap=14.224) on 6 of 873 simulated rows; these draws were truncated to the cap before being converted back to the original scale.
Continuous g-computation draw for current_entgelt_value exceeded the extrapolation cap (observed training log-max=11.224, cap=14.224) on 7 of 873 simulated rows; these draws were truncated to the cap before being converted back to the original scale.
Continuous g-computation draw for current_entgelt_value exceeded the extrapolation cap (observed training log-max=11.224, cap=14.224) on 1 of 873 simulated rows; these draws were truncated to the cap before being converted back to the original scale.
Continuous g-computation draw for current_entgelt_value exceeded the extrapolation cap (observed training log-max=11.224, cap=14.224) on 5 of 873 simulated rows; these draws were truncated to the cap before being converted back to the original scale.
Continuous g-computation draw for current_entgelt_value exceeded the extrapolation cap (observed training log-max=11.224, cap=14.224) on 3 of 873 simulated rows; these draws were truncated to the cap before being converted back to the original scale.
Continuous g-computation draw for current_entgelt_value exceeded the extrapolation cap (observed training log-max=11.224, cap=14.224) on 1 of 873 simulated rows; these draws were truncated to the cap before being converted back to the original scale.
Continuous g-computation draw for current_entgelt_value exceeded the extrapolation cap (observed training log-max=11.224, cap=14.224) on 7 of 873 simulated rows; these draws were truncated to the cap before being converted back to the original scale.
Continuous g-computation draw for current_entgelt_value exceeded the extrapolation cap (observed training log-max=11.224, cap=14.224) on 1 of 873 simulated rows; these draws were truncated to the cap before being converted back to the original scale.
Continuous g-computation draw for current_entgelt_value exceeded the extrapolation cap (observed training log-max=11.224, cap=14.224) on 5 of 873 simulated rows; these draws were truncated to the cap before being converted back to the original scale.
Continuous g-computation draw for current_entgelt_value exceeded the extrapolation cap (observed training log-max=11.224, cap=14.224) on 2 of 873 simulated rows; these draws were truncated to the cap before being converted back to the original scale.
Continuous g-computation draw for current_entgelt_value exceeded the extrapolation cap (observed training log-max=11.224, cap=14.224) on 8 of 873 simulated rows; these draws were truncated to the cap before being converted back to the original scale.
Continuous g-computation draw for current_entgelt_value exceeded the extrapolation cap (observed training log-max=11.224, cap=14.224) on 1 of 873 simulated rows; these draws were truncated to the cap before being converted back to the original scale.
Continuous g-computation draw for current_entgelt_value exceeded the extrapolation cap (observed training log-max=11.224, cap=14.224) on 8 of 873 simulated rows; these draws were truncated to the cap before being converted back to the original scale.
Continuous g-computation draw for current_entgelt_value exceeded the extrapolation cap (observed training log-max=11.224, cap=14.224) on 1 of 873 simulated rows; these draws were truncated to the cap before being converted back to the original scale.
Continuous g-computation draw for current_entgelt_value exceeded the extrapolation cap (observed training log-max=11.224, cap=14.224) on 7 of 873 simulated rows; these draws were truncated to the cap before being converted back to the original scale.
Continuous g-computation draw for current_entgelt_value exceeded the extrapolation cap (observed training log-max=11.224, cap=14.224) on 6 of 873 simulated rows; these draws were truncated to the cap before being converted back to the original scale.
Continuous g-computation draw for current_entgelt_value exceeded the extrapolation cap (observed training log-max=11.224, cap=14.224) on 1 of 873 simulated rows; these draws were truncated to the cap before being converted back to the original scale.
Continuous g-computation draw for current_entgelt_value exceeded the extrapolation cap (observed training log-max=11.224, cap=14.224) on 10 of 873 simulated rows; these draws were truncated to the cap before being converted back to the original scale.
Continuous g-computation draw for current_entgelt_value exceeded the extrapolation cap (observed training log-max=11.224, cap=14.224) on 1 of 873 simulated rows; these draws were truncated to the cap before being converted back to the original scale.
Continuous g-computation draw for current_entgelt_value exceeded the extrapolation cap (observed training log-max=11.224, cap=14.224) on 10 of 873 simulated rows; these draws were truncated to the cap before being converted back to the original scale.
Continuous g-computation draw for current_entgelt_value exceeded the extrapolation cap (observed training log-max=11.224, cap=14.224) on 3 of 873 simulated rows; these draws were truncated to the cap before being converted back to the original scale.
Continuous g-computation draw for current_entgelt_value exceeded the extrapolation cap (observed training log-max=11.224, cap=14.224) on 7 of 873 simulated rows; these draws were truncated to the cap before being converted back to the original scale.
Continuous g-computation draw for current_entgelt_value exceeded the extrapolation cap (observed training log-max=11.224, cap=14.224) on 7 of 873 simulated rows; these draws were truncated to the cap before being converted back to the original scale.
Continuous g-computation draw for current_entgelt_value exceeded the extrapolation cap (observed training log-max=11.224, cap=14.224) on 7 of 873 simulated rows; these draws were truncated to the cap before being converted back to the original scale.
Continuous g-computation draw for current_entgelt_value exceeded the extrapolation cap (observed training log-max=11.224, cap=14.224) on 4 of 873 simulated rows; these draws were truncated to the cap before being converted back to the original scale.
Continuous g-computation draw for current_entgelt_value exceeded the extrapolation cap (observed training log-max=11.224, cap=14.224) on 1 of 873 simulated rows; these draws were truncated to the cap before being converted back to the original scale.
Continuous g-computation draw for current_entgelt_value exceeded the extrapolation cap (observed training log-max=11.224, cap=14.224) on 15 of 873 simulated rows; these draws were truncated to the cap before being converted back to the original scale.
Continuous g-computation draw for current_entgelt_value exceeded the extrapolation cap (observed training log-max=11.224, cap=14.224) on 1 of 873 simulated rows; these draws were truncated to the cap before being converted back to the original scale.
Continuous g-computation draw for current_entgelt_value exceeded the extrapolation cap (observed training log-max=11.224, cap=14.224) on 11 of 873 simulated rows; these draws were truncated to the cap before being converted back to the original scale.
Continuous g-computation draw for current_entgelt_value exceeded the extrapolation cap (observed training log-max=11.224, cap=14.224) on 1 of 873 simulated rows; these draws were truncated to the cap before being converted back to the original scale.
Continuous g-computation draw for current_entgelt_value exceeded the extrapolation cap (observed training log-max=11.224, cap=14.224) on 12 of 873 simulated rows; these draws were truncated to the cap before being converted back to the original scale.
Continuous g-computation draw for current_entgelt_value exceeded the extrapolation cap (observed training log-max=11.224, cap=14.224) on 1 of 873 simulated rows; these draws were truncated to the cap before being converted back to the original scale.
Continuous g-computation draw for current_entgelt_value exceeded the extrapolation cap (observed training log-max=11.224, cap=14.224) on 9 of 873 simulated rows; these draws were truncated to the cap before being converted back to the original scale.
Continuous g-computation draw for current_entgelt_value exceeded the extrapolation cap (observed training log-max=11.224, cap=14.224) on 7 of 873 simulated rows; these draws were truncated to the cap before being converted back to the original scale.
Continuous g-computation draw for current_entgelt_value exceeded the extrapolation cap (observed training log-max=11.224, cap=14.224) on 1 of 873 simulated rows; these draws were truncated to the cap before being converted back to the original scale.
Continuous g-computation draw for current_entgelt_value exceeded the extrapolation cap (observed training log-max=11.224, cap=14.224) on 4 of 873 simulated rows; these draws were truncated to the cap before being converted back to the original scale.
Continuous g-computation draw for current_entgelt_value exceeded the extrapolation cap (observed training log-max=11.224, cap=14.224) on 1 of 873 simulated rows; these draws were truncated to the cap before being converted back to the original scale.
Continuous g-computation draw for current_entgelt_value exceeded the extrapolation cap (observed training log-max=11.224, cap=14.224) on 6 of 873 simulated rows; these draws were truncated to the cap before being converted back to the original scale.
Continuous g-computation draw for current_entgelt_value exceeded the extrapolation cap (observed training log-max=11.224, cap=14.224) on 1 of 873 simulated rows; these draws were truncated to the cap before being converted back to the original scale.
Continuous g-computation draw for current_entgelt_value exceeded the extrapolation cap (observed training log-max=11.224, cap=14.224) on 14 of 873 simulated rows; these draws were truncated to the cap before being converted back to the original scale.
Continuous g-computation draw for current_entgelt_value exceeded the extrapolation cap (observed training log-max=11.224, cap=14.224) on 8 of 873 simulated rows; these draws were truncated to the cap before being converted back to the original scale.
Continuous g-computation draw for current_entgelt_value exceeded the extrapolation cap (observed training log-max=11.224, cap=14.224) on 1 of 873 simulated rows; these draws were truncated to the cap before being converted back to the original scale.
Continuous g-computation draw for current_entgelt_value exceeded the extrapolation cap (observed training log-max=11.224, cap=14.224) on 5 of 873 simulated rows; these draws were truncated to the cap before being converted back to the original scale.
Continuous g-computation draw for current_entgelt_value exceeded the extrapolation cap (observed training log-max=11.224, cap=14.224) on 6 of 873 simulated rows; these draws were truncated to the cap before being converted back to the original scale.
Continuous g-computation draw for current_entgelt_value exceeded the extrapolation cap (observed training log-max=11.224, cap=14.224) on 7 of 873 simulated rows; these draws were truncated to the cap before being converted back to the original scale.
Continuous g-computation draw for current_entgelt_value exceeded the extrapolation cap (observed training log-max=11.224, cap=14.224) on 1 of 873 simulated rows; these draws were truncated to the cap before being converted back to the original scale.
Continuous g-computation draw for current_entgelt_value exceeded the extrapolation cap (observed training log-max=11.224, cap=14.224) on 5 of 873 simulated rows; these draws were truncated to the cap before being converted back to the original scale.
Continuous g-computation draw for current_entgelt_value exceeded the extrapolation cap (observed training log-max=11.224, cap=14.224) on 8 of 873 simulated rows; these draws were truncated to the cap before being converted back to the original scale.
Continuous g-computation draw for current_entgelt_value exceeded the extrapolation cap (observed training log-max=11.224, cap=14.224) on 10 of 873 simulated rows; these draws were truncated to the cap before being converted back to the original scale.
Continuous g-computation draw for current_entgelt_value exceeded the extrapolation cap (observed training log-max=11.224, cap=14.224) on 4 of 873 simulated rows; these draws were truncated to the cap before being converted back to the original scale.
Continuous g-computation draw for current_entgelt_value exceeded the extrapolation cap (observed training log-max=11.224, cap=14.224) on 2 of 873 simulated rows; these draws were truncated to the cap before being converted back to the original scale.
Continuous g-computation draw for current_entgelt_value exceeded the extrapolation cap (observed training log-max=11.224, cap=14.224) on 8 of 873 simulated rows; these draws were truncated to the cap before being converted back to the original scale.
Continuous g-computation draw for current_entgelt_value exceeded the extrapolation cap (observed training log-max=11.224, cap=14.224) on 4 of 873 simulated rows; these draws were truncated to the cap before being converted back to the original scale.
Continuous g-computation draw for current_entgelt_value exceeded the extrapolation cap (observed training log-max=11.224, cap=14.224) on 9 of 873 simulated rows; these draws were truncated to the cap before being converted back to the original scale.
Continuous g-computation draw for current_entgelt_value exceeded the extrapolation cap (observed training log-max=11.224, cap=14.224) on 2 of 873 simulated rows; these draws were truncated to the cap before being converted back to the original scale.
Continuous g-computation draw for current_entgelt_value exceeded the extrapolation cap (observed training log-max=11.224, cap=14.224) on 9 of 873 simulated rows; these draws were truncated to the cap before being converted back to the original scale.
Continuous g-computation draw for current_entgelt_value exceeded the extrapolation cap (observed training log-max=11.224, cap=14.224) on 1 of 873 simulated rows; these draws were truncated to the cap before being converted back to the original scale.
Continuous g-computation draw for current_entgelt_value exceeded the extrapolation cap (observed training log-max=11.224, cap=14.224) on 8 of 873 simulated rows; these draws were truncated to the cap before being converted back to the original scale.
Continuous g-computation draw for current_entgelt_value exceeded the extrapolation cap (observed training log-max=11.224, cap=14.224) on 7 of 873 simulated rows; these draws were truncated to the cap before being converted back to the original scale.
Continuous g-computation draw for current_entgelt_value exceeded the extrapolation cap (observed training log-max=11.224, cap=14.224) on 1 of 873 simulated rows; these draws were truncated to the cap before being converted back to the original scale.
Continuous g-computation draw for current_entgelt_value exceeded the extrapolation cap (observed training log-max=11.224, cap=14.224) on 3 of 873 simulated rows; these draws were truncated to the cap before being converted back to the original scale.
Continuous g-computation draw for current_entgelt_value exceeded the extrapolation cap (observed training log-max=11.224, cap=14.224) on 1 of 873 simulated rows; these draws were truncated to the cap before being converted back to the original scale.
Continuous g-computation draw for current_entgelt_value exceeded the extrapolation cap (observed training log-max=11.224, cap=14.224) on 4 of 873 simulated rows; these draws were truncated to the cap before being converted back to the original scale.
Continuous g-computation draw for current_entgelt_value exceeded the extrapolation cap (observed training log-max=11.224, cap=14.224) on 1 of 873 simulated rows; these draws were truncated to the cap before being converted back to the original scale.
Continuous g-computation draw for current_entgelt_value exceeded the extrapolation cap (observed training log-max=11.224, cap=14.224) on 9 of 873 simulated rows; these draws were truncated to the cap before being converted back to the original scale.
Continuous g-computation draw for current_entgelt_value exceeded the extrapolation cap (observed training log-max=11.224, cap=14.224) on 6 of 873 simulated rows; these draws were truncated to the cap before being converted back to the original scale.
Continuous g-computation draw for current_entgelt_value exceeded the extrapolation cap (observed training log-max=11.224, cap=14.224) on 10 of 873 simulated rows; these draws were truncated to the cap before being converted back to the original scale.
Continuous g-computation draw for current_entgelt_value exceeded the extrapolation cap (observed training log-max=11.224, cap=14.224) on 3 of 873 simulated rows; these draws were truncated to the cap before being converted back to the original scale.
Continuous g-computation draw for current_entgelt_value exceeded the extrapolation cap (observed training log-max=11.224, cap=14.224) on 13 of 873 simulated rows; these draws were truncated to the cap before being converted back to the original scale.
Continuous g-computation draw for current_entgelt_value exceeded the extrapolation cap (observed training log-max=11.224, cap=14.224) on 1 of 873 simulated rows; these draws were truncated to the cap before being converted back to the original scale.
Continuous g-computation draw for current_entgelt_value exceeded the extrapolation cap (observed training log-max=11.224, cap=14.224) on 5 of 873 simulated rows; these draws were truncated to the cap before being converted back to the original scale.
Continuous g-computation draw for current_entgelt_value exceeded the extrapolation cap (observed training log-max=11.224, cap=14.224) on 1 of 873 simulated rows; these draws were truncated to the cap before being converted back to the original scale.
Continuous g-computation draw for current_entgelt_value exceeded the extrapolation cap (observed training log-max=11.224, cap=14.224) on 9 of 873 simulated rows; these draws were truncated to the cap before being converted back to the original scale.
Continuous g-computation draw for current_entgelt_value exceeded the extrapolation cap (observed training log-max=11.224, cap=14.224) on 6 of 873 simulated rows; these draws were truncated to the cap before being converted back to the original scale.
Continuous g-computation draw for current_entgelt_value exceeded the extrapolation cap (observed training log-max=11.224, cap=14.224) on 1 of 873 simulated rows; these draws were truncated to the cap before being converted back to the original scale.
Continuous g-computation draw for current_entgelt_value exceeded the extrapolation cap (observed training log-max=11.224, cap=14.224) on 8 of 873 simulated rows; these draws were truncated to the cap before being converted back to the original scale.
Continuous g-computation draw for current_entgelt_value exceeded the extrapolation cap (observed training log-max=11.224, cap=14.224) on 8 of 873 simulated rows; these draws were truncated to the cap before being converted back to the original scale.
Continuous g-computation draw for current_entgelt_value exceeded the extrapolation cap (observed training log-max=11.224, cap=14.224) on 4 of 873 simulated rows; these draws were truncated to the cap before being converted back to the original scale.
Continuous g-computation draw for current_entgelt_value exceeded the extrapolation cap (observed training log-max=11.224, cap=14.224) on 8 of 873 simulated rows; these draws were truncated to the cap before being converted back to the original scale.
Continuous g-computation draw for current_entgelt_value exceeded the extrapolation cap (observed training log-max=11.224, cap=14.224) on 1 of 873 simulated rows; these draws were truncated to the cap before being converted back to the original scale.
Continuous g-computation draw for current_entgelt_value exceeded the extrapolation cap (observed training log-max=11.224, cap=14.224) on 14 of 873 simulated rows; these draws were truncated to the cap before being converted back to the original scale.
Continuous g-computation draw for current_entgelt_value exceeded the extrapolation cap (observed training log-max=11.224, cap=14.224) on 7 of 873 simulated rows; these draws were truncated to the cap before being converted back to the original scale.
Continuous g-computation draw for current_entgelt_value exceeded the extrapolation cap (observed training log-max=11.224, cap=14.224) on 1 of 873 simulated rows; these draws were truncated to the cap before being converted back to the original scale.
Continuous g-computation draw for current_entgelt_value exceeded the extrapolation cap (observed training log-max=11.224, cap=14.224) on 9 of 873 simulated rows; these draws were truncated to the cap before being converted back to the original scale.
Continuous g-computation draw for current_entgelt_value exceeded the extrapolation cap (observed training log-max=11.224, cap=14.224) on 2 of 873 simulated rows; these draws were truncated to the cap before being converted back to the original scale.
Continuous g-computation draw for current_entgelt_value exceeded the extrapolation cap (observed training log-max=11.224, cap=14.224) on 8 of 873 simulated rows; these draws were truncated to the cap before being converted back to the original scale.
Continuous g-computation draw for current_entgelt_value exceeded the extrapolation cap (observed training log-max=11.224, cap=14.224) on 5 of 873 simulated rows; these draws were truncated to the cap before being converted back to the original scale.
Continuous g-computation draw for current_entgelt_value exceeded the extrapolation cap (observed training log-max=11.224, cap=14.224) on 5 of 873 simulated rows; these draws were truncated to the cap before being converted back to the original scale.
Continuous g-computation draw for current_entgelt_value exceeded the extrapolation cap (observed training log-max=11.224, cap=14.224) on 8 of 873 simulated rows; these draws were truncated to the cap before being converted back to the original scale.
Continuous g-computation draw for current_entgelt_value exceeded the extrapolation cap (observed training log-max=11.224, cap=14.224) on 1 of 873 simulated rows; these draws were truncated to the cap before being converted back to the original scale.
Continuous g-computation draw for current_entgelt_value exceeded the extrapolation cap (observed training log-max=11.224, cap=14.224) on 7 of 873 simulated rows; these draws were truncated to the cap before being converted back to the original scale.
Continuous g-computation draw for current_entgelt_value exceeded the extrapolation cap (observed training log-max=11.224, cap=14.224) on 1 of 873 simulated rows; these draws were truncated to the cap before being converted back to the original scale.
Continuous g-computation draw for current_entgelt_value exceeded the extrapolation cap (observed training log-max=11.224, cap=14.224) on 15 of 873 simulated rows; these draws were truncated to the cap before being converted back to the original scale.
Continuous g-computation draw for current_entgelt_value exceeded the extrapolation cap (observed training log-max=11.224, cap=14.224) on 1 of 873 simulated rows; these draws were truncated to the cap before being converted back to the original scale.
Continuous g-computation draw for current_entgelt_value exceeded the extrapolation cap (observed training log-max=11.224, cap=14.224) on 10 of 873 simulated rows; these draws were truncated to the cap before being converted back to the original scale.
Continuous g-computation draw for current_entgelt_value exceeded the extrapolation cap (observed training log-max=11.224, cap=14.224) on 8 of 873 simulated rows; these draws were truncated to the cap before being converted back to the original scale.
Continuous g-computation draw for current_entgelt_value exceeded the extrapolation cap (observed training log-max=11.224, cap=14.224) on 6 of 873 simulated rows; these draws were truncated to the cap before being converted back to the original scale.
Continuous g-computation draw for current_entgelt_value exceeded the extrapolation cap (observed training log-max=11.224, cap=14.224) on 1 of 873 simulated rows; these draws were truncated to the cap before being converted back to the original scale.
Continuous g-computation draw for current_entgelt_value exceeded the extrapolation cap (observed training log-max=11.224, cap=14.224) on 5 of 873 simulated rows; these draws were truncated to the cap before being converted back to the original scale.
Continuous g-computation draw for current_entgelt_value exceeded the extrapolation cap (observed training log-max=11.224, cap=14.224) on 5 of 873 simulated rows; these draws were truncated to the cap before being converted back to the original scale.
Continuous g-computation draw for current_entgelt_value exceeded the extrapolation cap (observed training log-max=11.224, cap=14.224) on 6 of 873 simulated rows; these draws were truncated to the cap before being converted back to the original scale.
Continuous g-computation draw for current_entgelt_value exceeded the extrapolation cap (observed training log-max=11.224, cap=14.224) on 1 of 873 simulated rows; these draws were truncated to the cap before being converted back to the original scale.
Continuous g-computation draw for current_entgelt_value exceeded the extrapolation cap (observed training log-max=11.224, cap=14.224) on 9 of 873 simulated rows; these draws were truncated to the cap before being converted back to the original scale.
Continuous g-computation draw for current_entgelt_value exceeded the extrapolation cap (observed training log-max=11.224, cap=14.224) on 6 of 873 simulated rows; these draws were truncated to the cap before being converted back to the original scale.
Continuous g-computation draw for current_entgelt_value exceeded the extrapolation cap (observed training log-max=11.224, cap=14.224) on 4 of 873 simulated rows; these draws were truncated to the cap before being converted back to the original scale.
Continuous g-computation draw for current_entgelt_value exceeded the extrapolation cap (observed training log-max=11.224, cap=14.224) on 1 of 873 simulated rows; these draws were truncated to the cap before being converted back to the original scale.
Continuous g-computation draw for current_entgelt_value exceeded the extrapolation cap (observed training log-max=11.224, cap=14.224) on 6 of 873 simulated rows; these draws were truncated to the cap before being converted back to the original scale.
Continuous g-computation draw for current_entgelt_value exceeded the extrapolation cap (observed training log-max=11.224, cap=14.224) on 1 of 873 simulated rows; these draws were truncated to the cap before being converted back to the original scale.
Continuous g-computation draw for current_entgelt_value exceeded the extrapolation cap (observed training log-max=11.224, cap=14.224) on 11 of 873 simulated rows; these draws were truncated to the cap before being converted back to the original scale.
Continuous g-computation draw for current_entgelt_value exceeded the extrapolation cap (observed training log-max=11.224, cap=14.224) on 4 of 873 simulated rows; these draws were truncated to the cap before being converted back to the original scale.
Continuous g-computation draw for current_entgelt_value exceeded the extrapolation cap (observed training log-max=11.224, cap=14.224) on 2 of 873 simulated rows; these draws were truncated to the cap before being converted back to the original scale.
Continuous g-computation draw for current_entgelt_value exceeded the extrapolation cap (observed training log-max=11.224, cap=14.224) on 9 of 873 simulated rows; these draws were truncated to the cap before being converted back to the original scale.
Continuous g-computation draw for current_entgelt_value exceeded the extrapolation cap (observed training log-max=11.224, cap=14.224) on 1 of 873 simulated rows; these draws were truncated to the cap before being converted back to the original scale.
Continuous g-computation draw for current_entgelt_value exceeded the extrapolation cap (observed training log-max=11.224, cap=14.224) on 9 of 873 simulated rows; these draws were truncated to the cap before being converted back to the original scale.
Continuous g-computation draw for current_entgelt_value exceeded the extrapolation cap (observed training log-max=11.224, cap=14.224) on 1 of 873 simulated rows; these draws were truncated to the cap before being converted back to the original scale.
Continuous g-computation draw for current_entgelt_value exceeded the extrapolation cap (observed training log-max=11.224, cap=14.224) on 4 of 873 simulated rows; these draws were truncated to the cap before being converted back to the original scale.
Continuous g-computation draw for current_entgelt_value exceeded the extrapolation cap (observed training log-max=11.224, cap=14.224) on 1 of 873 simulated rows; these draws were truncated to the cap before being converted back to the original scale.
Continuous g-computation draw for current_entgelt_value exceeded the extrapolation cap (observed training log-max=11.224, cap=14.224) on 10 of 873 simulated rows; these draws were truncated to the cap before being converted back to the original scale.
Continuous g-computation draw for current_entgelt_value exceeded the extrapolation cap (observed training log-max=11.224, cap=14.224) on 2 of 873 simulated rows; these draws were truncated to the cap before being converted back to the original scale.
Continuous g-computation draw for current_entgelt_value exceeded the extrapolation cap (observed training log-max=11.224, cap=14.224) on 11 of 873 simulated rows; these draws were truncated to the cap before being converted back to the original scale.
Continuous g-computation draw for current_entgelt_value exceeded the extrapolation cap (observed training log-max=11.224, cap=14.224) on 9 of 873 simulated rows; these draws were truncated to the cap before being converted back to the original scale.
Continuous g-computation draw for current_entgelt_value exceeded the extrapolation cap (observed training log-max=11.224, cap=14.224) on 2 of 873 simulated rows; these draws were truncated to the cap before being converted back to the original scale.
Continuous g-computation draw for current_entgelt_value exceeded the extrapolation cap (observed training log-max=11.224, cap=14.224) on 9 of 873 simulated rows; these draws were truncated to the cap before being converted back to the original scale.
Continuous g-computation draw for current_entgelt_value exceeded the extrapolation cap (observed training log-max=11.224, cap=14.224) on 1 of 873 simulated rows; these draws were truncated to the cap before being converted back to the original scale.
Continuous g-computation draw for current_entgelt_value exceeded the extrapolation cap (observed training log-max=11.224, cap=14.224) on 6 of 873 simulated rows; these draws were truncated to the cap before being converted back to the original scale.
2026-09-17 13:31:02,249 [INFO] __main__: Longitudinal mediation bootstrap: 8/20 replications completed (8 successful)
Continuous g-computation draw for current_entgelt_value exceeded the extrapolation cap (observed training log-max=11.224, cap=14.224) on 1 of 874 simulated rows; these draws were truncated to the cap before being converted back to the original scale.
Continuous g-computation draw for current_entgelt_value exceeded the extrapolation cap (observed training log-max=11.224, cap=14.224) on 1 of 874 simulated rows; these draws were truncated to the cap before being converted back to the original scale.
Continuous g-computation draw for current_entgelt_value exceeded the extrapolation cap (observed training log-max=11.224, cap=14.224) on 1 of 880 simulated rows; these draws were truncated to the cap before being converted back to the original scale.
Continuous g-computation draw for current_entgelt_value exceeded the extrapolation cap (observed training log-max=11.224, cap=14.224) on 1 of 874 simulated rows; these draws were truncated to the cap before being converted back to the original scale.
Continuous g-computation draw for current_entgelt_value exceeded the extrapolation cap (observed training log-max=11.224, cap=14.224) on 1 of 874 simulated rows; these draws were truncated to the cap before being converted back to the original scale.
Continuous g-computation draw for current_entgelt_value exceeded the extrapolation cap (observed training log-max=11.224, cap=14.224) on 1 of 880 simulated rows; these draws were truncated to the cap before being converted back to the original scale.
Continuous g-computation draw for current_entgelt_value exceeded the extrapolation cap (observed training log-max=11.224, cap=14.224) on 1 of 874 simulated rows; these draws were truncated to the cap before being converted back to the original scale.
Continuous g-computation draw for current_entgelt_value exceeded the extrapolation cap (observed training log-max=11.224, cap=14.224) on 1 of 880 simulated rows; these draws were truncated to the cap before being converted back to the original scale.
Continuous g-computation draw for current_entgelt_value exceeded the extrapolation cap (observed training log-max=11.224, cap=14.224) on 1 of 874 simulated rows; these draws were truncated to the cap before being converted back to the original scale.
Continuous g-computation draw for current_entgelt_value exceeded the extrapolation cap (observed training log-max=11.224, cap=14.224) on 1 of 880 simulated rows; these draws were truncated to the cap before being converted back to the original scale.
Continuous g-computation draw for current_entgelt_value exceeded the extrapolation cap (observed training log-max=11.224, cap=14.224) on 1 of 880 simulated rows; these draws were truncated to the cap before being converted back to the original scale.
Continuous g-computation draw for current_entgelt_value exceeded the extrapolation cap (observed training log-max=11.224, cap=14.224) on 1 of 874 simulated rows; these draws were truncated to the cap before being converted back to the original scale.
Continuous g-computation draw for current_entgelt_value exceeded the extrapolation cap (observed training log-max=11.224, cap=14.224) on 1 of 880 simulated rows; these draws were truncated to the cap before being converted back to the original scale.
Continuous g-computation draw for current_entgelt_value exceeded the extrapolation cap (observed training log-max=11.224, cap=14.224) on 1 of 874 simulated rows; these draws were truncated to the cap before being converted back to the original scale.
Continuous g-computation draw for current_entgelt_value exceeded the extrapolation cap (observed training log-max=11.224, cap=14.224) on 1 of 880 simulated rows; these draws were truncated to the cap before being converted back to the original scale.
Continuous g-computation draw for current_entgelt_value exceeded the extrapolation cap (observed training log-max=11.224, cap=14.224) on 1 of 880 simulated rows; these draws were truncated to the cap before being converted back to the original scale.
Continuous g-computation draw for current_entgelt_value exceeded the extrapolation cap (observed training log-max=11.224, cap=14.224) on 1 of 874 simulated rows; these draws were truncated to the cap before being converted back to the original scale.
Continuous g-computation draw for current_entgelt_value exceeded the extrapolation cap (observed training log-max=11.224, cap=14.224) on 1 of 880 simulated rows; these draws were truncated to the cap before being converted back to the original scale.
Continuous g-computation draw for current_entgelt_value exceeded the extrapolation cap (observed training log-max=11.224, cap=14.224) on 2 of 880 simulated rows; these draws were truncated to the cap before being converted back to the original scale.
Continuous g-computation draw for current_entgelt_value exceeded the extrapolation cap (observed training log-max=11.224, cap=14.224) on 1 of 874 simulated rows; these draws were truncated to the cap before being converted back to the original scale.
Continuous g-computation draw for current_entgelt_value exceeded the extrapolation cap (observed training log-max=11.224, cap=14.224) on 1 of 874 simulated rows; these draws were truncated to the cap before being converted back to the original scale.
Continuous g-computation draw for current_entgelt_value exceeded the extrapolation cap (observed training log-max=11.224, cap=14.224) on 1 of 880 simulated rows; these draws were truncated to the cap before being converted back to the original scale.
Continuous g-computation draw for current_entgelt_value exceeded the extrapolation cap (observed training log-max=11.224, cap=14.224) on 1 of 874 simulated rows; these draws were truncated to the cap before being converted back to the original scale.
Continuous g-computation draw for current_entgelt_value exceeded the extrapolation cap (observed training log-max=11.224, cap=14.224) on 1 of 880 simulated rows; these draws were truncated to the cap before being converted back to the original scale.
Continuous g-computation draw for current_entgelt_value exceeded the extrapolation cap (observed training log-max=11.224, cap=14.224) on 1 of 880 simulated rows; these draws were truncated to the cap before being converted back to the original scale.
Continuous g-computation draw for current_entgelt_value exceeded the extrapolation cap (observed training log-max=11.224, cap=14.224) on 2 of 874 simulated rows; these draws were truncated to the cap before being converted back to the original scale.
Continuous g-computation draw for current_entgelt_value exceeded the extrapolation cap (observed training log-max=11.224, cap=14.224) on 1 of 880 simulated rows; these draws were truncated to the cap before being converted back to the original scale.
Continuous g-computation draw for current_entgelt_value exceeded the extrapolation cap (observed training log-max=11.224, cap=14.224) on 1 of 874 simulated rows; these draws were truncated to the cap before being converted back to the original scale.
Continuous g-computation draw for current_entgelt_value exceeded the extrapolation cap (observed training log-max=11.224, cap=14.224) on 3 of 880 simulated rows; these draws were truncated to the cap before being converted back to the original scale.
Continuous g-computation draw for current_entgelt_value exceeded the extrapolation cap (observed training log-max=11.224, cap=14.224) on 1 of 880 simulated rows; these draws were truncated to the cap before being converted back to the original scale.
Continuous g-computation draw for current_entgelt_value exceeded the extrapolation cap (observed training log-max=11.224, cap=14.224) on 1 of 880 simulated rows; these draws were truncated to the cap before being converted back to the original scale.
Continuous g-computation draw for current_entgelt_value exceeded the extrapolation cap (observed training log-max=11.224, cap=14.224) on 1 of 880 simulated rows; these draws were truncated to the cap before being converted back to the original scale.
Continuous g-computation draw for current_entgelt_value exceeded the extrapolation cap (observed training log-max=11.224, cap=14.224) on 1 of 874 simulated rows; these draws were truncated to the cap before being converted back to the original scale.
Continuous g-computation draw for current_entgelt_value exceeded the extrapolation cap (observed training log-max=11.224, cap=14.224) on 1 of 880 simulated rows; these draws were truncated to the cap before being converted back to the original scale.
Continuous g-computation draw for current_entgelt_value exceeded the extrapolation cap (observed training log-max=11.224, cap=14.224) on 1 of 880 simulated rows; these draws were truncated to the cap before being converted back to the original scale.
Continuous g-computation draw for current_entgelt_value exceeded the extrapolation cap (observed training log-max=11.224, cap=14.224) on 1 of 880 simulated rows; these draws were truncated to the cap before being converted back to the original scale.
Continuous g-computation draw for current_entgelt_value exceeded the extrapolation cap (observed training log-max=11.224, cap=14.224) on 1 of 880 simulated rows; these draws were truncated to the cap before being converted back to the original scale.
Continuous g-computation draw for current_entgelt_value exceeded the extrapolation cap (observed training log-max=11.224, cap=14.224) on 1 of 874 simulated rows; these draws were truncated to the cap before being converted back to the original scale.
Continuous g-computation draw for current_entgelt_value exceeded the extrapolation cap (observed training log-max=11.224, cap=14.224) on 1 of 874 simulated rows; these draws were truncated to the cap before being converted back to the original scale.
Continuous g-computation draw for current_entgelt_value exceeded the extrapolation cap (observed training log-max=11.224, cap=14.224) on 1 of 880 simulated rows; these draws were truncated to the cap before being converted back to the original scale.
Continuous g-computation draw for current_entgelt_value exceeded the extrapolation cap (observed training log-max=11.224, cap=14.224) on 1 of 874 simulated rows; these draws were truncated to the cap before being converted back to the original scale.
Continuous g-computation draw for current_entgelt_value exceeded the extrapolation cap (observed training log-max=11.224, cap=14.224) on 1 of 880 simulated rows; these draws were truncated to the cap before being converted back to the original scale.
Continuous g-computation draw for current_entgelt_value exceeded the extrapolation cap (observed training log-max=11.224, cap=14.224) on 1 of 880 simulated rows; these draws were truncated to the cap before being converted back to the original scale.
Continuous g-computation draw for current_entgelt_value exceeded the extrapolation cap (observed training log-max=11.224, cap=14.224) on 1 of 880 simulated rows; these draws were truncated to the cap before being converted back to the original scale.
Continuous g-computation draw for current_entgelt_value exceeded the extrapolation cap (observed training log-max=11.224, cap=14.224) on 1 of 880 simulated rows; these draws were truncated to the cap before being converted back to the original scale.
Continuous g-computation draw for current_entgelt_value exceeded the extrapolation cap (observed training log-max=11.224, cap=14.224) on 1 of 880 simulated rows; these draws were truncated to the cap before being converted back to the original scale.
Continuous g-computation draw for current_entgelt_value exceeded the extrapolation cap (observed training log-max=11.224, cap=14.224) on 1 of 880 simulated rows; these draws were truncated to the cap before being converted back to the original scale.
Continuous g-computation draw for current_entgelt_value exceeded the extrapolation cap (observed training log-max=11.224, cap=14.224) on 1 of 880 simulated rows; these draws were truncated to the cap before being converted back to the original scale.
Continuous g-computation draw for current_entgelt_value exceeded the extrapolation cap (observed training log-max=11.224, cap=14.224) on 1 of 880 simulated rows; these draws were truncated to the cap before being converted back to the original scale.
Continuous g-computation draw for current_entgelt_value exceeded the extrapolation cap (observed training log-max=11.224, cap=14.224) on 1 of 880 simulated rows; these draws were truncated to the cap before being converted back to the original scale.
Continuous g-computation draw for current_entgelt_value exceeded the extrapolation cap (observed training log-max=11.224, cap=14.224) on 1 of 880 simulated rows; these draws were truncated to the cap before being converted back to the original scale.
Continuous g-computation draw for current_entgelt_value exceeded the extrapolation cap (observed training log-max=11.224, cap=14.224) on 1 of 874 simulated rows; these draws were truncated to the cap before being converted back to the original scale.
Continuous g-computation draw for current_entgelt_value exceeded the extrapolation cap (observed training log-max=11.224, cap=14.224) on 1 of 880 simulated rows; these draws were truncated to the cap before being converted back to the original scale.
Continuous g-computation draw for current_entgelt_value exceeded the extrapolation cap (observed training log-max=11.224, cap=14.224) on 2 of 880 simulated rows; these draws were truncated to the cap before being converted back to the original scale.
Continuous g-computation draw for current_entgelt_value exceeded the extrapolation cap (observed training log-max=11.224, cap=14.224) on 1 of 880 simulated rows; these draws were truncated to the cap before being converted back to the original scale.
Continuous g-computation draw for current_entgelt_value exceeded the extrapolation cap (observed training log-max=11.224, cap=14.224) on 1 of 874 simulated rows; these draws were truncated to the cap before being converted back to the original scale.
Continuous g-computation draw for current_entgelt_value exceeded the extrapolation cap (observed training log-max=11.224, cap=14.224) on 1 of 874 simulated rows; these draws were truncated to the cap before being converted back to the original scale.
Continuous g-computation draw for current_entgelt_value exceeded the extrapolation cap (observed training log-max=11.224, cap=14.224) on 1 of 880 simulated rows; these draws were truncated to the cap before being converted back to the original scale.
Continuous g-computation draw for current_entgelt_value exceeded the extrapolation cap (observed training log-max=11.224, cap=14.224) on 4 of 880 simulated rows; these draws were truncated to the cap before being converted back to the original scale.
Continuous g-computation draw for current_entgelt_value exceeded the extrapolation cap (observed training log-max=11.224, cap=14.224) on 1 of 874 simulated rows; these draws were truncated to the cap before being converted back to the original scale.
Continuous g-computation draw for current_entgelt_value exceeded the extrapolation cap (observed training log-max=11.224, cap=14.224) on 1 of 874 simulated rows; these draws were truncated to the cap before being converted back to the original scale.
Continuous g-computation draw for current_entgelt_value exceeded the extrapolation cap (observed training log-max=11.224, cap=14.224) on 2 of 880 simulated rows; these draws were truncated to the cap before being converted back to the original scale.
Continuous g-computation draw for current_entgelt_value exceeded the extrapolation cap (observed training log-max=11.224, cap=14.224) on 2 of 880 simulated rows; these draws were truncated to the cap before being converted back to the original scale.
Continuous g-computation draw for current_entgelt_value exceeded the extrapolation cap (observed training log-max=11.224, cap=14.224) on 1 of 874 simulated rows; these draws were truncated to the cap before being converted back to the original scale.
Continuous g-computation draw for current_entgelt_value exceeded the extrapolation cap (observed training log-max=11.224, cap=14.224) on 1 of 874 simulated rows; these draws were truncated to the cap before being converted back to the original scale.
Continuous g-computation draw for current_entgelt_value exceeded the extrapolation cap (observed training log-max=11.224, cap=14.224) on 1 of 874 simulated rows; these draws were truncated to the cap before being converted back to the original scale.
Continuous g-computation draw for current_entgelt_value exceeded the extrapolation cap (observed training log-max=11.224, cap=14.224) on 1 of 880 simulated rows; these draws were truncated to the cap before being converted back to the original scale.
Continuous g-computation draw for current_entgelt_value exceeded the extrapolation cap (observed training log-max=11.224, cap=14.224) on 1 of 880 simulated rows; these draws were truncated to the cap before being converted back to the original scale.
Continuous g-computation draw for current_entgelt_value exceeded the extrapolation cap (observed training log-max=11.224, cap=14.224) on 1 of 880 simulated rows; these draws were truncated to the cap before being converted back to the original scale.
Continuous g-computation draw for current_entgelt_value exceeded the extrapolation cap (observed training log-max=11.224, cap=14.224) on 2 of 880 simulated rows; these draws were truncated to the cap before being converted back to the original scale.
Continuous g-computation draw for current_entgelt_value exceeded the extrapolation cap (observed training log-max=11.224, cap=14.224) on 1 of 880 simulated rows; these draws were truncated to the cap before being converted back to the original scale.
Continuous g-computation draw for current_entgelt_value exceeded the extrapolation cap (observed training log-max=11.224, cap=14.224) on 1 of 880 simulated rows; these draws were truncated to the cap before being converted back to the original scale.
Continuous g-computation draw for current_entgelt_value exceeded the extrapolation cap (observed training log-max=11.224, cap=14.224) on 2 of 880 simulated rows; these draws were truncated to the cap before being converted back to the original scale.
Continuous g-computation draw for current_entgelt_value exceeded the extrapolation cap (observed training log-max=11.224, cap=14.224) on 1 of 880 simulated rows; these draws were truncated to the cap before being converted back to the original scale.
Continuous g-computation draw for current_entgelt_value exceeded the extrapolation cap (observed training log-max=11.224, cap=14.224) on 1 of 880 simulated rows; these draws were truncated to the cap before being converted back to the original scale.
Continuous g-computation draw for current_entgelt_value exceeded the extrapolation cap (observed training log-max=11.224, cap=14.224) on 1 of 880 simulated rows; these draws were truncated to the cap before being converted back to the original scale.
Continuous g-computation draw for current_entgelt_value exceeded the extrapolation cap (observed training log-max=11.224, cap=14.224) on 1 of 880 simulated rows; these draws were truncated to the cap before being converted back to the original scale.
2026-09-17 13:31:31,458 [INFO] __main__: Longitudinal mediation bootstrap: 10/20 replications completed (10 successful)
2026-09-17 13:32:04,222 [INFO] __main__: Longitudinal mediation bootstrap: 12/20 replications completed (12 successful)
Continuous g-computation draw for current_entgelt_value exceeded the extrapolation cap (observed training log-max=11.224, cap=14.224) on 1 of 877 simulated rows; these draws were truncated to the cap before being converted back to the original scale.
Continuous g-computation draw for current_entgelt_value exceeded the extrapolation cap (observed training log-max=11.224, cap=14.224) on 4 of 877 simulated rows; these draws were truncated to the cap before being converted back to the original scale.
Continuous g-computation draw for current_entgelt_value exceeded the extrapolation cap (observed training log-max=11.224, cap=14.224) on 7 of 877 simulated rows; these draws were truncated to the cap before being converted back to the original scale.
Continuous g-computation draw for current_entgelt_value exceeded the extrapolation cap (observed training log-max=11.224, cap=14.224) on 1 of 877 simulated rows; these draws were truncated to the cap before being converted back to the original scale.
Continuous g-computation draw for current_entgelt_value exceeded the extrapolation cap (observed training log-max=11.224, cap=14.224) on 8 of 877 simulated rows; these draws were truncated to the cap before being converted back to the original scale.
Continuous g-computation draw for current_entgelt_value exceeded the extrapolation cap (observed training log-max=11.224, cap=14.224) on 11 of 877 simulated rows; these draws were truncated to the cap before being converted back to the original scale.
Continuous g-computation draw for current_entgelt_value exceeded the extrapolation cap (observed training log-max=11.224, cap=14.224) on 5 of 877 simulated rows; these draws were truncated to the cap before being converted back to the original scale.
Continuous g-computation draw for current_entgelt_value exceeded the extrapolation cap (observed training log-max=11.224, cap=14.224) on 3 of 877 simulated rows; these draws were truncated to the cap before being converted back to the original scale.
Continuous g-computation draw for current_entgelt_value exceeded the extrapolation cap (observed training log-max=11.224, cap=14.224) on 2 of 877 simulated rows; these draws were truncated to the cap before being converted back to the original scale.
Continuous g-computation draw for current_entgelt_value exceeded the extrapolation cap (observed training log-max=11.224, cap=14.224) on 7 of 877 simulated rows; these draws were truncated to the cap before being converted back to the original scale.
Continuous g-computation draw for current_entgelt_value exceeded the extrapolation cap (observed training log-max=11.224, cap=14.224) on 1 of 877 simulated rows; these draws were truncated to the cap before being converted back to the original scale.
Continuous g-computation draw for current_entgelt_value exceeded the extrapolation cap (observed training log-max=11.224, cap=14.224) on 5 of 877 simulated rows; these draws were truncated to the cap before being converted back to the original scale.
Continuous g-computation draw for current_entgelt_value exceeded the extrapolation cap (observed training log-max=11.224, cap=14.224) on 1 of 877 simulated rows; these draws were truncated to the cap before being converted back to the original scale.
Continuous g-computation draw for current_entgelt_value exceeded the extrapolation cap (observed training log-max=11.224, cap=14.224) on 4 of 877 simulated rows; these draws were truncated to the cap before being converted back to the original scale.
Continuous g-computation draw for current_entgelt_value exceeded the extrapolation cap (observed training log-max=11.224, cap=14.224) on 3 of 877 simulated rows; these draws were truncated to the cap before being converted back to the original scale.
2026-09-17 13:32:32,784 [INFO] __main__: Longitudinal mediation bootstrap: 14/20 replications completed (14 successful)
Continuous g-computation draw for current_entgelt_value exceeded the extrapolation cap (observed training log-max=11.224, cap=14.224) on 1 of 877 simulated rows; these draws were truncated to the cap before being converted back to the original scale.
Continuous g-computation draw for current_entgelt_value exceeded the extrapolation cap (observed training log-max=11.224, cap=14.224) on 2 of 877 simulated rows; these draws were truncated to the cap before being converted back to the original scale.
Continuous g-computation draw for current_entgelt_value exceeded the extrapolation cap (observed training log-max=11.224, cap=14.224) on 2 of 877 simulated rows; these draws were truncated to the cap before being converted back to the original scale.
Continuous g-computation draw for current_entgelt_value exceeded the extrapolation cap (observed training log-max=11.224, cap=14.224) on 9 of 877 simulated rows; these draws were truncated to the cap before being converted back to the original scale.
Continuous g-computation draw for current_entgelt_value exceeded the extrapolation cap (observed training log-max=11.224, cap=14.224) on 7 of 877 simulated rows; these draws were truncated to the cap before being converted back to the original scale.
Continuous g-computation draw for current_entgelt_value exceeded the extrapolation cap (observed training log-max=11.224, cap=14.224) on 1 of 877 simulated rows; these draws were truncated to the cap before being converted back to the original scale.
Continuous g-computation draw for current_entgelt_value exceeded the extrapolation cap (observed training log-max=11.224, cap=14.224) on 4 of 877 simulated rows; these draws were truncated to the cap before being converted back to the original scale.
Continuous g-computation draw for current_entgelt_value exceeded the extrapolation cap (observed training log-max=11.224, cap=14.224) on 3 of 877 simulated rows; these draws were truncated to the cap before being converted back to the original scale.
Continuous g-computation draw for current_entgelt_value exceeded the extrapolation cap (observed training log-max=11.224, cap=14.224) on 1 of 877 simulated rows; these draws were truncated to the cap before being converted back to the original scale.
Continuous g-computation draw for current_entgelt_value exceeded the extrapolation cap (observed training log-max=11.224, cap=14.224) on 10 of 877 simulated rows; these draws were truncated to the cap before being converted back to the original scale.
Continuous g-computation draw for current_entgelt_value exceeded the extrapolation cap (observed training log-max=11.224, cap=14.224) on 1 of 877 simulated rows; these draws were truncated to the cap before being converted back to the original scale.
Continuous g-computation draw for current_entgelt_value exceeded the extrapolation cap (observed training log-max=11.224, cap=14.224) on 1 of 877 simulated rows; these draws were truncated to the cap before being converted back to the original scale.
Continuous g-computation draw for current_entgelt_value exceeded the extrapolation cap (observed training log-max=11.224, cap=14.224) on 8 of 877 simulated rows; these draws were truncated to the cap before being converted back to the original scale.
Continuous g-computation draw for current_entgelt_value exceeded the extrapolation cap (observed training log-max=11.224, cap=14.224) on 3 of 877 simulated rows; these draws were truncated to the cap before being converted back to the original scale.
Continuous g-computation draw for current_entgelt_value exceeded the extrapolation cap (observed training log-max=11.224, cap=14.224) on 8 of 877 simulated rows; these draws were truncated to the cap before being converted back to the original scale.
Continuous g-computation draw for current_entgelt_value exceeded the extrapolation cap (observed training log-max=11.224, cap=14.224) on 1 of 877 simulated rows; these draws were truncated to the cap before being converted back to the original scale.
Continuous g-computation draw for current_entgelt_value exceeded the extrapolation cap (observed training log-max=11.224, cap=14.224) on 7 of 877 simulated rows; these draws were truncated to the cap before being converted back to the original scale.
Continuous g-computation draw for current_entgelt_value exceeded the extrapolation cap (observed training log-max=11.224, cap=14.224) on 5 of 877 simulated rows; these draws were truncated to the cap before being converted back to the original scale.
Continuous g-computation draw for current_entgelt_value exceeded the extrapolation cap (observed training log-max=11.224, cap=14.224) on 4 of 877 simulated rows; these draws were truncated to the cap before being converted back to the original scale.
Continuous g-computation draw for current_entgelt_value exceeded the extrapolation cap (observed training log-max=11.224, cap=14.224) on 1 of 877 simulated rows; these draws were truncated to the cap before being converted back to the original scale.
Continuous g-computation draw for current_entgelt_value exceeded the extrapolation cap (observed training log-max=11.224, cap=14.224) on 7 of 877 simulated rows; these draws were truncated to the cap before being converted back to the original scale.
Continuous g-computation draw for current_entgelt_value exceeded the extrapolation cap (observed training log-max=11.224, cap=14.224) on 7 of 877 simulated rows; these draws were truncated to the cap before being converted back to the original scale.
Continuous g-computation draw for current_entgelt_value exceeded the extrapolation cap (observed training log-max=11.224, cap=14.224) on 1 of 877 simulated rows; these draws were truncated to the cap before being converted back to the original scale.
Continuous g-computation draw for current_entgelt_value exceeded the extrapolation cap (observed training log-max=11.224, cap=14.224) on 6 of 877 simulated rows; these draws were truncated to the cap before being converted back to the original scale.
Continuous g-computation draw for current_entgelt_value exceeded the extrapolation cap (observed training log-max=11.224, cap=14.224) on 1 of 877 simulated rows; these draws were truncated to the cap before being converted back to the original scale.
Continuous g-computation draw for current_entgelt_value exceeded the extrapolation cap (observed training log-max=11.224, cap=14.224) on 6 of 877 simulated rows; these draws were truncated to the cap before being converted back to the original scale.
Continuous g-computation draw for current_entgelt_value exceeded the extrapolation cap (observed training log-max=11.224, cap=14.224) on 1 of 877 simulated rows; these draws were truncated to the cap before being converted back to the original scale.
Continuous g-computation draw for current_entgelt_value exceeded the extrapolation cap (observed training log-max=11.224, cap=14.224) on 7 of 877 simulated rows; these draws were truncated to the cap before being converted back to the original scale.
Continuous g-computation draw for current_entgelt_value exceeded the extrapolation cap (observed training log-max=11.224, cap=14.224) on 3 of 877 simulated rows; these draws were truncated to the cap before being converted back to the original scale.
Continuous g-computation draw for current_entgelt_value exceeded the extrapolation cap (observed training log-max=11.224, cap=14.224) on 4 of 877 simulated rows; these draws were truncated to the cap before being converted back to the original scale.
Continuous g-computation draw for current_entgelt_value exceeded the extrapolation cap (observed training log-max=11.224, cap=14.224) on 8 of 877 simulated rows; these draws were truncated to the cap before being converted back to the original scale.
Continuous g-computation draw for current_entgelt_value exceeded the extrapolation cap (observed training log-max=11.224, cap=14.224) on 8 of 877 simulated rows; these draws were truncated to the cap before being converted back to the original scale.
Continuous g-computation draw for current_entgelt_value exceeded the extrapolation cap (observed training log-max=11.224, cap=14.224) on 8 of 877 simulated rows; these draws were truncated to the cap before being converted back to the original scale.
Continuous g-computation draw for current_entgelt_value exceeded the extrapolation cap (observed training log-max=11.224, cap=14.224) on 4 of 877 simulated rows; these draws were truncated to the cap before being converted back to the original scale.
Continuous g-computation draw for current_entgelt_value exceeded the extrapolation cap (observed training log-max=11.224, cap=14.224) on 3 of 877 simulated rows; these draws were truncated to the cap before being converted back to the original scale.
Continuous g-computation draw for current_entgelt_value exceeded the extrapolation cap (observed training log-max=11.224, cap=14.224) on 8 of 877 simulated rows; these draws were truncated to the cap before being converted back to the original scale.
Continuous g-computation draw for current_entgelt_value exceeded the extrapolation cap (observed training log-max=11.224, cap=14.224) on 4 of 877 simulated rows; these draws were truncated to the cap before being converted back to the original scale.
Continuous g-computation draw for current_entgelt_value exceeded the extrapolation cap (observed training log-max=11.224, cap=14.224) on 4 of 877 simulated rows; these draws were truncated to the cap before being converted back to the original scale.
Continuous g-computation draw for current_entgelt_value exceeded the extrapolation cap (observed training log-max=11.224, cap=14.224) on 2 of 877 simulated rows; these draws were truncated to the cap before being converted back to the original scale.
Continuous g-computation draw for current_entgelt_value exceeded the extrapolation cap (observed training log-max=11.224, cap=14.224) on 8 of 877 simulated rows; these draws were truncated to the cap before being converted back to the original scale.
Continuous g-computation draw for current_entgelt_value exceeded the extrapolation cap (observed training log-max=11.224, cap=14.224) on 1 of 877 simulated rows; these draws were truncated to the cap before being converted back to the original scale.
Continuous g-computation draw for current_entgelt_value exceeded the extrapolation cap (observed training log-max=11.224, cap=14.224) on 3 of 877 simulated rows; these draws were truncated to the cap before being converted back to the original scale.
Continuous g-computation draw for current_entgelt_value exceeded the extrapolation cap (observed training log-max=11.224, cap=14.224) on 5 of 877 simulated rows; these draws were truncated to the cap before being converted back to the original scale.
Continuous g-computation draw for current_entgelt_value exceeded the extrapolation cap (observed training log-max=11.224, cap=14.224) on 1 of 877 simulated rows; these draws were truncated to the cap before being converted back to the original scale.
Continuous g-computation draw for current_entgelt_value exceeded the extrapolation cap (observed training log-max=11.224, cap=14.224) on 5 of 877 simulated rows; these draws were truncated to the cap before being converted back to the original scale.
Continuous g-computation draw for current_entgelt_value exceeded the extrapolation cap (observed training log-max=11.224, cap=14.224) on 3 of 877 simulated rows; these draws were truncated to the cap before being converted back to the original scale.
Continuous g-computation draw for current_entgelt_value exceeded the extrapolation cap (observed training log-max=11.224, cap=14.224) on 1 of 877 simulated rows; these draws were truncated to the cap before being converted back to the original scale.
Continuous g-computation draw for current_entgelt_value exceeded the extrapolation cap (observed training log-max=11.224, cap=14.224) on 8 of 877 simulated rows; these draws were truncated to the cap before being converted back to the original scale.
Continuous g-computation draw for current_entgelt_value exceeded the extrapolation cap (observed training log-max=11.224, cap=14.224) on 6 of 877 simulated rows; these draws were truncated to the cap before being converted back to the original scale.
Continuous g-computation draw for current_entgelt_value exceeded the extrapolation cap (observed training log-max=11.224, cap=14.224) on 1 of 877 simulated rows; these draws were truncated to the cap before being converted back to the original scale.
Continuous g-computation draw for current_entgelt_value exceeded the extrapolation cap (observed training log-max=11.224, cap=14.224) on 3 of 877 simulated rows; these draws were truncated to the cap before being converted back to the original scale.
Continuous g-computation draw for current_entgelt_value exceeded the extrapolation cap (observed training log-max=11.224, cap=14.224) on 2 of 877 simulated rows; these draws were truncated to the cap before being converted back to the original scale.
Continuous g-computation draw for current_entgelt_value exceeded the extrapolation cap (observed training log-max=11.224, cap=14.224) on 5 of 877 simulated rows; these draws were truncated to the cap before being converted back to the original scale.
Continuous g-computation draw for current_entgelt_value exceeded the extrapolation cap (observed training log-max=11.224, cap=14.224) on 1 of 877 simulated rows; these draws were truncated to the cap before being converted back to the original scale.
Continuous g-computation draw for current_entgelt_value exceeded the extrapolation cap (observed training log-max=11.224, cap=14.224) on 9 of 877 simulated rows; these draws were truncated to the cap before being converted back to the original scale.
Continuous g-computation draw for current_entgelt_value exceeded the extrapolation cap (observed training log-max=11.224, cap=14.224) on 2 of 877 simulated rows; these draws were truncated to the cap before being converted back to the original scale.
Continuous g-computation draw for current_entgelt_value exceeded the extrapolation cap (observed training log-max=11.224, cap=14.224) on 7 of 877 simulated rows; these draws were truncated to the cap before being converted back to the original scale.
Continuous g-computation draw for current_entgelt_value exceeded the extrapolation cap (observed training log-max=11.224, cap=14.224) on 1 of 877 simulated rows; these draws were truncated to the cap before being converted back to the original scale.
Continuous g-computation draw for current_entgelt_value exceeded the extrapolation cap (observed training log-max=11.224, cap=14.224) on 6 of 877 simulated rows; these draws were truncated to the cap before being converted back to the original scale.
Continuous g-computation draw for current_entgelt_value exceeded the extrapolation cap (observed training log-max=11.224, cap=14.224) on 7 of 877 simulated rows; these draws were truncated to the cap before being converted back to the original scale.
Continuous g-computation draw for current_entgelt_value exceeded the extrapolation cap (observed training log-max=11.224, cap=14.224) on 1 of 877 simulated rows; these draws were truncated to the cap before being converted back to the original scale.
Continuous g-computation draw for current_entgelt_value exceeded the extrapolation cap (observed training log-max=11.224, cap=14.224) on 7 of 877 simulated rows; these draws were truncated to the cap before being converted back to the original scale.
Continuous g-computation draw for current_entgelt_value exceeded the extrapolation cap (observed training log-max=11.224, cap=14.224) on 5 of 877 simulated rows; these draws were truncated to the cap before being converted back to the original scale.
Continuous g-computation draw for current_entgelt_value exceeded the extrapolation cap (observed training log-max=11.224, cap=14.224) on 3 of 877 simulated rows; these draws were truncated to the cap before being converted back to the original scale.
Continuous g-computation draw for current_entgelt_value exceeded the extrapolation cap (observed training log-max=11.224, cap=14.224) on 1 of 877 simulated rows; these draws were truncated to the cap before being converted back to the original scale.
Continuous g-computation draw for current_entgelt_value exceeded the extrapolation cap (observed training log-max=11.224, cap=14.224) on 7 of 877 simulated rows; these draws were truncated to the cap before being converted back to the original scale.
Continuous g-computation draw for current_entgelt_value exceeded the extrapolation cap (observed training log-max=11.224, cap=14.224) on 6 of 877 simulated rows; these draws were truncated to the cap before being converted back to the original scale.
Continuous g-computation draw for current_entgelt_value exceeded the extrapolation cap (observed training log-max=11.224, cap=14.224) on 4 of 877 simulated rows; these draws were truncated to the cap before being converted back to the original scale.
Continuous g-computation draw for current_entgelt_value exceeded the extrapolation cap (observed training log-max=11.224, cap=14.224) on 2 of 877 simulated rows; these draws were truncated to the cap before being converted back to the original scale.
Continuous g-computation draw for current_entgelt_value exceeded the extrapolation cap (observed training log-max=11.224, cap=14.224) on 3 of 877 simulated rows; these draws were truncated to the cap before being converted back to the original scale.
Continuous g-computation draw for current_entgelt_value exceeded the extrapolation cap (observed training log-max=11.224, cap=14.224) on 1 of 877 simulated rows; these draws were truncated to the cap before being converted back to the original scale.
Continuous g-computation draw for current_entgelt_value exceeded the extrapolation cap (observed training log-max=11.224, cap=14.224) on 12 of 877 simulated rows; these draws were truncated to the cap before being converted back to the original scale.
Continuous g-computation draw for current_entgelt_value exceeded the extrapolation cap (observed training log-max=11.224, cap=14.224) on 6 of 877 simulated rows; these draws were truncated to the cap before being converted back to the original scale.
Continuous g-computation draw for current_entgelt_value exceeded the extrapolation cap (observed training log-max=11.224, cap=14.224) on 3 of 877 simulated rows; these draws were truncated to the cap before being converted back to the original scale.
Continuous g-computation draw for current_entgelt_value exceeded the extrapolation cap (observed training log-max=11.224, cap=14.224) on 3 of 877 simulated rows; these draws were truncated to the cap before being converted back to the original scale.
Continuous g-computation draw for current_entgelt_value exceeded the extrapolation cap (observed training log-max=11.224, cap=14.224) on 1 of 877 simulated rows; these draws were truncated to the cap before being converted back to the original scale.
Continuous g-computation draw for current_entgelt_value exceeded the extrapolation cap (observed training log-max=11.224, cap=14.224) on 8 of 877 simulated rows; these draws were truncated to the cap before being converted back to the original scale.
Continuous g-computation draw for current_entgelt_value exceeded the extrapolation cap (observed training log-max=11.224, cap=14.224) on 2 of 877 simulated rows; these draws were truncated to the cap before being converted back to the original scale.
Continuous g-computation draw for current_entgelt_value exceeded the extrapolation cap (observed training log-max=11.224, cap=14.224) on 5 of 877 simulated rows; these draws were truncated to the cap before being converted back to the original scale.
Continuous g-computation draw for current_entgelt_value exceeded the extrapolation cap (observed training log-max=11.224, cap=14.224) on 3 of 877 simulated rows; these draws were truncated to the cap before being converted back to the original scale.
Continuous g-computation draw for current_entgelt_value exceeded the extrapolation cap (observed training log-max=11.224, cap=14.224) on 3 of 877 simulated rows; these draws were truncated to the cap before being converted back to the original scale.
Continuous g-computation draw for current_entgelt_value exceeded the extrapolation cap (observed training log-max=11.224, cap=14.224) on 3 of 877 simulated rows; these draws were truncated to the cap before being converted back to the original scale.
Continuous g-computation draw for current_entgelt_value exceeded the extrapolation cap (observed training log-max=11.224, cap=14.224) on 2 of 877 simulated rows; these draws were truncated to the cap before being converted back to the original scale.
Continuous g-computation draw for current_entgelt_value exceeded the extrapolation cap (observed training log-max=11.224, cap=14.224) on 10 of 877 simulated rows; these draws were truncated to the cap before being converted back to the original scale.
Continuous g-computation draw for current_entgelt_value exceeded the extrapolation cap (observed training log-max=11.224, cap=14.224) on 7 of 877 simulated rows; these draws were truncated to the cap before being converted back to the original scale.
Continuous g-computation draw for current_entgelt_value exceeded the extrapolation cap (observed training log-max=11.224, cap=14.224) on 9 of 877 simulated rows; these draws were truncated to the cap before being converted back to the original scale.
Continuous g-computation draw for current_entgelt_value exceeded the extrapolation cap (observed training log-max=11.224, cap=14.224) on 1 of 877 simulated rows; these draws were truncated to the cap before being converted back to the original scale.
Continuous g-computation draw for current_entgelt_value exceeded the extrapolation cap (observed training log-max=11.224, cap=14.224) on 5 of 877 simulated rows; these draws were truncated to the cap before being converted back to the original scale.
Continuous g-computation draw for current_entgelt_value exceeded the extrapolation cap (observed training log-max=11.224, cap=14.224) on 6 of 877 simulated rows; these draws were truncated to the cap before being converted back to the original scale.
Continuous g-computation draw for current_entgelt_value exceeded the extrapolation cap (observed training log-max=11.224, cap=14.224) on 1 of 877 simulated rows; these draws were truncated to the cap before being converted back to the original scale.
Continuous g-computation draw for current_entgelt_value exceeded the extrapolation cap (observed training log-max=11.224, cap=14.224) on 7 of 877 simulated rows; these draws were truncated to the cap before being converted back to the original scale.
Continuous g-computation draw for current_entgelt_value exceeded the extrapolation cap (observed training log-max=11.224, cap=14.224) on 1 of 877 simulated rows; these draws were truncated to the cap before being converted back to the original scale.
Continuous g-computation draw for current_entgelt_value exceeded the extrapolation cap (observed training log-max=11.224, cap=14.224) on 4 of 877 simulated rows; these draws were truncated to the cap before being converted back to the original scale.
Continuous g-computation draw for current_entgelt_value exceeded the extrapolation cap (observed training log-max=11.224, cap=14.224) on 3 of 877 simulated rows; these draws were truncated to the cap before being converted back to the original scale.
Continuous g-computation draw for current_entgelt_value exceeded the extrapolation cap (observed training log-max=11.224, cap=14.224) on 7 of 877 simulated rows; these draws were truncated to the cap before being converted back to the original scale.
Continuous g-computation draw for current_entgelt_value exceeded the extrapolation cap (observed training log-max=11.224, cap=14.224) on 5 of 877 simulated rows; these draws were truncated to the cap before being converted back to the original scale.
Continuous g-computation draw for current_entgelt_value exceeded the extrapolation cap (observed training log-max=11.224, cap=14.224) on 1 of 877 simulated rows; these draws were truncated to the cap before being converted back to the original scale.
Continuous g-computation draw for current_entgelt_value exceeded the extrapolation cap (observed training log-max=11.224, cap=14.224) on 2 of 877 simulated rows; these draws were truncated to the cap before being converted back to the original scale.
Continuous g-computation draw for current_entgelt_value exceeded the extrapolation cap (observed training log-max=11.224, cap=14.224) on 7 of 877 simulated rows; these draws were truncated to the cap before being converted back to the original scale.
Continuous g-computation draw for current_entgelt_value exceeded the extrapolation cap (observed training log-max=11.224, cap=14.224) on 4 of 877 simulated rows; these draws were truncated to the cap before being converted back to the original scale.
Continuous g-computation draw for current_entgelt_value exceeded the extrapolation cap (observed training log-max=11.224, cap=14.224) on 2 of 877 simulated rows; these draws were truncated to the cap before being converted back to the original scale.
Continuous g-computation draw for current_entgelt_value exceeded the extrapolation cap (observed training log-max=11.224, cap=14.224) on 10 of 877 simulated rows; these draws were truncated to the cap before being converted back to the original scale.
Continuous g-computation draw for current_entgelt_value exceeded the extrapolation cap (observed training log-max=11.224, cap=14.224) on 1 of 877 simulated rows; these draws were truncated to the cap before being converted back to the original scale.
Continuous g-computation draw for current_entgelt_value exceeded the extrapolation cap (observed training log-max=11.224, cap=14.224) on 1 of 877 simulated rows; these draws were truncated to the cap before being converted back to the original scale.
Continuous g-computation draw for current_entgelt_value exceeded the extrapolation cap (observed training log-max=11.224, cap=14.224) on 4 of 877 simulated rows; these draws were truncated to the cap before being converted back to the original scale.
Continuous g-computation draw for current_entgelt_value exceeded the extrapolation cap (observed training log-max=11.224, cap=14.224) on 3 of 877 simulated rows; these draws were truncated to the cap before being converted back to the original scale.
Continuous g-computation draw for current_entgelt_value exceeded the extrapolation cap (observed training log-max=11.224, cap=14.224) on 1 of 877 simulated rows; these draws were truncated to the cap before being converted back to the original scale.
Continuous g-computation draw for current_entgelt_value exceeded the extrapolation cap (observed training log-max=11.224, cap=14.224) on 6 of 877 simulated rows; these draws were truncated to the cap before being converted back to the original scale.
Continuous g-computation draw for current_entgelt_value exceeded the extrapolation cap (observed training log-max=11.224, cap=14.224) on 5 of 877 simulated rows; these draws were truncated to the cap before being converted back to the original scale.
Continuous g-computation draw for current_entgelt_value exceeded the extrapolation cap (observed training log-max=11.224, cap=14.224) on 4 of 877 simulated rows; these draws were truncated to the cap before being converted back to the original scale.
Continuous g-computation draw for current_entgelt_value exceeded the extrapolation cap (observed training log-max=11.224, cap=14.224) on 4 of 877 simulated rows; these draws were truncated to the cap before being converted back to the original scale.
Continuous g-computation draw for current_entgelt_value exceeded the extrapolation cap (observed training log-max=11.224, cap=14.224) on 8 of 877 simulated rows; these draws were truncated to the cap before being converted back to the original scale.
Continuous g-computation draw for current_entgelt_value exceeded the extrapolation cap (observed training log-max=11.224, cap=14.224) on 5 of 877 simulated rows; these draws were truncated to the cap before being converted back to the original scale.
Continuous g-computation draw for current_entgelt_value exceeded the extrapolation cap (observed training log-max=11.224, cap=14.224) on 7 of 877 simulated rows; these draws were truncated to the cap before being converted back to the original scale.
Continuous g-computation draw for current_entgelt_value exceeded the extrapolation cap (observed training log-max=11.224, cap=14.224) on 8 of 877 simulated rows; these draws were truncated to the cap before being converted back to the original scale.
Continuous g-computation draw for current_entgelt_value exceeded the extrapolation cap (observed training log-max=11.224, cap=14.224) on 1 of 877 simulated rows; these draws were truncated to the cap before being converted back to the original scale.
Continuous g-computation draw for current_entgelt_value exceeded the extrapolation cap (observed training log-max=11.224, cap=14.224) on 1 of 877 simulated rows; these draws were truncated to the cap before being converted back to the original scale.
Continuous g-computation draw for current_entgelt_value exceeded the extrapolation cap (observed training log-max=11.224, cap=14.224) on 3 of 877 simulated rows; these draws were truncated to the cap before being converted back to the original scale.
Continuous g-computation draw for current_entgelt_value exceeded the extrapolation cap (observed training log-max=11.224, cap=14.224) on 8 of 877 simulated rows; these draws were truncated to the cap before being converted back to the original scale.
Continuous g-computation draw for current_entgelt_value exceeded the extrapolation cap (observed training log-max=11.224, cap=14.224) on 1 of 877 simulated rows; these draws were truncated to the cap before being converted back to the original scale.
Continuous g-computation draw for current_entgelt_value exceeded the extrapolation cap (observed training log-max=11.224, cap=14.224) on 3 of 877 simulated rows; these draws were truncated to the cap before being converted back to the original scale.
Continuous g-computation draw for current_entgelt_value exceeded the extrapolation cap (observed training log-max=11.224, cap=14.224) on 5 of 877 simulated rows; these draws were truncated to the cap before being converted back to the original scale.
Continuous g-computation draw for current_entgelt_value exceeded the extrapolation cap (observed training log-max=11.224, cap=14.224) on 10 of 877 simulated rows; these draws were truncated to the cap before being converted back to the original scale.
Continuous g-computation draw for current_entgelt_value exceeded the extrapolation cap (observed training log-max=11.224, cap=14.224) on 1 of 877 simulated rows; these draws were truncated to the cap before being converted back to the original scale.
Continuous g-computation draw for current_entgelt_value exceeded the extrapolation cap (observed training log-max=11.224, cap=14.224) on 5 of 877 simulated rows; these draws were truncated to the cap before being converted back to the original scale.
Continuous g-computation draw for current_entgelt_value exceeded the extrapolation cap (observed training log-max=11.224, cap=14.224) on 7 of 877 simulated rows; these draws were truncated to the cap before being converted back to the original scale.
Continuous g-computation draw for current_entgelt_value exceeded the extrapolation cap (observed training log-max=11.224, cap=14.224) on 5 of 877 simulated rows; these draws were truncated to the cap before being converted back to the original scale.
Continuous g-computation draw for current_entgelt_value exceeded the extrapolation cap (observed training log-max=11.224, cap=14.224) on 1 of 877 simulated rows; these draws were truncated to the cap before being converted back to the original scale.
Continuous g-computation draw for current_entgelt_value exceeded the extrapolation cap (observed training log-max=11.224, cap=14.224) on 5 of 877 simulated rows; these draws were truncated to the cap before being converted back to the original scale.
Continuous g-computation draw for current_entgelt_value exceeded the extrapolation cap (observed training log-max=11.224, cap=14.224) on 1 of 877 simulated rows; these draws were truncated to the cap before being converted back to the original scale.
Continuous g-computation draw for current_entgelt_value exceeded the extrapolation cap (observed training log-max=11.224, cap=14.224) on 3 of 877 simulated rows; these draws were truncated to the cap before being converted back to the original scale.
Continuous g-computation draw for current_entgelt_value exceeded the extrapolation cap (observed training log-max=11.224, cap=14.224) on 2 of 877 simulated rows; these draws were truncated to the cap before being converted back to the original scale.
Continuous g-computation draw for current_entgelt_value exceeded the extrapolation cap (observed training log-max=11.224, cap=14.224) on 9 of 877 simulated rows; these draws were truncated to the cap before being converted back to the original scale.
Continuous g-computation draw for current_entgelt_value exceeded the extrapolation cap (observed training log-max=11.224, cap=14.224) on 1 of 877 simulated rows; these draws were truncated to the cap before being converted back to the original scale.
Continuous g-computation draw for current_entgelt_value exceeded the extrapolation cap (observed training log-max=11.224, cap=14.224) on 9 of 877 simulated rows; these draws were truncated to the cap before being converted back to the original scale.
Continuous g-computation draw for current_entgelt_value exceeded the extrapolation cap (observed training log-max=11.224, cap=14.224) on 3 of 877 simulated rows; these draws were truncated to the cap before being converted back to the original scale.
Continuous g-computation draw for current_entgelt_value exceeded the extrapolation cap (observed training log-max=11.224, cap=14.224) on 1 of 877 simulated rows; these draws were truncated to the cap before being converted back to the original scale.
Continuous g-computation draw for current_entgelt_value exceeded the extrapolation cap (observed training log-max=11.224, cap=14.224) on 7 of 877 simulated rows; these draws were truncated to the cap before being converted back to the original scale.
Continuous g-computation draw for current_entgelt_value exceeded the extrapolation cap (observed training log-max=11.224, cap=14.224) on 9 of 877 simulated rows; these draws were truncated to the cap before being converted back to the original scale.
Continuous g-computation draw for current_entgelt_value exceeded the extrapolation cap (observed training log-max=11.224, cap=14.224) on 7 of 877 simulated rows; these draws were truncated to the cap before being converted back to the original scale.
Continuous g-computation draw for current_entgelt_value exceeded the extrapolation cap (observed training log-max=11.224, cap=14.224) on 3 of 877 simulated rows; these draws were truncated to the cap before being converted back to the original scale.
Continuous g-computation draw for current_entgelt_value exceeded the extrapolation cap (observed training log-max=11.224, cap=14.224) on 1 of 877 simulated rows; these draws were truncated to the cap before being converted back to the original scale.
Continuous g-computation draw for current_entgelt_value exceeded the extrapolation cap (observed training log-max=11.224, cap=14.224) on 2 of 877 simulated rows; these draws were truncated to the cap before being converted back to the original scale.
Continuous g-computation draw for current_entgelt_value exceeded the extrapolation cap (observed training log-max=11.224, cap=14.224) on 3 of 877 simulated rows; these draws were truncated to the cap before being converted back to the original scale.
Continuous g-computation draw for current_entgelt_value exceeded the extrapolation cap (observed training log-max=11.224, cap=14.224) on 1 of 877 simulated rows; these draws were truncated to the cap before being converted back to the original scale.
Continuous g-computation draw for current_entgelt_value exceeded the extrapolation cap (observed training log-max=11.224, cap=14.224) on 4 of 877 simulated rows; these draws were truncated to the cap before being converted back to the original scale.
Continuous g-computation draw for current_entgelt_value exceeded the extrapolation cap (observed training log-max=11.224, cap=14.224) on 1 of 877 simulated rows; these draws were truncated to the cap before being converted back to the original scale.
Continuous g-computation draw for current_entgelt_value exceeded the extrapolation cap (observed training log-max=11.224, cap=14.224) on 3 of 877 simulated rows; these draws were truncated to the cap before being converted back to the original scale.
Continuous g-computation draw for current_entgelt_value exceeded the extrapolation cap (observed training log-max=11.224, cap=14.224) on 6 of 877 simulated rows; these draws were truncated to the cap before being converted back to the original scale.
Continuous g-computation draw for current_entgelt_value exceeded the extrapolation cap (observed training log-max=11.224, cap=14.224) on 6 of 877 simulated rows; these draws were truncated to the cap before being converted back to the original scale.
Continuous g-computation draw for current_entgelt_value exceeded the extrapolation cap (observed training log-max=11.224, cap=14.224) on 5 of 877 simulated rows; these draws were truncated to the cap before being converted back to the original scale.
Continuous g-computation draw for current_entgelt_value exceeded the extrapolation cap (observed training log-max=11.224, cap=14.224) on 2 of 877 simulated rows; these draws were truncated to the cap before being converted back to the original scale.
Continuous g-computation draw for current_entgelt_value exceeded the extrapolation cap (observed training log-max=11.224, cap=14.224) on 8 of 877 simulated rows; these draws were truncated to the cap before being converted back to the original scale.
Continuous g-computation draw for current_entgelt_value exceeded the extrapolation cap (observed training log-max=11.224, cap=14.224) on 1 of 877 simulated rows; these draws were truncated to the cap before being converted back to the original scale.
Continuous g-computation draw for current_entgelt_value exceeded the extrapolation cap (observed training log-max=11.224, cap=14.224) on 3 of 877 simulated rows; these draws were truncated to the cap before being converted back to the original scale.
Continuous g-computation draw for current_entgelt_value exceeded the extrapolation cap (observed training log-max=11.224, cap=14.224) on 1 of 877 simulated rows; these draws were truncated to the cap before being converted back to the original scale.
Continuous g-computation draw for current_entgelt_value exceeded the extrapolation cap (observed training log-max=11.224, cap=14.224) on 7 of 877 simulated rows; these draws were truncated to the cap before being converted back to the original scale.
Continuous g-computation draw for current_entgelt_value exceeded the extrapolation cap (observed training log-max=11.224, cap=14.224) on 3 of 877 simulated rows; these draws were truncated to the cap before being converted back to the original scale.
Continuous g-computation draw for current_entgelt_value exceeded the extrapolation cap (observed training log-max=11.224, cap=14.224) on 5 of 877 simulated rows; these draws were truncated to the cap before being converted back to the original scale.
Continuous g-computation draw for current_entgelt_value exceeded the extrapolation cap (observed training log-max=11.224, cap=14.224) on 1 of 877 simulated rows; these draws were truncated to the cap before being converted back to the original scale.
Continuous g-computation draw for current_entgelt_value exceeded the extrapolation cap (observed training log-max=11.224, cap=14.224) on 6 of 877 simulated rows; these draws were truncated to the cap before being converted back to the original scale.
Continuous g-computation draw for current_entgelt_value exceeded the extrapolation cap (observed training log-max=11.224, cap=14.224) on 1 of 877 simulated rows; these draws were truncated to the cap before being converted back to the original scale.
Continuous g-computation draw for current_entgelt_value exceeded the extrapolation cap (observed training log-max=11.224, cap=14.224) on 4 of 877 simulated rows; these draws were truncated to the cap before being converted back to the original scale.
Continuous g-computation draw for current_entgelt_value exceeded the extrapolation cap (observed training log-max=11.224, cap=14.224) on 3 of 877 simulated rows; these draws were truncated to the cap before being converted back to the original scale.
Continuous g-computation draw for current_entgelt_value exceeded the extrapolation cap (observed training log-max=11.224, cap=14.224) on 4 of 877 simulated rows; these draws were truncated to the cap before being converted back to the original scale.
Continuous g-computation draw for current_entgelt_value exceeded the extrapolation cap (observed training log-max=11.224, cap=14.224) on 7 of 877 simulated rows; these draws were truncated to the cap before being converted back to the original scale.
Continuous g-computation draw for current_entgelt_value exceeded the extrapolation cap (observed training log-max=11.224, cap=14.224) on 5 of 877 simulated rows; these draws were truncated to the cap before being converted back to the original scale.
Continuous g-computation draw for current_entgelt_value exceeded the extrapolation cap (observed training log-max=11.224, cap=14.224) on 4 of 877 simulated rows; these draws were truncated to the cap before being converted back to the original scale.
Continuous g-computation draw for current_entgelt_value exceeded the extrapolation cap (observed training log-max=11.224, cap=14.224) on 2 of 877 simulated rows; these draws were truncated to the cap before being converted back to the original scale.
Continuous g-computation draw for current_entgelt_value exceeded the extrapolation cap (observed training log-max=11.224, cap=14.224) on 1 of 877 simulated rows; these draws were truncated to the cap before being converted back to the original scale.
Continuous g-computation draw for current_entgelt_value exceeded the extrapolation cap (observed training log-max=11.224, cap=14.224) on 7 of 877 simulated rows; these draws were truncated to the cap before being converted back to the original scale.
Continuous g-computation draw for current_entgelt_value exceeded the extrapolation cap (observed training log-max=11.224, cap=14.224) on 12 of 877 simulated rows; these draws were truncated to the cap before being converted back to the original scale.
Continuous g-computation draw for current_entgelt_value exceeded the extrapolation cap (observed training log-max=11.224, cap=14.224) on 5 of 877 simulated rows; these draws were truncated to the cap before being converted back to the original scale.
Continuous g-computation draw for current_entgelt_value exceeded the extrapolation cap (observed training log-max=11.224, cap=14.224) on 2 of 877 simulated rows; these draws were truncated to the cap before being converted back to the original scale.
Continuous g-computation draw for current_entgelt_value exceeded the extrapolation cap (observed training log-max=11.224, cap=14.224) on 1 of 877 simulated rows; these draws were truncated to the cap before being converted back to the original scale.
Continuous g-computation draw for current_entgelt_value exceeded the extrapolation cap (observed training log-max=11.224, cap=14.224) on 1 of 877 simulated rows; these draws were truncated to the cap before being converted back to the original scale.
Continuous g-computation draw for current_entgelt_value exceeded the extrapolation cap (observed training log-max=11.224, cap=14.224) on 6 of 877 simulated rows; these draws were truncated to the cap before being converted back to the original scale.
Continuous g-computation draw for current_entgelt_value exceeded the extrapolation cap (observed training log-max=11.224, cap=14.224) on 4 of 877 simulated rows; these draws were truncated to the cap before being converted back to the original scale.
Continuous g-computation draw for current_entgelt_value exceeded the extrapolation cap (observed training log-max=11.224, cap=14.224) on 6 of 877 simulated rows; these draws were truncated to the cap before being converted back to the original scale.
Continuous g-computation draw for current_entgelt_value exceeded the extrapolation cap (observed training log-max=11.224, cap=14.224) on 7 of 877 simulated rows; these draws were truncated to the cap before being converted back to the original scale.
Continuous g-computation draw for current_entgelt_value exceeded the extrapolation cap (observed training log-max=11.224, cap=14.224) on 3 of 877 simulated rows; these draws were truncated to the cap before being converted back to the original scale.
Continuous g-computation draw for current_entgelt_value exceeded the extrapolation cap (observed training log-max=11.224, cap=14.224) on 1 of 874 simulated rows; these draws were truncated to the cap before being converted back to the original scale.
Continuous g-computation draw for current_entgelt_value exceeded the extrapolation cap (observed training log-max=11.224, cap=14.224) on 15 of 874 simulated rows; these draws were truncated to the cap before being converted back to the original scale.
Continuous g-computation draw for current_entgelt_value exceeded the extrapolation cap (observed training log-max=11.224, cap=14.224) on 1 of 874 simulated rows; these draws were truncated to the cap before being converted back to the original scale.
Continuous g-computation draw for current_entgelt_value exceeded the extrapolation cap (observed training log-max=11.224, cap=14.224) on 12 of 874 simulated rows; these draws were truncated to the cap before being converted back to the original scale.
Continuous g-computation draw for current_entgelt_value exceeded the extrapolation cap (observed training log-max=11.224, cap=14.224) on 19 of 874 simulated rows; these draws were truncated to the cap before being converted back to the original scale.
Continuous g-computation draw for current_entgelt_value exceeded the extrapolation cap (observed training log-max=11.224, cap=14.224) on 4 of 874 simulated rows; these draws were truncated to the cap before being converted back to the original scale.
Continuous g-computation draw for current_entgelt_value exceeded the extrapolation cap (observed training log-max=11.224, cap=14.224) on 22 of 874 simulated rows; these draws were truncated to the cap before being converted back to the original scale.
Continuous g-computation draw for current_entgelt_value exceeded the extrapolation cap (observed training log-max=11.224, cap=14.224) on 6 of 874 simulated rows; these draws were truncated to the cap before being converted back to the original scale.
Continuous g-computation draw for current_entgelt_value exceeded the extrapolation cap (observed training log-max=11.224, cap=14.224) on 18 of 874 simulated rows; these draws were truncated to the cap before being converted back to the original scale.
Continuous g-computation draw for current_entgelt_value exceeded the extrapolation cap (observed training log-max=11.224, cap=14.224) on 1 of 874 simulated rows; these draws were truncated to the cap before being converted back to the original scale.
Continuous g-computation draw for current_entgelt_value exceeded the extrapolation cap (observed training log-max=11.224, cap=14.224) on 6 of 874 simulated rows; these draws were truncated to the cap before being converted back to the original scale.
Continuous g-computation draw for current_entgelt_value exceeded the extrapolation cap (observed training log-max=11.224, cap=14.224) on 7 of 874 simulated rows; these draws were truncated to the cap before being converted back to the original scale.
Continuous g-computation draw for current_entgelt_value exceeded the extrapolation cap (observed training log-max=11.224, cap=14.224) on 3 of 874 simulated rows; these draws were truncated to the cap before being converted back to the original scale.
Continuous g-computation draw for current_entgelt_value exceeded the extrapolation cap (observed training log-max=11.224, cap=14.224) on 19 of 874 simulated rows; these draws were truncated to the cap before being converted back to the original scale.
Continuous g-computation draw for current_entgelt_value exceeded the extrapolation cap (observed training log-max=11.224, cap=14.224) on 4 of 874 simulated rows; these draws were truncated to the cap before being converted back to the original scale.
Continuous g-computation draw for current_entgelt_value exceeded the extrapolation cap (observed training log-max=11.224, cap=14.224) on 17 of 874 simulated rows; these draws were truncated to the cap before being converted back to the original scale.
Continuous g-computation draw for current_entgelt_value exceeded the extrapolation cap (observed training log-max=11.224, cap=14.224) on 1 of 874 simulated rows; these draws were truncated to the cap before being converted back to the original scale.
Continuous g-computation draw for current_entgelt_value exceeded the extrapolation cap (observed training log-max=11.224, cap=14.224) on 18 of 874 simulated rows; these draws were truncated to the cap before being converted back to the original scale.
Continuous g-computation draw for current_entgelt_value exceeded the extrapolation cap (observed training log-max=11.224, cap=14.224) on 15 of 874 simulated rows; these draws were truncated to the cap before being converted back to the original scale.
Continuous g-computation draw for current_entgelt_value exceeded the extrapolation cap (observed training log-max=11.224, cap=14.224) on 1 of 874 simulated rows; these draws were truncated to the cap before being converted back to the original scale.
Continuous g-computation draw for current_entgelt_value exceeded the extrapolation cap (observed training log-max=11.224, cap=14.224) on 17 of 874 simulated rows; these draws were truncated to the cap before being converted back to the original scale.
Continuous g-computation draw for current_entgelt_value exceeded the extrapolation cap (observed training log-max=11.224, cap=14.224) on 1 of 874 simulated rows; these draws were truncated to the cap before being converted back to the original scale.
Continuous g-computation draw for current_entgelt_value exceeded the extrapolation cap (observed training log-max=11.224, cap=14.224) on 14 of 874 simulated rows; these draws were truncated to the cap before being converted back to the original scale.
Continuous g-computation draw for current_entgelt_value exceeded the extrapolation cap (observed training log-max=11.224, cap=14.224) on 2 of 874 simulated rows; these draws were truncated to the cap before being converted back to the original scale.
Continuous g-computation draw for current_entgelt_value exceeded the extrapolation cap (observed training log-max=11.224, cap=14.224) on 21 of 874 simulated rows; these draws were truncated to the cap before being converted back to the original scale.
Continuous g-computation draw for current_entgelt_value exceeded the extrapolation cap (observed training log-max=11.224, cap=14.224) on 13 of 874 simulated rows; these draws were truncated to the cap before being converted back to the original scale.
Continuous g-computation draw for current_entgelt_value exceeded the extrapolation cap (observed training log-max=11.224, cap=14.224) on 2 of 874 simulated rows; these draws were truncated to the cap before being converted back to the original scale.
Continuous g-computation draw for current_entgelt_value exceeded the extrapolation cap (observed training log-max=11.224, cap=14.224) on 15 of 874 simulated rows; these draws were truncated to the cap before being converted back to the original scale.
Continuous g-computation draw for current_entgelt_value exceeded the extrapolation cap (observed training log-max=11.224, cap=14.224) on 19 of 874 simulated rows; these draws were truncated to the cap before being converted back to the original scale.
Continuous g-computation draw for current_entgelt_value exceeded the extrapolation cap (observed training log-max=11.224, cap=14.224) on 1 of 874 simulated rows; these draws were truncated to the cap before being converted back to the original scale.
Continuous g-computation draw for current_entgelt_value exceeded the extrapolation cap (observed training log-max=11.224, cap=14.224) on 12 of 874 simulated rows; these draws were truncated to the cap before being converted back to the original scale.
Continuous g-computation draw for current_entgelt_value exceeded the extrapolation cap (observed training log-max=11.224, cap=14.224) on 14 of 874 simulated rows; these draws were truncated to the cap before being converted back to the original scale.
Continuous g-computation draw for current_entgelt_value exceeded the extrapolation cap (observed training log-max=11.224, cap=14.224) on 2 of 874 simulated rows; these draws were truncated to the cap before being converted back to the original scale.
Continuous g-computation draw for current_entgelt_value exceeded the extrapolation cap (observed training log-max=11.224, cap=14.224) on 15 of 874 simulated rows; these draws were truncated to the cap before being converted back to the original scale.
Continuous g-computation draw for current_entgelt_value exceeded the extrapolation cap (observed training log-max=11.224, cap=14.224) on 2 of 874 simulated rows; these draws were truncated to the cap before being converted back to the original scale.
Continuous g-computation draw for current_entgelt_value exceeded the extrapolation cap (observed training log-max=11.224, cap=14.224) on 11 of 874 simulated rows; these draws were truncated to the cap before being converted back to the original scale.
Continuous g-computation draw for current_entgelt_value exceeded the extrapolation cap (observed training log-max=11.224, cap=14.224) on 3 of 874 simulated rows; these draws were truncated to the cap before being converted back to the original scale.
Continuous g-computation draw for current_entgelt_value exceeded the extrapolation cap (observed training log-max=11.224, cap=14.224) on 23 of 874 simulated rows; these draws were truncated to the cap before being converted back to the original scale.
Continuous g-computation draw for current_entgelt_value exceeded the extrapolation cap (observed training log-max=11.224, cap=14.224) on 1 of 874 simulated rows; these draws were truncated to the cap before being converted back to the original scale.
Continuous g-computation draw for current_entgelt_value exceeded the extrapolation cap (observed training log-max=11.224, cap=14.224) on 12 of 874 simulated rows; these draws were truncated to the cap before being converted back to the original scale.
Continuous g-computation draw for current_entgelt_value exceeded the extrapolation cap (observed training log-max=11.224, cap=14.224) on 2 of 874 simulated rows; these draws were truncated to the cap before being converted back to the original scale.
Continuous g-computation draw for current_entgelt_value exceeded the extrapolation cap (observed training log-max=11.224, cap=14.224) on 17 of 874 simulated rows; these draws were truncated to the cap before being converted back to the original scale.
Continuous g-computation draw for current_entgelt_value exceeded the extrapolation cap (observed training log-max=11.224, cap=14.224) on 2 of 874 simulated rows; these draws were truncated to the cap before being converted back to the original scale.
2026-09-17 13:33:09,033 [INFO] __main__: Longitudinal mediation bootstrap: 16/20 replications completed (16 successful)
Continuous g-computation draw for current_entgelt_value exceeded the extrapolation cap (observed training log-max=11.224, cap=14.224) on 21 of 874 simulated rows; these draws were truncated to the cap before being converted back to the original scale.
Continuous g-computation draw for current_entgelt_value exceeded the extrapolation cap (observed training log-max=11.224, cap=14.224) on 3 of 874 simulated rows; these draws were truncated to the cap before being converted back to the original scale.
Continuous g-computation draw for current_entgelt_value exceeded the extrapolation cap (observed training log-max=11.224, cap=14.224) on 10 of 874 simulated rows; these draws were truncated to the cap before being converted back to the original scale.
Continuous g-computation draw for current_entgelt_value exceeded the extrapolation cap (observed training log-max=11.224, cap=14.224) on 3 of 874 simulated rows; these draws were truncated to the cap before being converted back to the original scale.
Continuous g-computation draw for current_entgelt_value exceeded the extrapolation cap (observed training log-max=11.224, cap=14.224) on 13 of 874 simulated rows; these draws were truncated to the cap before being converted back to the original scale.
Continuous g-computation draw for current_entgelt_value exceeded the extrapolation cap (observed training log-max=11.224, cap=14.224) on 4 of 874 simulated rows; these draws were truncated to the cap before being converted back to the original scale.
Continuous g-computation draw for current_entgelt_value exceeded the extrapolation cap (observed training log-max=11.224, cap=14.224) on 17 of 874 simulated rows; these draws were truncated to the cap before being converted back to the original scale.
Continuous g-computation draw for current_entgelt_value exceeded the extrapolation cap (observed training log-max=11.224, cap=14.224) on 1 of 874 simulated rows; these draws were truncated to the cap before being converted back to the original scale.
Continuous g-computation draw for current_entgelt_value exceeded the extrapolation cap (observed training log-max=11.224, cap=14.224) on 16 of 874 simulated rows; these draws were truncated to the cap before being converted back to the original scale.
Continuous g-computation draw for current_entgelt_value exceeded the extrapolation cap (observed training log-max=11.224, cap=14.224) on 17 of 874 simulated rows; these draws were truncated to the cap before being converted back to the original scale.
Continuous g-computation draw for current_entgelt_value exceeded the extrapolation cap (observed training log-max=11.224, cap=14.224) on 10 of 874 simulated rows; these draws were truncated to the cap before being converted back to the original scale.
Continuous g-computation draw for current_entgelt_value exceeded the extrapolation cap (observed training log-max=11.224, cap=14.224) on 1 of 874 simulated rows; these draws were truncated to the cap before being converted back to the original scale.
Continuous g-computation draw for current_entgelt_value exceeded the extrapolation cap (observed training log-max=11.224, cap=14.224) on 15 of 874 simulated rows; these draws were truncated to the cap before being converted back to the original scale.
Continuous g-computation draw for current_entgelt_value exceeded the extrapolation cap (observed training log-max=11.224, cap=14.224) on 2 of 874 simulated rows; these draws were truncated to the cap before being converted back to the original scale.
Continuous g-computation draw for current_entgelt_value exceeded the extrapolation cap (observed training log-max=11.224, cap=14.224) on 13 of 874 simulated rows; these draws were truncated to the cap before being converted back to the original scale.
Continuous g-computation draw for current_entgelt_value exceeded the extrapolation cap (observed training log-max=11.224, cap=14.224) on 2 of 874 simulated rows; these draws were truncated to the cap before being converted back to the original scale.
Continuous g-computation draw for current_entgelt_value exceeded the extrapolation cap (observed training log-max=11.224, cap=14.224) on 14 of 874 simulated rows; these draws were truncated to the cap before being converted back to the original scale.
Continuous g-computation draw for current_entgelt_value exceeded the extrapolation cap (observed training log-max=11.224, cap=14.224) on 20 of 874 simulated rows; these draws were truncated to the cap before being converted back to the original scale.
Continuous g-computation draw for current_entgelt_value exceeded the extrapolation cap (observed training log-max=11.224, cap=14.224) on 1 of 874 simulated rows; these draws were truncated to the cap before being converted back to the original scale.
Continuous g-computation draw for current_entgelt_value exceeded the extrapolation cap (observed training log-max=11.224, cap=14.224) on 13 of 874 simulated rows; these draws were truncated to the cap before being converted back to the original scale.
Continuous g-computation draw for current_entgelt_value exceeded the extrapolation cap (observed training log-max=11.224, cap=14.224) on 15 of 874 simulated rows; these draws were truncated to the cap before being converted back to the original scale.
Continuous g-computation draw for current_entgelt_value exceeded the extrapolation cap (observed training log-max=11.224, cap=14.224) on 16 of 874 simulated rows; these draws were truncated to the cap before being converted back to the original scale.
Continuous g-computation draw for current_entgelt_value exceeded the extrapolation cap (observed training log-max=11.224, cap=14.224) on 2 of 874 simulated rows; these draws were truncated to the cap before being converted back to the original scale.
Continuous g-computation draw for current_entgelt_value exceeded the extrapolation cap (observed training log-max=11.224, cap=14.224) on 21 of 874 simulated rows; these draws were truncated to the cap before being converted back to the original scale.
Continuous g-computation draw for current_entgelt_value exceeded the extrapolation cap (observed training log-max=11.224, cap=14.224) on 2 of 874 simulated rows; these draws were truncated to the cap before being converted back to the original scale.
Continuous g-computation draw for current_entgelt_value exceeded the extrapolation cap (observed training log-max=11.224, cap=14.224) on 23 of 874 simulated rows; these draws were truncated to the cap before being converted back to the original scale.
Continuous g-computation draw for current_entgelt_value exceeded the extrapolation cap (observed training log-max=11.224, cap=14.224) on 2 of 874 simulated rows; these draws were truncated to the cap before being converted back to the original scale.
Continuous g-computation draw for current_entgelt_value exceeded the extrapolation cap (observed training log-max=11.224, cap=14.224) on 25 of 874 simulated rows; these draws were truncated to the cap before being converted back to the original scale.
Continuous g-computation draw for current_entgelt_value exceeded the extrapolation cap (observed training log-max=11.224, cap=14.224) on 1 of 874 simulated rows; these draws were truncated to the cap before being converted back to the original scale.
Continuous g-computation draw for current_entgelt_value exceeded the extrapolation cap (observed training log-max=11.224, cap=14.224) on 14 of 874 simulated rows; these draws were truncated to the cap before being converted back to the original scale.
Continuous g-computation draw for current_entgelt_value exceeded the extrapolation cap (observed training log-max=11.224, cap=14.224) on 1 of 874 simulated rows; these draws were truncated to the cap before being converted back to the original scale.
Continuous g-computation draw for current_entgelt_value exceeded the extrapolation cap (observed training log-max=11.224, cap=14.224) on 16 of 874 simulated rows; these draws were truncated to the cap before being converted back to the original scale.
Continuous g-computation draw for current_entgelt_value exceeded the extrapolation cap (observed training log-max=11.224, cap=14.224) on 1 of 874 simulated rows; these draws were truncated to the cap before being converted back to the original scale.
Continuous g-computation draw for current_entgelt_value exceeded the extrapolation cap (observed training log-max=11.224, cap=14.224) on 12 of 874 simulated rows; these draws were truncated to the cap before being converted back to the original scale.
Continuous g-computation draw for current_entgelt_value exceeded the extrapolation cap (observed training log-max=11.224, cap=14.224) on 1 of 874 simulated rows; these draws were truncated to the cap before being converted back to the original scale.
Continuous g-computation draw for current_entgelt_value exceeded the extrapolation cap (observed training log-max=11.224, cap=14.224) on 2 of 874 simulated rows; these draws were truncated to the cap before being converted back to the original scale.
Continuous g-computation draw for current_entgelt_value exceeded the extrapolation cap (observed training log-max=11.224, cap=14.224) on 12 of 874 simulated rows; these draws were truncated to the cap before being converted back to the original scale.
Continuous g-computation draw for current_entgelt_value exceeded the extrapolation cap (observed training log-max=11.224, cap=14.224) on 1 of 874 simulated rows; these draws were truncated to the cap before being converted back to the original scale.
Continuous g-computation draw for current_entgelt_value exceeded the extrapolation cap (observed training log-max=11.224, cap=14.224) on 17 of 874 simulated rows; these draws were truncated to the cap before being converted back to the original scale.
Continuous g-computation draw for current_entgelt_value exceeded the extrapolation cap (observed training log-max=11.224, cap=14.224) on 5 of 874 simulated rows; these draws were truncated to the cap before being converted back to the original scale.
Continuous g-computation draw for current_entgelt_value exceeded the extrapolation cap (observed training log-max=11.224, cap=14.224) on 12 of 874 simulated rows; these draws were truncated to the cap before being converted back to the original scale.
Continuous g-computation draw for current_entgelt_value exceeded the extrapolation cap (observed training log-max=11.224, cap=14.224) on 1 of 874 simulated rows; these draws were truncated to the cap before being converted back to the original scale.
Continuous g-computation draw for current_entgelt_value exceeded the extrapolation cap (observed training log-max=11.224, cap=14.224) on 9 of 874 simulated rows; these draws were truncated to the cap before being converted back to the original scale.
Continuous g-computation draw for current_entgelt_value exceeded the extrapolation cap (observed training log-max=11.224, cap=14.224) on 11 of 874 simulated rows; these draws were truncated to the cap before being converted back to the original scale.
Continuous g-computation draw for current_entgelt_value exceeded the extrapolation cap (observed training log-max=11.224, cap=14.224) on 2 of 874 simulated rows; these draws were truncated to the cap before being converted back to the original scale.
Continuous g-computation draw for current_entgelt_value exceeded the extrapolation cap (observed training log-max=11.224, cap=14.224) on 21 of 874 simulated rows; these draws were truncated to the cap before being converted back to the original scale.
Continuous g-computation draw for current_entgelt_value exceeded the extrapolation cap (observed training log-max=11.224, cap=14.224) on 2 of 874 simulated rows; these draws were truncated to the cap before being converted back to the original scale.
Continuous g-computation draw for current_entgelt_value exceeded the extrapolation cap (observed training log-max=11.224, cap=14.224) on 15 of 874 simulated rows; these draws were truncated to the cap before being converted back to the original scale.
Continuous g-computation draw for current_entgelt_value exceeded the extrapolation cap (observed training log-max=11.224, cap=14.224) on 5 of 874 simulated rows; these draws were truncated to the cap before being converted back to the original scale.
Continuous g-computation draw for current_entgelt_value exceeded the extrapolation cap (observed training log-max=11.224, cap=14.224) on 20 of 874 simulated rows; these draws were truncated to the cap before being converted back to the original scale.
Continuous g-computation draw for current_entgelt_value exceeded the extrapolation cap (observed training log-max=11.224, cap=14.224) on 1 of 874 simulated rows; these draws were truncated to the cap before being converted back to the original scale.
Continuous g-computation draw for current_entgelt_value exceeded the extrapolation cap (observed training log-max=11.224, cap=14.224) on 13 of 874 simulated rows; these draws were truncated to the cap before being converted back to the original scale.
Continuous g-computation draw for current_entgelt_value exceeded the extrapolation cap (observed training log-max=11.224, cap=14.224) on 9 of 874 simulated rows; these draws were truncated to the cap before being converted back to the original scale.
Continuous g-computation draw for current_entgelt_value exceeded the extrapolation cap (observed training log-max=11.224, cap=14.224) on 1 of 874 simulated rows; these draws were truncated to the cap before being converted back to the original scale.
Continuous g-computation draw for current_entgelt_value exceeded the extrapolation cap (observed training log-max=11.224, cap=14.224) on 15 of 874 simulated rows; these draws were truncated to the cap before being converted back to the original scale.
Continuous g-computation draw for current_entgelt_value exceeded the extrapolation cap (observed training log-max=11.224, cap=14.224) on 2 of 874 simulated rows; these draws were truncated to the cap before being converted back to the original scale.
Continuous g-computation draw for current_entgelt_value exceeded the extrapolation cap (observed training log-max=11.224, cap=14.224) on 18 of 874 simulated rows; these draws were truncated to the cap before being converted back to the original scale.
Continuous g-computation draw for current_entgelt_value exceeded the extrapolation cap (observed training log-max=11.224, cap=14.224) on 3 of 874 simulated rows; these draws were truncated to the cap before being converted back to the original scale.
Continuous g-computation draw for current_entgelt_value exceeded the extrapolation cap (observed training log-max=11.224, cap=14.224) on 13 of 874 simulated rows; these draws were truncated to the cap before being converted back to the original scale.
Continuous g-computation draw for current_entgelt_value exceeded the extrapolation cap (observed training log-max=11.224, cap=14.224) on 18 of 874 simulated rows; these draws were truncated to the cap before being converted back to the original scale.
Continuous g-computation draw for current_entgelt_value exceeded the extrapolation cap (observed training log-max=11.224, cap=14.224) on 1 of 874 simulated rows; these draws were truncated to the cap before being converted back to the original scale.
Continuous g-computation draw for current_entgelt_value exceeded the extrapolation cap (observed training log-max=11.224, cap=14.224) on 15 of 874 simulated rows; these draws were truncated to the cap before being converted back to the original scale.
Continuous g-computation draw for current_entgelt_value exceeded the extrapolation cap (observed training log-max=11.224, cap=14.224) on 12 of 874 simulated rows; these draws were truncated to the cap before being converted back to the original scale.
Continuous g-computation draw for current_entgelt_value exceeded the extrapolation cap (observed training log-max=11.224, cap=14.224) on 14 of 874 simulated rows; these draws were truncated to the cap before being converted back to the original scale.
Continuous g-computation draw for current_entgelt_value exceeded the extrapolation cap (observed training log-max=11.224, cap=14.224) on 2 of 874 simulated rows; these draws were truncated to the cap before being converted back to the original scale.
Continuous g-computation draw for current_entgelt_value exceeded the extrapolation cap (observed training log-max=11.224, cap=14.224) on 12 of 874 simulated rows; these draws were truncated to the cap before being converted back to the original scale.
Continuous g-computation draw for current_entgelt_value exceeded the extrapolation cap (observed training log-max=11.224, cap=14.224) on 2 of 874 simulated rows; these draws were truncated to the cap before being converted back to the original scale.
Continuous g-computation draw for current_entgelt_value exceeded the extrapolation cap (observed training log-max=11.224, cap=14.224) on 15 of 874 simulated rows; these draws were truncated to the cap before being converted back to the original scale.
Continuous g-computation draw for current_entgelt_value exceeded the extrapolation cap (observed training log-max=11.224, cap=14.224) on 2 of 874 simulated rows; these draws were truncated to the cap before being converted back to the original scale.
Continuous g-computation draw for current_entgelt_value exceeded the extrapolation cap (observed training log-max=11.224, cap=14.224) on 16 of 874 simulated rows; these draws were truncated to the cap before being converted back to the original scale.
Continuous g-computation draw for current_entgelt_value exceeded the extrapolation cap (observed training log-max=11.224, cap=14.224) on 1 of 874 simulated rows; these draws were truncated to the cap before being converted back to the original scale.
Continuous g-computation draw for current_entgelt_value exceeded the extrapolation cap (observed training log-max=11.224, cap=14.224) on 14 of 874 simulated rows; these draws were truncated to the cap before being converted back to the original scale.
Continuous g-computation draw for current_entgelt_value exceeded the extrapolation cap (observed training log-max=11.224, cap=14.224) on 3 of 874 simulated rows; these draws were truncated to the cap before being converted back to the original scale.
Continuous g-computation draw for current_entgelt_value exceeded the extrapolation cap (observed training log-max=11.224, cap=14.224) on 16 of 874 simulated rows; these draws were truncated to the cap before being converted back to the original scale.
Continuous g-computation draw for current_entgelt_value exceeded the extrapolation cap (observed training log-max=11.224, cap=14.224) on 11 of 874 simulated rows; these draws were truncated to the cap before being converted back to the original scale.
Continuous g-computation draw for current_entgelt_value exceeded the extrapolation cap (observed training log-max=11.224, cap=14.224) on 2 of 874 simulated rows; these draws were truncated to the cap before being converted back to the original scale.
Continuous g-computation draw for current_entgelt_value exceeded the extrapolation cap (observed training log-max=11.224, cap=14.224) on 11 of 874 simulated rows; these draws were truncated to the cap before being converted back to the original scale.
Continuous g-computation draw for current_entgelt_value exceeded the extrapolation cap (observed training log-max=11.224, cap=14.224) on 3 of 874 simulated rows; these draws were truncated to the cap before being converted back to the original scale.
Continuous g-computation draw for current_entgelt_value exceeded the extrapolation cap (observed training log-max=11.224, cap=14.224) on 13 of 874 simulated rows; these draws were truncated to the cap before being converted back to the original scale.
Continuous g-computation draw for current_entgelt_value exceeded the extrapolation cap (observed training log-max=11.224, cap=14.224) on 1 of 874 simulated rows; these draws were truncated to the cap before being converted back to the original scale.
Continuous g-computation draw for current_entgelt_value exceeded the extrapolation cap (observed training log-max=11.224, cap=14.224) on 20 of 874 simulated rows; these draws were truncated to the cap before being converted back to the original scale.
Continuous g-computation draw for current_entgelt_value exceeded the extrapolation cap (observed training log-max=11.224, cap=14.224) on 18 of 874 simulated rows; these draws were truncated to the cap before being converted back to the original scale.
Continuous g-computation draw for current_entgelt_value exceeded the extrapolation cap (observed training log-max=11.224, cap=14.224) on 1 of 874 simulated rows; these draws were truncated to the cap before being converted back to the original scale.
Continuous g-computation draw for current_entgelt_value exceeded the extrapolation cap (observed training log-max=11.224, cap=14.224) on 18 of 874 simulated rows; these draws were truncated to the cap before being converted back to the original scale.
Continuous g-computation draw for current_entgelt_value exceeded the extrapolation cap (observed training log-max=11.224, cap=14.224) on 2 of 874 simulated rows; these draws were truncated to the cap before being converted back to the original scale.
Continuous g-computation draw for current_entgelt_value exceeded the extrapolation cap (observed training log-max=11.224, cap=14.224) on 14 of 874 simulated rows; these draws were truncated to the cap before being converted back to the original scale.
Continuous g-computation draw for current_entgelt_value exceeded the extrapolation cap (observed training log-max=11.224, cap=14.224) on 2 of 874 simulated rows; these draws were truncated to the cap before being converted back to the original scale.
Continuous g-computation draw for current_entgelt_value exceeded the extrapolation cap (observed training log-max=11.224, cap=14.224) on 16 of 874 simulated rows; these draws were truncated to the cap before being converted back to the original scale.
Continuous g-computation draw for current_entgelt_value exceeded the extrapolation cap (observed training log-max=11.224, cap=14.224) on 13 of 874 simulated rows; these draws were truncated to the cap before being converted back to the original scale.
Continuous g-computation draw for current_entgelt_value exceeded the extrapolation cap (observed training log-max=11.224, cap=14.224) on 2 of 874 simulated rows; these draws were truncated to the cap before being converted back to the original scale.
Continuous g-computation draw for current_entgelt_value exceeded the extrapolation cap (observed training log-max=11.224, cap=14.224) on 15 of 874 simulated rows; these draws were truncated to the cap before being converted back to the original scale.
Continuous g-computation draw for current_entgelt_value exceeded the extrapolation cap (observed training log-max=11.224, cap=14.224) on 3 of 874 simulated rows; these draws were truncated to the cap before being converted back to the original scale.
Continuous g-computation draw for current_entgelt_value exceeded the extrapolation cap (observed training log-max=11.224, cap=14.224) on 16 of 874 simulated rows; these draws were truncated to the cap before being converted back to the original scale.
Continuous g-computation draw for current_entgelt_value exceeded the extrapolation cap (observed training log-max=11.224, cap=14.224) on 2 of 874 simulated rows; these draws were truncated to the cap before being converted back to the original scale.
Continuous g-computation draw for current_entgelt_value exceeded the extrapolation cap (observed training log-max=11.224, cap=14.224) on 13 of 874 simulated rows; these draws were truncated to the cap before being converted back to the original scale.
Continuous g-computation draw for current_entgelt_value exceeded the extrapolation cap (observed training log-max=11.224, cap=14.224) on 3 of 874 simulated rows; these draws were truncated to the cap before being converted back to the original scale.
Continuous g-computation draw for current_entgelt_value exceeded the extrapolation cap (observed training log-max=11.224, cap=14.224) on 12 of 874 simulated rows; these draws were truncated to the cap before being converted back to the original scale.
Continuous g-computation draw for current_entgelt_value exceeded the extrapolation cap (observed training log-max=11.224, cap=14.224) on 1 of 874 simulated rows; these draws were truncated to the cap before being converted back to the original scale.
Continuous g-computation draw for current_entgelt_value exceeded the extrapolation cap (observed training log-max=11.224, cap=14.224) on 11 of 874 simulated rows; these draws were truncated to the cap before being converted back to the original scale.
Continuous g-computation draw for current_entgelt_value exceeded the extrapolation cap (observed training log-max=11.224, cap=14.224) on 9 of 874 simulated rows; these draws were truncated to the cap before being converted back to the original scale.
Continuous g-computation draw for current_entgelt_value exceeded the extrapolation cap (observed training log-max=11.224, cap=14.224) on 1 of 874 simulated rows; these draws were truncated to the cap before being converted back to the original scale.
Continuous g-computation draw for current_entgelt_value exceeded the extrapolation cap (observed training log-max=11.224, cap=14.224) on 16 of 874 simulated rows; these draws were truncated to the cap before being converted back to the original scale.
Continuous g-computation draw for current_entgelt_value exceeded the extrapolation cap (observed training log-max=11.224, cap=14.224) on 3 of 874 simulated rows; these draws were truncated to the cap before being converted back to the original scale.
Continuous g-computation draw for current_entgelt_value exceeded the extrapolation cap (observed training log-max=11.224, cap=14.224) on 20 of 874 simulated rows; these draws were truncated to the cap before being converted back to the original scale.
Continuous g-computation draw for current_entgelt_value exceeded the extrapolation cap (observed training log-max=11.224, cap=14.224) on 1 of 874 simulated rows; these draws were truncated to the cap before being converted back to the original scale.
Continuous g-computation draw for current_entgelt_value exceeded the extrapolation cap (observed training log-max=11.224, cap=14.224) on 14 of 874 simulated rows; these draws were truncated to the cap before being converted back to the original scale.
Continuous g-computation draw for current_entgelt_value exceeded the extrapolation cap (observed training log-max=11.224, cap=14.224) on 1 of 874 simulated rows; these draws were truncated to the cap before being converted back to the original scale.
Continuous g-computation draw for current_entgelt_value exceeded the extrapolation cap (observed training log-max=11.224, cap=14.224) on 12 of 874 simulated rows; these draws were truncated to the cap before being converted back to the original scale.
Continuous g-computation draw for current_entgelt_value exceeded the extrapolation cap (observed training log-max=11.224, cap=14.224) on 1 of 874 simulated rows; these draws were truncated to the cap before being converted back to the original scale.
Continuous g-computation draw for current_entgelt_value exceeded the extrapolation cap (observed training log-max=11.224, cap=14.224) on 13 of 874 simulated rows; these draws were truncated to the cap before being converted back to the original scale.
Continuous g-computation draw for current_entgelt_value exceeded the extrapolation cap (observed training log-max=11.224, cap=14.224) on 14 of 874 simulated rows; these draws were truncated to the cap before being converted back to the original scale.
Continuous g-computation draw for current_entgelt_value exceeded the extrapolation cap (observed training log-max=11.224, cap=14.224) on 1 of 874 simulated rows; these draws were truncated to the cap before being converted back to the original scale.
Continuous g-computation draw for current_entgelt_value exceeded the extrapolation cap (observed training log-max=11.224, cap=14.224) on 15 of 874 simulated rows; these draws were truncated to the cap before being converted back to the original scale.
Continuous g-computation draw for current_entgelt_value exceeded the extrapolation cap (observed training log-max=11.224, cap=14.224) on 2 of 874 simulated rows; these draws were truncated to the cap before being converted back to the original scale.
Continuous g-computation draw for current_entgelt_value exceeded the extrapolation cap (observed training log-max=11.224, cap=14.224) on 17 of 874 simulated rows; these draws were truncated to the cap before being converted back to the original scale.
Continuous g-computation draw for current_entgelt_value exceeded the extrapolation cap (observed training log-max=11.224, cap=14.224) on 1 of 874 simulated rows; these draws were truncated to the cap before being converted back to the original scale.
Continuous g-computation draw for current_entgelt_value exceeded the extrapolation cap (observed training log-max=11.224, cap=14.224) on 13 of 874 simulated rows; these draws were truncated to the cap before being converted back to the original scale.
Continuous g-computation draw for current_entgelt_value exceeded the extrapolation cap (observed training log-max=11.224, cap=14.224) on 1 of 874 simulated rows; these draws were truncated to the cap before being converted back to the original scale.
Continuous g-computation draw for current_entgelt_value exceeded the extrapolation cap (observed training log-max=11.224, cap=14.224) on 14 of 874 simulated rows; these draws were truncated to the cap before being converted back to the original scale.
Continuous g-computation draw for current_entgelt_value exceeded the extrapolation cap (observed training log-max=11.224, cap=14.224) on 2 of 874 simulated rows; these draws were truncated to the cap before being converted back to the original scale.
Continuous g-computation draw for current_entgelt_value exceeded the extrapolation cap (observed training log-max=11.224, cap=14.224) on 16 of 874 simulated rows; these draws were truncated to the cap before being converted back to the original scale.
Continuous g-computation draw for current_entgelt_value exceeded the extrapolation cap (observed training log-max=11.224, cap=14.224) on 1 of 874 simulated rows; these draws were truncated to the cap before being converted back to the original scale.
Continuous g-computation draw for current_entgelt_value exceeded the extrapolation cap (observed training log-max=11.224, cap=14.224) on 7 of 874 simulated rows; these draws were truncated to the cap before being converted back to the original scale.
Continuous g-computation draw for current_entgelt_value exceeded the extrapolation cap (observed training log-max=11.224, cap=14.224) on 1 of 874 simulated rows; these draws were truncated to the cap before being converted back to the original scale.
Continuous g-computation draw for current_entgelt_value exceeded the extrapolation cap (observed training log-max=11.224, cap=14.224) on 11 of 874 simulated rows; these draws were truncated to the cap before being converted back to the original scale.
Continuous g-computation draw for current_entgelt_value exceeded the extrapolation cap (observed training log-max=11.224, cap=14.224) on 1 of 874 simulated rows; these draws were truncated to the cap before being converted back to the original scale.
Continuous g-computation draw for current_entgelt_value exceeded the extrapolation cap (observed training log-max=11.224, cap=14.224) on 12 of 874 simulated rows; these draws were truncated to the cap before being converted back to the original scale.
Continuous g-computation draw for current_entgelt_value exceeded the extrapolation cap (observed training log-max=11.224, cap=14.224) on 10 of 874 simulated rows; these draws were truncated to the cap before being converted back to the original scale.
Continuous g-computation draw for current_entgelt_value exceeded the extrapolation cap (observed training log-max=11.224, cap=14.224) on 1 of 874 simulated rows; these draws were truncated to the cap before being converted back to the original scale.
Continuous g-computation draw for current_entgelt_value exceeded the extrapolation cap (observed training log-max=11.224, cap=14.224) on 22 of 874 simulated rows; these draws were truncated to the cap before being converted back to the original scale.
Continuous g-computation draw for current_entgelt_value exceeded the extrapolation cap (observed training log-max=11.224, cap=14.224) on 2 of 874 simulated rows; these draws were truncated to the cap before being converted back to the original scale.
Continuous g-computation draw for current_entgelt_value exceeded the extrapolation cap (observed training log-max=11.224, cap=14.224) on 16 of 874 simulated rows; these draws were truncated to the cap before being converted back to the original scale.
Continuous g-computation draw for current_entgelt_value exceeded the extrapolation cap (observed training log-max=11.224, cap=14.224) on 2 of 874 simulated rows; these draws were truncated to the cap before being converted back to the original scale.
Continuous g-computation draw for current_entgelt_value exceeded the extrapolation cap (observed training log-max=11.224, cap=14.224) on 10 of 874 simulated rows; these draws were truncated to the cap before being converted back to the original scale.
Continuous g-computation draw for current_entgelt_value exceeded the extrapolation cap (observed training log-max=11.224, cap=14.224) on 3 of 874 simulated rows; these draws were truncated to the cap before being converted back to the original scale.
Continuous g-computation draw for current_entgelt_value exceeded the extrapolation cap (observed training log-max=11.224, cap=14.224) on 17 of 874 simulated rows; these draws were truncated to the cap before being converted back to the original scale.
Continuous g-computation draw for current_entgelt_value exceeded the extrapolation cap (observed training log-max=11.224, cap=14.224) on 4 of 874 simulated rows; these draws were truncated to the cap before being converted back to the original scale.
Continuous g-computation draw for current_entgelt_value exceeded the extrapolation cap (observed training log-max=11.224, cap=14.224) on 13 of 874 simulated rows; these draws were truncated to the cap before being converted back to the original scale.
Continuous g-computation draw for current_entgelt_value exceeded the extrapolation cap (observed training log-max=11.224, cap=14.224) on 4 of 874 simulated rows; these draws were truncated to the cap before being converted back to the original scale.
Continuous g-computation draw for current_entgelt_value exceeded the extrapolation cap (observed training log-max=11.224, cap=14.224) on 16 of 874 simulated rows; these draws were truncated to the cap before being converted back to the original scale.
Continuous g-computation draw for current_entgelt_value exceeded the extrapolation cap (observed training log-max=11.224, cap=14.224) on 4 of 874 simulated rows; these draws were truncated to the cap before being converted back to the original scale.
Continuous g-computation draw for current_entgelt_value exceeded the extrapolation cap (observed training log-max=11.224, cap=14.224) on 23 of 874 simulated rows; these draws were truncated to the cap before being converted back to the original scale.
Continuous g-computation draw for current_entgelt_value exceeded the extrapolation cap (observed training log-max=11.224, cap=14.224) on 5 of 874 simulated rows; these draws were truncated to the cap before being converted back to the original scale.
Continuous g-computation draw for current_entgelt_value exceeded the extrapolation cap (observed training log-max=11.224, cap=14.224) on 18 of 874 simulated rows; these draws were truncated to the cap before being converted back to the original scale.
Continuous g-computation draw for current_entgelt_value exceeded the extrapolation cap (observed training log-max=11.224, cap=14.224) on 3 of 874 simulated rows; these draws were truncated to the cap before being converted back to the original scale.
Continuous g-computation draw for current_entgelt_value exceeded the extrapolation cap (observed training log-max=11.224, cap=14.224) on 15 of 874 simulated rows; these draws were truncated to the cap before being converted back to the original scale.
Continuous g-computation draw for current_entgelt_value exceeded the extrapolation cap (observed training log-max=11.224, cap=14.224) on 3 of 874 simulated rows; these draws were truncated to the cap before being converted back to the original scale.
Continuous g-computation draw for current_entgelt_value exceeded the extrapolation cap (observed training log-max=11.224, cap=14.224) on 17 of 874 simulated rows; these draws were truncated to the cap before being converted back to the original scale.
Continuous g-computation draw for current_entgelt_value exceeded the extrapolation cap (observed training log-max=11.224, cap=14.224) on 1 of 874 simulated rows; these draws were truncated to the cap before being converted back to the original scale.
Continuous g-computation draw for current_entgelt_value exceeded the extrapolation cap (observed training log-max=11.224, cap=14.224) on 9 of 874 simulated rows; these draws were truncated to the cap before being converted back to the original scale.
Continuous g-computation draw for current_entgelt_value exceeded the extrapolation cap (observed training log-max=11.224, cap=14.224) on 12 of 874 simulated rows; these draws were truncated to the cap before being converted back to the original scale.
Continuous g-computation draw for current_entgelt_value exceeded the extrapolation cap (observed training log-max=11.224, cap=14.224) on 1 of 874 simulated rows; these draws were truncated to the cap before being converted back to the original scale.
Continuous g-computation draw for current_entgelt_value exceeded the extrapolation cap (observed training log-max=11.224, cap=14.224) on 15 of 874 simulated rows; these draws were truncated to the cap before being converted back to the original scale.
Continuous g-computation draw for current_entgelt_value exceeded the extrapolation cap (observed training log-max=11.224, cap=14.224) on 1 of 874 simulated rows; these draws were truncated to the cap before being converted back to the original scale.
Continuous g-computation draw for current_entgelt_value exceeded the extrapolation cap (observed training log-max=11.224, cap=14.224) on 14 of 874 simulated rows; these draws were truncated to the cap before being converted back to the original scale.
Continuous g-computation draw for current_entgelt_value exceeded the extrapolation cap (observed training log-max=11.224, cap=14.224) on 2 of 874 simulated rows; these draws were truncated to the cap before being converted back to the original scale.
Continuous g-computation draw for current_entgelt_value exceeded the extrapolation cap (observed training log-max=11.224, cap=14.224) on 15 of 874 simulated rows; these draws were truncated to the cap before being converted back to the original scale.
Continuous g-computation draw for current_entgelt_value exceeded the extrapolation cap (observed training log-max=11.224, cap=14.224) on 3 of 874 simulated rows; these draws were truncated to the cap before being converted back to the original scale.
Continuous g-computation draw for current_entgelt_value exceeded the extrapolation cap (observed training log-max=11.224, cap=14.224) on 17 of 874 simulated rows; these draws were truncated to the cap before being converted back to the original scale.
Continuous g-computation draw for current_entgelt_value exceeded the extrapolation cap (observed training log-max=11.224, cap=14.224) on 2 of 874 simulated rows; these draws were truncated to the cap before being converted back to the original scale.
Continuous g-computation draw for current_entgelt_value exceeded the extrapolation cap (observed training log-max=11.224, cap=14.224) on 12 of 874 simulated rows; these draws were truncated to the cap before being converted back to the original scale.
Continuous g-computation draw for current_entgelt_value exceeded the extrapolation cap (observed training log-max=11.224, cap=14.224) on 1 of 874 simulated rows; these draws were truncated to the cap before being converted back to the original scale.
Continuous g-computation draw for current_entgelt_value exceeded the extrapolation cap (observed training log-max=11.224, cap=14.224) on 10 of 874 simulated rows; these draws were truncated to the cap before being converted back to the original scale.
Continuous g-computation draw for current_entgelt_value exceeded the extrapolation cap (observed training log-max=11.224, cap=14.224) on 6 of 874 simulated rows; these draws were truncated to the cap before being converted back to the original scale.
Continuous g-computation draw for current_entgelt_value exceeded the extrapolation cap (observed training log-max=11.224, cap=14.224) on 19 of 874 simulated rows; these draws were truncated to the cap before being converted back to the original scale.
Continuous g-computation draw for current_entgelt_value exceeded the extrapolation cap (observed training log-max=11.224, cap=14.224) on 5 of 874 simulated rows; these draws were truncated to the cap before being converted back to the original scale.
Continuous g-computation draw for current_entgelt_value exceeded the extrapolation cap (observed training log-max=11.224, cap=14.224) on 16 of 874 simulated rows; these draws were truncated to the cap before being converted back to the original scale.
Continuous g-computation draw for current_entgelt_value exceeded the extrapolation cap (observed training log-max=11.224, cap=14.224) on 2 of 874 simulated rows; these draws were truncated to the cap before being converted back to the original scale.
Continuous g-computation draw for current_entgelt_value exceeded the extrapolation cap (observed training log-max=11.224, cap=14.224) on 12 of 874 simulated rows; these draws were truncated to the cap before being converted back to the original scale.
Continuous g-computation draw for current_entgelt_value exceeded the extrapolation cap (observed training log-max=11.224, cap=14.224) on 3 of 874 simulated rows; these draws were truncated to the cap before being converted back to the original scale.
Continuous g-computation draw for current_entgelt_value exceeded the extrapolation cap (observed training log-max=11.224, cap=14.224) on 21 of 874 simulated rows; these draws were truncated to the cap before being converted back to the original scale.
Continuous g-computation draw for current_entgelt_value exceeded the extrapolation cap (observed training log-max=11.224, cap=14.224) on 2 of 874 simulated rows; these draws were truncated to the cap before being converted back to the original scale.
Continuous g-computation draw for current_entgelt_value exceeded the extrapolation cap (observed training log-max=11.224, cap=14.224) on 12 of 874 simulated rows; these draws were truncated to the cap before being converted back to the original scale.
Continuous g-computation draw for current_entgelt_value exceeded the extrapolation cap (observed training log-max=11.224, cap=14.224) on 9 of 874 simulated rows; these draws were truncated to the cap before being converted back to the original scale.
Continuous g-computation draw for current_entgelt_value exceeded the extrapolation cap (observed training log-max=11.224, cap=14.224) on 2 of 874 simulated rows; these draws were truncated to the cap before being converted back to the original scale.
Continuous g-computation draw for current_entgelt_value exceeded the extrapolation cap (observed training log-max=11.224, cap=14.224) on 17 of 874 simulated rows; these draws were truncated to the cap before being converted back to the original scale.
Continuous g-computation draw for current_entgelt_value exceeded the extrapolation cap (observed training log-max=11.224, cap=14.224) on 16 of 874 simulated rows; these draws were truncated to the cap before being converted back to the original scale.
Continuous g-computation draw for current_entgelt_value exceeded the extrapolation cap (observed training log-max=11.224, cap=14.224) on 2 of 874 simulated rows; these draws were truncated to the cap before being converted back to the original scale.
Continuous g-computation draw for current_entgelt_value exceeded the extrapolation cap (observed training log-max=11.224, cap=14.224) on 9 of 874 simulated rows; these draws were truncated to the cap before being converted back to the original scale.
Continuous g-computation draw for current_entgelt_value exceeded the extrapolation cap (observed training log-max=11.224, cap=14.224) on 3 of 874 simulated rows; these draws were truncated to the cap before being converted back to the original scale.
Continuous g-computation draw for current_entgelt_value exceeded the extrapolation cap (observed training log-max=11.224, cap=14.224) on 18 of 874 simulated rows; these draws were truncated to the cap before being converted back to the original scale.
Continuous g-computation draw for current_entgelt_value exceeded the extrapolation cap (observed training log-max=11.224, cap=14.224) on 1 of 874 simulated rows; these draws were truncated to the cap before being converted back to the original scale.
Continuous g-computation draw for current_entgelt_value exceeded the extrapolation cap (observed training log-max=11.224, cap=14.224) on 17 of 874 simulated rows; these draws were truncated to the cap before being converted back to the original scale.
Continuous g-computation draw for current_entgelt_value exceeded the extrapolation cap (observed training log-max=11.224, cap=14.224) on 12 of 874 simulated rows; these draws were truncated to the cap before being converted back to the original scale.
Continuous g-computation draw for current_entgelt_value exceeded the extrapolation cap (observed training log-max=11.224, cap=14.224) on 1 of 874 simulated rows; these draws were truncated to the cap before being converted back to the original scale.
Continuous g-computation draw for current_entgelt_value exceeded the extrapolation cap (observed training log-max=11.224, cap=14.224) on 13 of 874 simulated rows; these draws were truncated to the cap before being converted back to the original scale.
Continuous g-computation draw for current_entgelt_value exceeded the extrapolation cap (observed training log-max=11.224, cap=14.224) on 2 of 874 simulated rows; these draws were truncated to the cap before being converted back to the original scale.
Continuous g-computation draw for current_entgelt_value exceeded the extrapolation cap (observed training log-max=11.224, cap=14.224) on 17 of 874 simulated rows; these draws were truncated to the cap before being converted back to the original scale.
Continuous g-computation draw for current_entgelt_value exceeded the extrapolation cap (observed training log-max=11.224, cap=14.224) on 1 of 874 simulated rows; these draws were truncated to the cap before being converted back to the original scale.
Continuous g-computation draw for current_entgelt_value exceeded the extrapolation cap (observed training log-max=11.224, cap=14.224) on 10 of 874 simulated rows; these draws were truncated to the cap before being converted back to the original scale.
Continuous g-computation draw for current_entgelt_value exceeded the extrapolation cap (observed training log-max=11.224, cap=14.224) on 1 of 874 simulated rows; these draws were truncated to the cap before being converted back to the original scale.
Continuous g-computation draw for current_entgelt_value exceeded the extrapolation cap (observed training log-max=11.224, cap=14.224) on 15 of 874 simulated rows; these draws were truncated to the cap before being converted back to the original scale.
Continuous g-computation draw for current_entgelt_value exceeded the extrapolation cap (observed training log-max=11.224, cap=14.224) on 2 of 874 simulated rows; these draws were truncated to the cap before being converted back to the original scale.
Continuous g-computation draw for current_entgelt_value exceeded the extrapolation cap (observed training log-max=11.224, cap=14.224) on 20 of 874 simulated rows; these draws were truncated to the cap before being converted back to the original scale.
Continuous g-computation draw for current_entgelt_value exceeded the extrapolation cap (observed training log-max=11.224, cap=14.224) on 2 of 874 simulated rows; these draws were truncated to the cap before being converted back to the original scale.
Continuous g-computation draw for current_entgelt_value exceeded the extrapolation cap (observed training log-max=11.224, cap=14.224) on 21 of 874 simulated rows; these draws were truncated to the cap before being converted back to the original scale.
Continuous g-computation draw for current_entgelt_value exceeded the extrapolation cap (observed training log-max=11.224, cap=14.224) on 10 of 874 simulated rows; these draws were truncated to the cap before being converted back to the original scale.
Continuous g-computation draw for current_entgelt_value exceeded the extrapolation cap (observed training log-max=11.224, cap=14.224) on 1 of 874 simulated rows; these draws were truncated to the cap before being converted back to the original scale.
Continuous g-computation draw for current_entgelt_value exceeded the extrapolation cap (observed training log-max=11.224, cap=14.224) on 16 of 874 simulated rows; these draws were truncated to the cap before being converted back to the original scale.
Continuous g-computation draw for current_entgelt_value exceeded the extrapolation cap (observed training log-max=11.224, cap=14.224) on 4 of 874 simulated rows; these draws were truncated to the cap before being converted back to the original scale.
Continuous g-computation draw for current_entgelt_value exceeded the extrapolation cap (observed training log-max=11.224, cap=14.224) on 9 of 874 simulated rows; these draws were truncated to the cap before being converted back to the original scale.
Continuous g-computation draw for current_entgelt_value exceeded the extrapolation cap (observed training log-max=11.224, cap=14.224) on 2 of 874 simulated rows; these draws were truncated to the cap before being converted back to the original scale.
Continuous g-computation draw for current_entgelt_value exceeded the extrapolation cap (observed training log-max=11.224, cap=14.224) on 18 of 874 simulated rows; these draws were truncated to the cap before being converted back to the original scale.
Continuous g-computation draw for current_entgelt_value exceeded the extrapolation cap (observed training log-max=11.224, cap=14.224) on 3 of 874 simulated rows; these draws were truncated to the cap before being converted back to the original scale.
Continuous g-computation draw for current_entgelt_value exceeded the extrapolation cap (observed training log-max=11.224, cap=14.224) on 13 of 874 simulated rows; these draws were truncated to the cap before being converted back to the original scale.
Continuous g-computation draw for current_entgelt_value exceeded the extrapolation cap (observed training log-max=11.224, cap=14.224) on 2 of 874 simulated rows; these draws were truncated to the cap before being converted back to the original scale.
Continuous g-computation draw for current_entgelt_value exceeded the extrapolation cap (observed training log-max=11.224, cap=14.224) on 16 of 874 simulated rows; these draws were truncated to the cap before being converted back to the original scale.
Continuous g-computation draw for current_entgelt_value exceeded the extrapolation cap (observed training log-max=11.224, cap=14.224) on 16 of 874 simulated rows; these draws were truncated to the cap before being converted back to the original scale.
Continuous g-computation draw for current_entgelt_value exceeded the extrapolation cap (observed training log-max=11.224, cap=14.224) on 3 of 874 simulated rows; these draws were truncated to the cap before being converted back to the original scale.
Continuous g-computation draw for current_entgelt_value exceeded the extrapolation cap (observed training log-max=11.224, cap=14.224) on 12 of 874 simulated rows; these draws were truncated to the cap before being converted back to the original scale.
Continuous g-computation draw for current_entgelt_value exceeded the extrapolation cap (observed training log-max=11.224, cap=14.224) on 2 of 874 simulated rows; these draws were truncated to the cap before being converted back to the original scale.
Continuous g-computation draw for current_entgelt_value exceeded the extrapolation cap (observed training log-max=11.224, cap=14.224) on 11 of 874 simulated rows; these draws were truncated to the cap before being converted back to the original scale.
Continuous g-computation draw for current_entgelt_value exceeded the extrapolation cap (observed training log-max=11.224, cap=14.224) on 2 of 874 simulated rows; these draws were truncated to the cap before being converted back to the original scale.
Continuous g-computation draw for current_entgelt_value exceeded the extrapolation cap (observed training log-max=11.224, cap=14.224) on 16 of 874 simulated rows; these draws were truncated to the cap before being converted back to the original scale.
Continuous g-computation draw for current_entgelt_value exceeded the extrapolation cap (observed training log-max=11.224, cap=14.224) on 3 of 874 simulated rows; these draws were truncated to the cap before being converted back to the original scale.
Continuous g-computation draw for current_entgelt_value exceeded the extrapolation cap (observed training log-max=11.224, cap=14.224) on 16 of 874 simulated rows; these draws were truncated to the cap before being converted back to the original scale.
Continuous g-computation draw for current_entgelt_value exceeded the extrapolation cap (observed training log-max=11.224, cap=14.224) on 1 of 874 simulated rows; these draws were truncated to the cap before being converted back to the original scale.
Continuous g-computation draw for current_entgelt_value exceeded the extrapolation cap (observed training log-max=11.224, cap=14.224) on 11 of 874 simulated rows; these draws were truncated to the cap before being converted back to the original scale.
Continuous g-computation draw for current_entgelt_value exceeded the extrapolation cap (observed training log-max=11.224, cap=14.224) on 3 of 874 simulated rows; these draws were truncated to the cap before being converted back to the original scale.
Continuous g-computation draw for current_entgelt_value exceeded the extrapolation cap (observed training log-max=11.224, cap=14.224) on 10 of 874 simulated rows; these draws were truncated to the cap before being converted back to the original scale.
Continuous g-computation draw for current_entgelt_value exceeded the extrapolation cap (observed training log-max=11.224, cap=14.224) on 2 of 874 simulated rows; these draws were truncated to the cap before being converted back to the original scale.
Continuous g-computation draw for current_entgelt_value exceeded the extrapolation cap (observed training log-max=11.224, cap=14.224) on 12 of 874 simulated rows; these draws were truncated to the cap before being converted back to the original scale.
Continuous g-computation draw for current_entgelt_value exceeded the extrapolation cap (observed training log-max=11.224, cap=14.224) on 2 of 874 simulated rows; these draws were truncated to the cap before being converted back to the original scale.
Continuous g-computation draw for current_entgelt_value exceeded the extrapolation cap (observed training log-max=11.224, cap=14.224) on 14 of 874 simulated rows; these draws were truncated to the cap before being converted back to the original scale.
Continuous g-computation draw for current_entgelt_value exceeded the extrapolation cap (observed training log-max=11.224, cap=14.224) on 15 of 874 simulated rows; these draws were truncated to the cap before being converted back to the original scale.
Continuous g-computation draw for current_entgelt_value exceeded the extrapolation cap (observed training log-max=11.224, cap=14.224) on 1 of 874 simulated rows; these draws were truncated to the cap before being converted back to the original scale.
Continuous g-computation draw for current_entgelt_value exceeded the extrapolation cap (observed training log-max=11.224, cap=14.224) on 15 of 874 simulated rows; these draws were truncated to the cap before being converted back to the original scale.
Continuous g-computation draw for current_entgelt_value exceeded the extrapolation cap (observed training log-max=11.224, cap=14.224) on 2 of 874 simulated rows; these draws were truncated to the cap before being converted back to the original scale.
Continuous g-computation draw for current_entgelt_value exceeded the extrapolation cap (observed training log-max=11.224, cap=14.224) on 13 of 874 simulated rows; these draws were truncated to the cap before being converted back to the original scale.
2026-09-17 13:33:36,309 [INFO] __main__: Longitudinal mediation bootstrap: 18/20 replications completed (18 successful)
Continuous g-computation draw for current_entgelt_value exceeded the extrapolation cap (observed training log-max=11.224, cap=14.224) on 3 of 872 simulated rows; these draws were truncated to the cap before being converted back to the original scale.
Continuous g-computation draw for current_entgelt_value exceeded the extrapolation cap (observed training log-max=11.224, cap=14.224) on 2 of 872 simulated rows; these draws were truncated to the cap before being converted back to the original scale.
Continuous g-computation draw for current_entgelt_value exceeded the extrapolation cap (observed training log-max=11.224, cap=14.224) on 2 of 872 simulated rows; these draws were truncated to the cap before being converted back to the original scale.
Continuous g-computation draw for current_entgelt_value exceeded the extrapolation cap (observed training log-max=11.224, cap=14.224) on 4 of 872 simulated rows; these draws were truncated to the cap before being converted back to the original scale.
Continuous g-computation draw for current_entgelt_value exceeded the extrapolation cap (observed training log-max=11.224, cap=14.224) on 1 of 872 simulated rows; these draws were truncated to the cap before being converted back to the original scale.
Continuous g-computation draw for current_entgelt_value exceeded the extrapolation cap (observed training log-max=11.224, cap=14.224) on 3 of 872 simulated rows; these draws were truncated to the cap before being converted back to the original scale.
Continuous g-computation draw for current_entgelt_value exceeded the extrapolation cap (observed training log-max=11.224, cap=14.224) on 1 of 872 simulated rows; these draws were truncated to the cap before being converted back to the original scale.
Continuous g-computation draw for current_entgelt_value exceeded the extrapolation cap (observed training log-max=11.224, cap=14.224) on 1 of 872 simulated rows; these draws were truncated to the cap before being converted back to the original scale.
Continuous g-computation draw for current_entgelt_value exceeded the extrapolation cap (observed training log-max=11.224, cap=14.224) on 7 of 872 simulated rows; these draws were truncated to the cap before being converted back to the original scale.
Continuous g-computation draw for current_entgelt_value exceeded the extrapolation cap (observed training log-max=11.224, cap=14.224) on 3 of 872 simulated rows; these draws were truncated to the cap before being converted back to the original scale.
Continuous g-computation draw for current_entgelt_value exceeded the extrapolation cap (observed training log-max=11.224, cap=14.224) on 5 of 872 simulated rows; these draws were truncated to the cap before being converted back to the original scale.
Continuous g-computation draw for current_entgelt_value exceeded the extrapolation cap (observed training log-max=11.224, cap=14.224) on 3 of 872 simulated rows; these draws were truncated to the cap before being converted back to the original scale.
Continuous g-computation draw for current_entgelt_value exceeded the extrapolation cap (observed training log-max=11.224, cap=14.224) on 1 of 872 simulated rows; these draws were truncated to the cap before being converted back to the original scale.
Continuous g-computation draw for current_entgelt_value exceeded the extrapolation cap (observed training log-max=11.224, cap=14.224) on 6 of 872 simulated rows; these draws were truncated to the cap before being converted back to the original scale.
Continuous g-computation draw for current_entgelt_value exceeded the extrapolation cap (observed training log-max=11.224, cap=14.224) on 2 of 872 simulated rows; these draws were truncated to the cap before being converted back to the original scale.
Continuous g-computation draw for current_entgelt_value exceeded the extrapolation cap (observed training log-max=11.224, cap=14.224) on 5 of 872 simulated rows; these draws were truncated to the cap before being converted back to the original scale.
Continuous g-computation draw for current_entgelt_value exceeded the extrapolation cap (observed training log-max=11.224, cap=14.224) on 3 of 872 simulated rows; these draws were truncated to the cap before being converted back to the original scale.
Continuous g-computation draw for current_entgelt_value exceeded the extrapolation cap (observed training log-max=11.224, cap=14.224) on 2 of 872 simulated rows; these draws were truncated to the cap before being converted back to the original scale.
Continuous g-computation draw for current_entgelt_value exceeded the extrapolation cap (observed training log-max=11.224, cap=14.224) on 1 of 872 simulated rows; these draws were truncated to the cap before being converted back to the original scale.
Continuous g-computation draw for current_entgelt_value exceeded the extrapolation cap (observed training log-max=11.224, cap=14.224) on 2 of 872 simulated rows; these draws were truncated to the cap before being converted back to the original scale.
Continuous g-computation draw for current_entgelt_value exceeded the extrapolation cap (observed training log-max=11.224, cap=14.224) on 3 of 872 simulated rows; these draws were truncated to the cap before being converted back to the original scale.
Continuous g-computation draw for current_entgelt_value exceeded the extrapolation cap (observed training log-max=11.224, cap=14.224) on 1 of 872 simulated rows; these draws were truncated to the cap before being converted back to the original scale.
Continuous g-computation draw for current_entgelt_value exceeded the extrapolation cap (observed training log-max=11.224, cap=14.224) on 4 of 872 simulated rows; these draws were truncated to the cap before being converted back to the original scale.
Continuous g-computation draw for current_entgelt_value exceeded the extrapolation cap (observed training log-max=11.224, cap=14.224) on 3 of 872 simulated rows; these draws were truncated to the cap before being converted back to the original scale.
Continuous g-computation draw for current_entgelt_value exceeded the extrapolation cap (observed training log-max=11.224, cap=14.224) on 2 of 872 simulated rows; these draws were truncated to the cap before being converted back to the original scale.
Continuous g-computation draw for current_entgelt_value exceeded the extrapolation cap (observed training log-max=11.224, cap=14.224) on 3 of 872 simulated rows; these draws were truncated to the cap before being converted back to the original scale.
Continuous g-computation draw for current_entgelt_value exceeded the extrapolation cap (observed training log-max=11.224, cap=14.224) on 2 of 872 simulated rows; these draws were truncated to the cap before being converted back to the original scale.
Continuous g-computation draw for current_entgelt_value exceeded the extrapolation cap (observed training log-max=11.224, cap=14.224) on 1 of 872 simulated rows; these draws were truncated to the cap before being converted back to the original scale.
Continuous g-computation draw for current_entgelt_value exceeded the extrapolation cap (observed training log-max=11.224, cap=14.224) on 4 of 872 simulated rows; these draws were truncated to the cap before being converted back to the original scale.
Continuous g-computation draw for current_entgelt_value exceeded the extrapolation cap (observed training log-max=11.224, cap=14.224) on 3 of 872 simulated rows; these draws were truncated to the cap before being converted back to the original scale.
Continuous g-computation draw for current_entgelt_value exceeded the extrapolation cap (observed training log-max=11.224, cap=14.224) on 1 of 872 simulated rows; these draws were truncated to the cap before being converted back to the original scale.
Continuous g-computation draw for current_entgelt_value exceeded the extrapolation cap (observed training log-max=11.224, cap=14.224) on 1 of 872 simulated rows; these draws were truncated to the cap before being converted back to the original scale.
Continuous g-computation draw for current_entgelt_value exceeded the extrapolation cap (observed training log-max=11.224, cap=14.224) on 1 of 872 simulated rows; these draws were truncated to the cap before being converted back to the original scale.
Continuous g-computation draw for current_entgelt_value exceeded the extrapolation cap (observed training log-max=11.224, cap=14.224) on 1 of 872 simulated rows; these draws were truncated to the cap before being converted back to the original scale.
Continuous g-computation draw for current_entgelt_value exceeded the extrapolation cap (observed training log-max=11.224, cap=14.224) on 3 of 872 simulated rows; these draws were truncated to the cap before being converted back to the original scale.
Continuous g-computation draw for current_entgelt_value exceeded the extrapolation cap (observed training log-max=11.224, cap=14.224) on 1 of 872 simulated rows; these draws were truncated to the cap before being converted back to the original scale.
Continuous g-computation draw for current_entgelt_value exceeded the extrapolation cap (observed training log-max=11.224, cap=14.224) on 4 of 872 simulated rows; these draws were truncated to the cap before being converted back to the original scale.
Continuous g-computation draw for current_entgelt_value exceeded the extrapolation cap (observed training log-max=11.224, cap=14.224) on 2 of 872 simulated rows; these draws were truncated to the cap before being converted back to the original scale.
Continuous g-computation draw for current_entgelt_value exceeded the extrapolation cap (observed training log-max=11.224, cap=14.224) on 1 of 872 simulated rows; these draws were truncated to the cap before being converted back to the original scale.
Continuous g-computation draw for current_entgelt_value exceeded the extrapolation cap (observed training log-max=11.224, cap=14.224) on 1 of 872 simulated rows; these draws were truncated to the cap before being converted back to the original scale.
Continuous g-computation draw for current_entgelt_value exceeded the extrapolation cap (observed training log-max=11.224, cap=14.224) on 4 of 872 simulated rows; these draws were truncated to the cap before being converted back to the original scale.
Continuous g-computation draw for current_entgelt_value exceeded the extrapolation cap (observed training log-max=11.224, cap=14.224) on 2 of 872 simulated rows; these draws were truncated to the cap before being converted back to the original scale.
Continuous g-computation draw for current_entgelt_value exceeded the extrapolation cap (observed training log-max=11.224, cap=14.224) on 2 of 872 simulated rows; these draws were truncated to the cap before being converted back to the original scale.
Continuous g-computation draw for current_entgelt_value exceeded the extrapolation cap (observed training log-max=11.224, cap=14.224) on 4 of 872 simulated rows; these draws were truncated to the cap before being converted back to the original scale.
Continuous g-computation draw for current_entgelt_value exceeded the extrapolation cap (observed training log-max=11.224, cap=14.224) on 4 of 872 simulated rows; these draws were truncated to the cap before being converted back to the original scale.
Continuous g-computation draw for current_entgelt_value exceeded the extrapolation cap (observed training log-max=11.224, cap=14.224) on 1 of 872 simulated rows; these draws were truncated to the cap before being converted back to the original scale.
Continuous g-computation draw for current_entgelt_value exceeded the extrapolation cap (observed training log-max=11.224, cap=14.224) on 1 of 872 simulated rows; these draws were truncated to the cap before being converted back to the original scale.
Continuous g-computation draw for current_entgelt_value exceeded the extrapolation cap (observed training log-max=11.224, cap=14.224) on 1 of 872 simulated rows; these draws were truncated to the cap before being converted back to the original scale.
Continuous g-computation draw for current_entgelt_value exceeded the extrapolation cap (observed training log-max=11.224, cap=14.224) on 1 of 872 simulated rows; these draws were truncated to the cap before being converted back to the original scale.
Continuous g-computation draw for current_entgelt_value exceeded the extrapolation cap (observed training log-max=11.224, cap=14.224) on 4 of 872 simulated rows; these draws were truncated to the cap before being converted back to the original scale.
Continuous g-computation draw for current_entgelt_value exceeded the extrapolation cap (observed training log-max=11.224, cap=14.224) on 3 of 872 simulated rows; these draws were truncated to the cap before being converted back to the original scale.
Continuous g-computation draw for current_entgelt_value exceeded the extrapolation cap (observed training log-max=11.224, cap=14.224) on 3 of 872 simulated rows; these draws were truncated to the cap before being converted back to the original scale.
Continuous g-computation draw for current_entgelt_value exceeded the extrapolation cap (observed training log-max=11.224, cap=14.224) on 4 of 872 simulated rows; these draws were truncated to the cap before being converted back to the original scale.
Continuous g-computation draw for current_entgelt_value exceeded the extrapolation cap (observed training log-max=11.224, cap=14.224) on 3 of 872 simulated rows; these draws were truncated to the cap before being converted back to the original scale.
Continuous g-computation draw for current_entgelt_value exceeded the extrapolation cap (observed training log-max=11.224, cap=14.224) on 1 of 872 simulated rows; these draws were truncated to the cap before being converted back to the original scale.
Continuous g-computation draw for current_entgelt_value exceeded the extrapolation cap (observed training log-max=11.224, cap=14.224) on 1 of 872 simulated rows; these draws were truncated to the cap before being converted back to the original scale.
Continuous g-computation draw for current_entgelt_value exceeded the extrapolation cap (observed training log-max=11.224, cap=14.224) on 1 of 872 simulated rows; these draws were truncated to the cap before being converted back to the original scale.
Continuous g-computation draw for current_entgelt_value exceeded the extrapolation cap (observed training log-max=11.224, cap=14.224) on 3 of 872 simulated rows; these draws were truncated to the cap before being converted back to the original scale.
Continuous g-computation draw for current_entgelt_value exceeded the extrapolation cap (observed training log-max=11.224, cap=14.224) on 1 of 872 simulated rows; these draws were truncated to the cap before being converted back to the original scale.
Continuous g-computation draw for current_entgelt_value exceeded the extrapolation cap (observed training log-max=11.224, cap=14.224) on 6 of 872 simulated rows; these draws were truncated to the cap before being converted back to the original scale.
Continuous g-computation draw for current_entgelt_value exceeded the extrapolation cap (observed training log-max=11.224, cap=14.224) on 1 of 872 simulated rows; these draws were truncated to the cap before being converted back to the original scale.
Continuous g-computation draw for current_entgelt_value exceeded the extrapolation cap (observed training log-max=11.224, cap=14.224) on 5 of 872 simulated rows; these draws were truncated to the cap before being converted back to the original scale.
Continuous g-computation draw for current_entgelt_value exceeded the extrapolation cap (observed training log-max=11.224, cap=14.224) on 4 of 872 simulated rows; these draws were truncated to the cap before being converted back to the original scale.
Continuous g-computation draw for current_entgelt_value exceeded the extrapolation cap (observed training log-max=11.224, cap=14.224) on 1 of 872 simulated rows; these draws were truncated to the cap before being converted back to the original scale.
Continuous g-computation draw for current_entgelt_value exceeded the extrapolation cap (observed training log-max=11.224, cap=14.224) on 3 of 872 simulated rows; these draws were truncated to the cap before being converted back to the original scale.
Continuous g-computation draw for current_entgelt_value exceeded the extrapolation cap (observed training log-max=11.224, cap=14.224) on 4 of 872 simulated rows; these draws were truncated to the cap before being converted back to the original scale.
Continuous g-computation draw for current_entgelt_value exceeded the extrapolation cap (observed training log-max=11.224, cap=14.224) on 3 of 872 simulated rows; these draws were truncated to the cap before being converted back to the original scale.
Continuous g-computation draw for current_entgelt_value exceeded the extrapolation cap (observed training log-max=11.224, cap=14.224) on 1 of 872 simulated rows; these draws were truncated to the cap before being converted back to the original scale.
Continuous g-computation draw for current_entgelt_value exceeded the extrapolation cap (observed training log-max=11.224, cap=14.224) on 2 of 872 simulated rows; these draws were truncated to the cap before being converted back to the original scale.
Continuous g-computation draw for current_entgelt_value exceeded the extrapolation cap (observed training log-max=11.224, cap=14.224) on 6 of 872 simulated rows; these draws were truncated to the cap before being converted back to the original scale.
Continuous g-computation draw for current_entgelt_value exceeded the extrapolation cap (observed training log-max=11.224, cap=14.224) on 4 of 872 simulated rows; these draws were truncated to the cap before being converted back to the original scale.
Continuous g-computation draw for current_entgelt_value exceeded the extrapolation cap (observed training log-max=11.224, cap=14.224) on 1 of 872 simulated rows; these draws were truncated to the cap before being converted back to the original scale.
Continuous g-computation draw for current_entgelt_value exceeded the extrapolation cap (observed training log-max=11.224, cap=14.224) on 4 of 872 simulated rows; these draws were truncated to the cap before being converted back to the original scale.
Continuous g-computation draw for current_entgelt_value exceeded the extrapolation cap (observed training log-max=11.224, cap=14.224) on 3 of 872 simulated rows; these draws were truncated to the cap before being converted back to the original scale.
Continuous g-computation draw for current_entgelt_value exceeded the extrapolation cap (observed training log-max=11.224, cap=14.224) on 1 of 872 simulated rows; these draws were truncated to the cap before being converted back to the original scale.
Continuous g-computation draw for current_entgelt_value exceeded the extrapolation cap (observed training log-max=11.224, cap=14.224) on 2 of 872 simulated rows; these draws were truncated to the cap before being converted back to the original scale.
Continuous g-computation draw for current_entgelt_value exceeded the extrapolation cap (observed training log-max=11.224, cap=14.224) on 1 of 872 simulated rows; these draws were truncated to the cap before being converted back to the original scale.
Continuous g-computation draw for current_entgelt_value exceeded the extrapolation cap (observed training log-max=11.224, cap=14.224) on 3 of 872 simulated rows; these draws were truncated to the cap before being converted back to the original scale.
Continuous g-computation draw for current_entgelt_value exceeded the extrapolation cap (observed training log-max=11.224, cap=14.224) on 1 of 872 simulated rows; these draws were truncated to the cap before being converted back to the original scale.
Continuous g-computation draw for current_entgelt_value exceeded the extrapolation cap (observed training log-max=11.224, cap=14.224) on 3 of 872 simulated rows; these draws were truncated to the cap before being converted back to the original scale.
Continuous g-computation draw for current_entgelt_value exceeded the extrapolation cap (observed training log-max=11.224, cap=14.224) on 3 of 872 simulated rows; these draws were truncated to the cap before being converted back to the original scale.
Continuous g-computation draw for current_entgelt_value exceeded the extrapolation cap (observed training log-max=11.224, cap=14.224) on 4 of 872 simulated rows; these draws were truncated to the cap before being converted back to the original scale.
Continuous g-computation draw for current_entgelt_value exceeded the extrapolation cap (observed training log-max=11.224, cap=14.224) on 1 of 872 simulated rows; these draws were truncated to the cap before being converted back to the original scale.
Continuous g-computation draw for current_entgelt_value exceeded the extrapolation cap (observed training log-max=11.224, cap=14.224) on 4 of 872 simulated rows; these draws were truncated to the cap before being converted back to the original scale.
Continuous g-computation draw for current_entgelt_value exceeded the extrapolation cap (observed training log-max=11.224, cap=14.224) on 3 of 872 simulated rows; these draws were truncated to the cap before being converted back to the original scale.
Continuous g-computation draw for current_entgelt_value exceeded the extrapolation cap (observed training log-max=11.224, cap=14.224) on 1 of 872 simulated rows; these draws were truncated to the cap before being converted back to the original scale.
Continuous g-computation draw for current_entgelt_value exceeded the extrapolation cap (observed training log-max=11.224, cap=14.224) on 3 of 872 simulated rows; these draws were truncated to the cap before being converted back to the original scale.
Continuous g-computation draw for current_entgelt_value exceeded the extrapolation cap (observed training log-max=11.224, cap=14.224) on 3 of 872 simulated rows; these draws were truncated to the cap before being converted back to the original scale.
Continuous g-computation draw for current_entgelt_value exceeded the extrapolation cap (observed training log-max=11.224, cap=14.224) on 1 of 872 simulated rows; these draws were truncated to the cap before being converted back to the original scale.
Continuous g-computation draw for current_entgelt_value exceeded the extrapolation cap (observed training log-max=11.224, cap=14.224) on 1 of 872 simulated rows; these draws were truncated to the cap before being converted back to the original scale.
Continuous g-computation draw for current_entgelt_value exceeded the extrapolation cap (observed training log-max=11.224, cap=14.224) on 4 of 872 simulated rows; these draws were truncated to the cap before being converted back to the original scale.
Continuous g-computation draw for current_entgelt_value exceeded the extrapolation cap (observed training log-max=11.224, cap=14.224) on 1 of 872 simulated rows; these draws were truncated to the cap before being converted back to the original scale.
Continuous g-computation draw for current_entgelt_value exceeded the extrapolation cap (observed training log-max=11.224, cap=14.224) on 4 of 872 simulated rows; these draws were truncated to the cap before being converted back to the original scale.
Continuous g-computation draw for current_entgelt_value exceeded the extrapolation cap (observed training log-max=11.224, cap=14.224) on 4 of 872 simulated rows; these draws were truncated to the cap before being converted back to the original scale.
Continuous g-computation draw for current_entgelt_value exceeded the extrapolation cap (observed training log-max=11.224, cap=14.224) on 1 of 872 simulated rows; these draws were truncated to the cap before being converted back to the original scale.
Continuous g-computation draw for current_entgelt_value exceeded the extrapolation cap (observed training log-max=11.224, cap=14.224) on 1 of 872 simulated rows; these draws were truncated to the cap before being converted back to the original scale.
Continuous g-computation draw for current_entgelt_value exceeded the extrapolation cap (observed training log-max=11.224, cap=14.224) on 4 of 872 simulated rows; these draws were truncated to the cap before being converted back to the original scale.
Continuous g-computation draw for current_entgelt_value exceeded the extrapolation cap (observed training log-max=11.224, cap=14.224) on 3 of 872 simulated rows; these draws were truncated to the cap before being converted back to the original scale.
Continuous g-computation draw for current_entgelt_value exceeded the extrapolation cap (observed training log-max=11.224, cap=14.224) on 4 of 872 simulated rows; these draws were truncated to the cap before being converted back to the original scale.
Continuous g-computation draw for current_entgelt_value exceeded the extrapolation cap (observed training log-max=11.224, cap=14.224) on 3 of 872 simulated rows; these draws were truncated to the cap before being converted back to the original scale.
Continuous g-computation draw for current_entgelt_value exceeded the extrapolation cap (observed training log-max=11.224, cap=14.224) on 3 of 872 simulated rows; these draws were truncated to the cap before being converted back to the original scale.
Continuous g-computation draw for current_entgelt_value exceeded the extrapolation cap (observed training log-max=11.224, cap=14.224) on 1 of 872 simulated rows; these draws were truncated to the cap before being converted back to the original scale.
Continuous g-computation draw for current_entgelt_value exceeded the extrapolation cap (observed training log-max=11.224, cap=14.224) on 1 of 872 simulated rows; these draws were truncated to the cap before being converted back to the original scale.
Continuous g-computation draw for current_entgelt_value exceeded the extrapolation cap (observed training log-max=11.224, cap=14.224) on 7 of 872 simulated rows; these draws were truncated to the cap before being converted back to the original scale.
Continuous g-computation draw for current_entgelt_value exceeded the extrapolation cap (observed training log-max=11.224, cap=14.224) on 2 of 872 simulated rows; these draws were truncated to the cap before being converted back to the original scale.
Continuous g-computation draw for current_entgelt_value exceeded the extrapolation cap (observed training log-max=11.224, cap=14.224) on 3 of 872 simulated rows; these draws were truncated to the cap before being converted back to the original scale.
Continuous g-computation draw for current_entgelt_value exceeded the extrapolation cap (observed training log-max=11.224, cap=14.224) on 1 of 872 simulated rows; these draws were truncated to the cap before being converted back to the original scale.
Continuous g-computation draw for current_entgelt_value exceeded the extrapolation cap (observed training log-max=11.224, cap=14.224) on 1 of 872 simulated rows; these draws were truncated to the cap before being converted back to the original scale.
Continuous g-computation draw for current_entgelt_value exceeded the extrapolation cap (observed training log-max=11.224, cap=14.224) on 4 of 872 simulated rows; these draws were truncated to the cap before being converted back to the original scale.
Continuous g-computation draw for current_entgelt_value exceeded the extrapolation cap (observed training log-max=11.224, cap=14.224) on 1 of 872 simulated rows; these draws were truncated to the cap before being converted back to the original scale.
Continuous g-computation draw for current_entgelt_value exceeded the extrapolation cap (observed training log-max=11.224, cap=14.224) on 1 of 872 simulated rows; these draws were truncated to the cap before being converted back to the original scale.
Continuous g-computation draw for current_entgelt_value exceeded the extrapolation cap (observed training log-max=11.224, cap=14.224) on 4 of 872 simulated rows; these draws were truncated to the cap before being converted back to the original scale.
Continuous g-computation draw for current_entgelt_value exceeded the extrapolation cap (observed training log-max=11.224, cap=14.224) on 2 of 872 simulated rows; these draws were truncated to the cap before being converted back to the original scale.
Continuous g-computation draw for current_entgelt_value exceeded the extrapolation cap (observed training log-max=11.224, cap=14.224) on 2 of 872 simulated rows; these draws were truncated to the cap before being converted back to the original scale.
Continuous g-computation draw for current_entgelt_value exceeded the extrapolation cap (observed training log-max=11.224, cap=14.224) on 4 of 872 simulated rows; these draws were truncated to the cap before being converted back to the original scale.
Continuous g-computation draw for current_entgelt_value exceeded the extrapolation cap (observed training log-max=11.224, cap=14.224) on 3 of 872 simulated rows; these draws were truncated to the cap before being converted back to the original scale.
Continuous g-computation draw for current_entgelt_value exceeded the extrapolation cap (observed training log-max=11.224, cap=14.224) on 1 of 872 simulated rows; these draws were truncated to the cap before being converted back to the original scale.
Continuous g-computation draw for current_entgelt_value exceeded the extrapolation cap (observed training log-max=11.224, cap=14.224) on 2 of 872 simulated rows; these draws were truncated to the cap before being converted back to the original scale.
Continuous g-computation draw for current_entgelt_value exceeded the extrapolation cap (observed training log-max=11.224, cap=14.224) on 3 of 872 simulated rows; these draws were truncated to the cap before being converted back to the original scale.
Continuous g-computation draw for current_entgelt_value exceeded the extrapolation cap (observed training log-max=11.224, cap=14.224) on 5 of 872 simulated rows; these draws were truncated to the cap before being converted back to the original scale.
Continuous g-computation draw for current_entgelt_value exceeded the extrapolation cap (observed training log-max=11.224, cap=14.224) on 5 of 872 simulated rows; these draws were truncated to the cap before being converted back to the original scale.
Continuous g-computation draw for current_entgelt_value exceeded the extrapolation cap (observed training log-max=11.224, cap=14.224) on 1 of 872 simulated rows; these draws were truncated to the cap before being converted back to the original scale.
Continuous g-computation draw for current_entgelt_value exceeded the extrapolation cap (observed training log-max=11.224, cap=14.224) on 4 of 872 simulated rows; these draws were truncated to the cap before being converted back to the original scale.
Continuous g-computation draw for current_entgelt_value exceeded the extrapolation cap (observed training log-max=11.224, cap=14.224) on 2 of 872 simulated rows; these draws were truncated to the cap before being converted back to the original scale.
Continuous g-computation draw for current_entgelt_value exceeded the extrapolation cap (observed training log-max=11.224, cap=14.224) on 1 of 872 simulated rows; these draws were truncated to the cap before being converted back to the original scale.
Continuous g-computation draw for current_entgelt_value exceeded the extrapolation cap (observed training log-max=11.224, cap=14.224) on 4 of 872 simulated rows; these draws were truncated to the cap before being converted back to the original scale.
Continuous g-computation draw for current_entgelt_value exceeded the extrapolation cap (observed training log-max=11.224, cap=14.224) on 1 of 872 simulated rows; these draws were truncated to the cap before being converted back to the original scale.
Continuous g-computation draw for current_entgelt_value exceeded the extrapolation cap (observed training log-max=11.224, cap=14.224) on 2 of 872 simulated rows; these draws were truncated to the cap before being converted back to the original scale.
Continuous g-computation draw for current_entgelt_value exceeded the extrapolation cap (observed training log-max=11.224, cap=14.224) on 1 of 872 simulated rows; these draws were truncated to the cap before being converted back to the original scale.
Continuous g-computation draw for current_entgelt_value exceeded the extrapolation cap (observed training log-max=11.224, cap=14.224) on 1 of 872 simulated rows; these draws were truncated to the cap before being converted back to the original scale.
Continuous g-computation draw for current_entgelt_value exceeded the extrapolation cap (observed training log-max=11.224, cap=14.224) on 3 of 872 simulated rows; these draws were truncated to the cap before being converted back to the original scale.
Continuous g-computation draw for current_entgelt_value exceeded the extrapolation cap (observed training log-max=11.224, cap=14.224) on 1 of 872 simulated rows; these draws were truncated to the cap before being converted back to the original scale.
Continuous g-computation draw for current_entgelt_value exceeded the extrapolation cap (observed training log-max=11.224, cap=14.224) on 4 of 872 simulated rows; these draws were truncated to the cap before being converted back to the original scale.
Continuous g-computation draw for current_entgelt_value exceeded the extrapolation cap (observed training log-max=11.224, cap=14.224) on 4 of 872 simulated rows; these draws were truncated to the cap before being converted back to the original scale.
Continuous g-computation draw for current_entgelt_value exceeded the extrapolation cap (observed training log-max=11.224, cap=14.224) on 1 of 872 simulated rows; these draws were truncated to the cap before being converted back to the original scale.
Continuous g-computation draw for current_entgelt_value exceeded the extrapolation cap (observed training log-max=11.224, cap=14.224) on 2 of 872 simulated rows; these draws were truncated to the cap before being converted back to the original scale.
Continuous g-computation draw for current_entgelt_value exceeded the extrapolation cap (observed training log-max=11.224, cap=14.224) on 6 of 872 simulated rows; these draws were truncated to the cap before being converted back to the original scale.
Continuous g-computation draw for current_entgelt_value exceeded the extrapolation cap (observed training log-max=11.224, cap=14.224) on 3 of 872 simulated rows; these draws were truncated to the cap before being converted back to the original scale.
Continuous g-computation draw for current_entgelt_value exceeded the extrapolation cap (observed training log-max=11.224, cap=14.224) on 3 of 872 simulated rows; these draws were truncated to the cap before being converted back to the original scale.
Continuous g-computation draw for current_entgelt_value exceeded the extrapolation cap (observed training log-max=11.224, cap=14.224) on 2 of 872 simulated rows; these draws were truncated to the cap before being converted back to the original scale.
Continuous g-computation draw for current_entgelt_value exceeded the extrapolation cap (observed training log-max=11.224, cap=14.224) on 2 of 872 simulated rows; these draws were truncated to the cap before being converted back to the original scale.
Continuous g-computation draw for current_entgelt_value exceeded the extrapolation cap (observed training log-max=11.224, cap=14.224) on 2 of 872 simulated rows; these draws were truncated to the cap before being converted back to the original scale.
Continuous g-computation draw for current_entgelt_value exceeded the extrapolation cap (observed training log-max=11.224, cap=14.224) on 1 of 872 simulated rows; these draws were truncated to the cap before being converted back to the original scale.
Continuous g-computation draw for current_entgelt_value exceeded the extrapolation cap (observed training log-max=11.224, cap=14.224) on 3 of 872 simulated rows; these draws were truncated to the cap before being converted back to the original scale.
Continuous g-computation draw for current_entgelt_value exceeded the extrapolation cap (observed training log-max=11.224, cap=14.224) on 5 of 872 simulated rows; these draws were truncated to the cap before being converted back to the original scale.
Continuous g-computation draw for current_entgelt_value exceeded the extrapolation cap (observed training log-max=11.224, cap=14.224) on 2 of 872 simulated rows; these draws were truncated to the cap before being converted back to the original scale.
Continuous g-computation draw for current_entgelt_value exceeded the extrapolation cap (observed training log-max=11.224, cap=14.224) on 1 of 872 simulated rows; these draws were truncated to the cap before being converted back to the original scale.
Continuous g-computation draw for current_entgelt_value exceeded the extrapolation cap (observed training log-max=11.224, cap=14.224) on 2 of 872 simulated rows; these draws were truncated to the cap before being converted back to the original scale.
Continuous g-computation draw for current_entgelt_value exceeded the extrapolation cap (observed training log-max=11.224, cap=14.224) on 3 of 872 simulated rows; these draws were truncated to the cap before being converted back to the original scale.
Continuous g-computation draw for current_entgelt_value exceeded the extrapolation cap (observed training log-max=11.224, cap=14.224) on 1 of 872 simulated rows; these draws were truncated to the cap before being converted back to the original scale.
Continuous g-computation draw for current_entgelt_value exceeded the extrapolation cap (observed training log-max=11.224, cap=14.224) on 1 of 872 simulated rows; these draws were truncated to the cap before being converted back to the original scale.
Continuous g-computation draw for current_entgelt_value exceeded the extrapolation cap (observed training log-max=11.224, cap=14.224) on 3 of 872 simulated rows; these draws were truncated to the cap before being converted back to the original scale.
Continuous g-computation draw for current_entgelt_value exceeded the extrapolation cap (observed training log-max=11.224, cap=14.224) on 5 of 872 simulated rows; these draws were truncated to the cap before being converted back to the original scale.
Continuous g-computation draw for current_entgelt_value exceeded the extrapolation cap (observed training log-max=11.224, cap=14.224) on 1 of 872 simulated rows; these draws were truncated to the cap before being converted back to the original scale.
Continuous g-computation draw for current_entgelt_value exceeded the extrapolation cap (observed training log-max=11.224, cap=14.224) on 3 of 872 simulated rows; these draws were truncated to the cap before being converted back to the original scale.
Continuous g-computation draw for current_entgelt_value exceeded the extrapolation cap (observed training log-max=11.224, cap=14.224) on 1 of 872 simulated rows; these draws were truncated to the cap before being converted back to the original scale.
Continuous g-computation draw for current_entgelt_value exceeded the extrapolation cap (observed training log-max=11.224, cap=14.224) on 2 of 872 simulated rows; these draws were truncated to the cap before being converted back to the original scale.
Continuous g-computation draw for current_entgelt_value exceeded the extrapolation cap (observed training log-max=11.224, cap=14.224) on 3 of 872 simulated rows; these draws were truncated to the cap before being converted back to the original scale.
Continuous g-computation draw for current_entgelt_value exceeded the extrapolation cap (observed training log-max=11.224, cap=14.224) on 5 of 872 simulated rows; these draws were truncated to the cap before being converted back to the original scale.
Continuous g-computation draw for current_entgelt_value exceeded the extrapolation cap (observed training log-max=11.224, cap=14.224) on 4 of 872 simulated rows; these draws were truncated to the cap before being converted back to the original scale.
Continuous g-computation draw for current_entgelt_value exceeded the extrapolation cap (observed training log-max=11.224, cap=14.224) on 2 of 872 simulated rows; these draws were truncated to the cap before being converted back to the original scale.
Continuous g-computation draw for current_entgelt_value exceeded the extrapolation cap (observed training log-max=11.224, cap=14.224) on 4 of 872 simulated rows; these draws were truncated to the cap before being converted back to the original scale.
Continuous g-computation draw for current_entgelt_value exceeded the extrapolation cap (observed training log-max=11.224, cap=14.224) on 2 of 872 simulated rows; these draws were truncated to the cap before being converted back to the original scale.
2026-09-17 13:34:04,541 [INFO] __main__: Longitudinal mediation bootstrap: 20/20 replications completed (20 successful)
2026-09-17 13:34:07,849 [INFO] __main__: [skip] analysis panel already uses rehabilitation code definition {'msk_diagnosis_codes': [20, 53, 56], 'mental_health_diagnosis_codes': [30]}
2026-09-17 13:34:07,856 [INFO] __main__: Building lag-1 risk sets from 2,266,774 panel rows in 1 person-hash partition(s)
2026-09-17 13:34:13,294 [INFO] __main__:   risk-set partition 1/1: 655 treated, 770,321 control person-years
2026-09-17 13:34:13,328 [INFO] __main__: Partitioned treated risk set (655 rows) into 5 treatment-year files under /Users/tankarman/Library/CloudStorage/OneDrive-Personal/BiB/didi_testing/didi_data/runs/workbench_synthetic_0.01_seed42__lag1_common_2014_2018/_matching_temp/risk_sets_by_year
2026-09-17 13:34:14,097 [INFO] __main__: Partitioned controls risk set (770,321 rows) into 5 treatment-year files under /Users/tankarman/Library/CloudStorage/OneDrive-Personal/BiB/didi_testing/didi_data/runs/workbench_synthetic_0.01_seed42__lag1_common_2014_2018/_matching_temp/risk_sets_by_year
2026-09-17 13:34:14,230 [INFO] __main__: Year 2014: fitting propensity model on 160,090 rows (153 treated, 159,937 sampled controls; 159,937 total eligible controls)
2026-09-17 13:34:16,538 [INFO] __main__: Year 2014: propensity model converged with solver=lbfgs in 22 iterations (max_iter=1000000, tol=0.0001)
2026-09-17 13:34:17,264 [INFO] __main__: Year 2014: scored 160,090 rows (153 treated + 159,937 controls)
2026-09-17 13:34:17,991 [INFO] __main__: Year 2014: matched 138 of 153 treated (checkpoint written)
2026-09-17 13:34:18,156 [INFO] __main__: Year 2015: fitting propensity model on 157,079 rows (142 treated, 156,937 sampled controls; 156,937 total eligible controls)
2026-09-17 13:34:21,080 [INFO] __main__: Year 2015: propensity model converged with solver=lbfgs in 23 iterations (max_iter=1000000, tol=0.0001)
2026-09-17 13:34:21,740 [INFO] __main__: Year 2015: scored 157,079 rows (142 treated + 156,937 controls)
2026-09-17 13:34:22,545 [INFO] __main__: Year 2015: matched 126 of 142 treated (checkpoint written)
2026-09-17 13:34:22,702 [INFO] __main__: Year 2016: fitting propensity model on 154,137 rows (128 treated, 154,009 sampled controls; 154,009 total eligible controls)
2026-09-17 13:34:25,161 [INFO] __main__: Year 2016: propensity model converged with solver=lbfgs in 20 iterations (max_iter=1000000, tol=0.0001)
2026-09-17 13:34:25,887 [INFO] __main__: Year 2016: scored 154,137 rows (128 treated + 154,009 controls)
2026-09-17 13:34:26,760 [INFO] __main__: Year 2016: matched 120 of 128 treated (checkpoint written)
2026-09-17 13:34:26,914 [INFO] __main__: Year 2017: fitting propensity model on 151,237 rows (121 treated, 151,116 sampled controls; 151,116 total eligible controls)
2026-09-17 13:34:29,178 [INFO] __main__: Year 2017: propensity model converged with solver=lbfgs in 18 iterations (max_iter=1000000, tol=0.0001)
2026-09-17 13:34:29,967 [INFO] __main__: Year 2017: scored 151,237 rows (121 treated + 151,116 controls)
2026-09-17 13:34:30,646 [INFO] __main__: Year 2017: matched 115 of 121 treated (checkpoint written)
2026-09-17 13:34:30,808 [INFO] __main__: Year 2018: fitting propensity model on 148,433 rows (111 treated, 148,322 sampled controls; 148,322 total eligible controls)
2026-09-17 13:34:32,999 [INFO] __main__: Year 2018: propensity model converged with solver=lbfgs in 19 iterations (max_iter=1000000, tol=0.0001)
2026-09-17 13:34:33,704 [INFO] __main__: Year 2018: scored 148,433 rows (111 treated + 148,322 controls)
2026-09-17 13:34:34,416 [INFO] __main__: Year 2018: matched 104 of 111 treated (checkpoint written)
2026-09-17 13:34:55,173 [WARNING] __main__: Streaming sink_parquet rejected this plan (sink_Parquet(ParquetWriteOptions { compression: Zstd(Some(ZstdLevel(3))), statistics: true, row_group_size: Some(200000), data_pagesize_limit: None, maintain_order: false }) not yet supported in standard engine. Use 'collect().write_parquet()'); falling back to an eager collect + write_parquet for /Users/tankarman/Library/CloudStorage/OneDrive-Personal/BiB/didi_testing/didi_data/runs/workbench_synthetic_0.01_seed42__lag1_common_2014_2018/analysis/pair_event_study_not_yet_divorced_lag1_pre3_post5.parquet.tmp.
2026-09-17 13:34:55,854 [WARNING] __main__: Streaming sink_parquet rejected this plan (sink_Parquet(ParquetWriteOptions { compression: Zstd(Some(ZstdLevel(3))), statistics: true, row_group_size: Some(200000), data_pagesize_limit: None, maintain_order: false }) not yet supported in standard engine. Use 'collect().write_parquet()'); falling back to an eager collect + write_parquet for /Users/tankarman/Library/CloudStorage/OneDrive-Personal/BiB/didi_testing/didi_data/runs/workbench_synthetic_0.01_seed42__lag1_common_2014_2018/analysis/msk_followup_not_yet_divorced_lag1_fixed_assignment.parquet.tmp.
2026-09-17 13:34:56,162 [WARNING] __main__: Streaming collect failed (ColumnNotFoundError: c_id); retrying with the non-streaming engine. If you see this warning at a call site that isn't already using _safe_collect, that's the signal for where to apply it next.
2026-09-17 13:34:56,734 [WARNING] __main__: Streaming sink_parquet rejected this plan (sink_Parquet(ParquetWriteOptions { compression: Zstd(Some(ZstdLevel(3))), statistics: true, row_group_size: Some(200000), data_pagesize_limit: None, maintain_order: false }) not yet supported in standard engine. Use 'collect().write_parquet()'); falling back to an eager collect + write_parquet for /Users/tankarman/Library/CloudStorage/OneDrive-Personal/BiB/didi_testing/didi_data/runs/workbench_synthetic_0.01_seed42__lag1_common_2014_2018/analysis/mortality_followup_not_yet_divorced_lag1_fixed_assignment.parquet.tmp.
2026-09-17 13:34:56,965 [WARNING] __main__: Streaming collect failed (ColumnNotFoundError: c_id); retrying with the non-streaming engine. If you see this warning at a call site that isn't already using _safe_collect, that's the signal for where to apply it next.
2026-09-17 13:34:57,453 [WARNING] __main__: Streaming collect failed (ColumnNotFoundError: c_id); retrying with the non-streaming engine. If you see this warning at a call site that isn't already using _safe_collect, that's the signal for where to apply it next.
2026-09-17 13:35:03,416 [WARNING] __main__: Streaming sink_parquet rejected this plan (sink_Parquet(ParquetWriteOptions { compression: Zstd(Some(ZstdLevel(3))), statistics: true, row_group_size: Some(200000), data_pagesize_limit: None, maintain_order: false }) not yet supported in standard engine. Use 'collect().write_parquet()'); falling back to an eager collect + write_parquet for /Users/tankarman/Library/CloudStorage/OneDrive-Personal/BiB/didi_testing/didi_data/runs/workbench_synthetic_0.01_seed42__lag1_common_2014_2018/analysis/longitudinal_mediation_panel_not_yet_divorced_lag1.parquet.tmp.
2026-09-17 13:35:03,851 [WARNING] __main__: Streaming collect failed (ColumnNotFoundError: c_id); retrying with the non-streaming engine. If you see this warning at a call site that isn't already using _safe_collect, that's the signal for where to apply it next.
2026-09-17 13:36:39,576 [WARNING] __main__: Continuous g-computation draw for current_entgelt_value exceeded the extrapolation cap (observed training log-max=11.224, cap=14.224) on 1 of 593 simulated rows; these draws were truncated to the cap before being converted back to the original scale.
2026-09-17 13:36:55,207 [WARNING] __main__: Continuous g-computation draw for current_entgelt_value exceeded the extrapolation cap (observed training log-max=11.224, cap=14.224) on 1 of 593 simulated rows; these draws were truncated to the cap before being converted back to the original scale.
2026-09-17 13:37:13,096 [WARNING] __main__: Continuous g-computation draw for current_entgelt_value exceeded the extrapolation cap (observed training log-max=11.224, cap=14.224) on 1 of 593 simulated rows; these draws were truncated to the cap before being converted back to the original scale.
2026-09-17 13:37:16,619 [WARNING] __main__: Continuous g-computation draw for current_entgelt_value exceeded the extrapolation cap (observed training log-max=11.224, cap=14.224) on 1 of 593 simulated rows; these draws were truncated to the cap before being converted back to the original scale.
2026-09-17 13:37:31,988 [INFO] __main__: Longitudinal mediation point estimate (25 simulation repetitions) took 2.5 min
2026-09-17 13:37:31,990 [INFO] __main__: Longitudinal mediation bootstrap: 20 replicates across 2 worker processes (mediation panel 0.00 GB in memory per worker; set mediation_bootstrap_workers to override)
Continuous g-computation draw for current_entgelt_value exceeded the extrapolation cap (observed training log-max=11.224, cap=14.224) on 1 of 590 simulated rows; these draws were truncated to the cap before being converted back to the original scale.
2026-09-17 13:38:26,343 [INFO] __main__: Longitudinal mediation bootstrap: 2/20 replications completed (2 successful)
Continuous g-computation draw for current_entgelt_value exceeded the extrapolation cap (observed training log-max=11.224, cap=14.224) on 1 of 597 simulated rows; these draws were truncated to the cap before being converted back to the original scale.
Continuous g-computation draw for current_entgelt_value exceeded the extrapolation cap (observed training log-max=11.224, cap=14.224) on 1 of 597 simulated rows; these draws were truncated to the cap before being converted back to the original scale.
Continuous g-computation draw for current_entgelt_value exceeded the extrapolation cap (observed training log-max=11.224, cap=14.224) on 2 of 597 simulated rows; these draws were truncated to the cap before being converted back to the original scale.
Continuous g-computation draw for current_entgelt_value exceeded the extrapolation cap (observed training log-max=11.224, cap=14.224) on 3 of 597 simulated rows; these draws were truncated to the cap before being converted back to the original scale.
Continuous g-computation draw for current_entgelt_value exceeded the extrapolation cap (observed training log-max=11.224, cap=14.224) on 1 of 597 simulated rows; these draws were truncated to the cap before being converted back to the original scale.
Continuous g-computation draw for current_entgelt_value exceeded the extrapolation cap (observed training log-max=11.224, cap=14.224) on 1 of 597 simulated rows; these draws were truncated to the cap before being converted back to the original scale.
Continuous g-computation draw for current_entgelt_value exceeded the extrapolation cap (observed training log-max=11.224, cap=14.224) on 1 of 597 simulated rows; these draws were truncated to the cap before being converted back to the original scale.
Continuous g-computation draw for current_entgelt_value exceeded the extrapolation cap (observed training log-max=11.224, cap=14.224) on 1 of 597 simulated rows; these draws were truncated to the cap before being converted back to the original scale.
Continuous g-computation draw for current_entgelt_value exceeded the extrapolation cap (observed training log-max=11.224, cap=14.224) on 5 of 597 simulated rows; these draws were truncated to the cap before being converted back to the original scale.
Continuous g-computation draw for current_entgelt_value exceeded the extrapolation cap (observed training log-max=11.224, cap=14.224) on 1 of 597 simulated rows; these draws were truncated to the cap before being converted back to the original scale.
Continuous g-computation draw for current_entgelt_value exceeded the extrapolation cap (observed training log-max=11.224, cap=14.224) on 2 of 597 simulated rows; these draws were truncated to the cap before being converted back to the original scale.
Continuous g-computation draw for current_entgelt_value exceeded the extrapolation cap (observed training log-max=11.224, cap=14.224) on 1 of 597 simulated rows; these draws were truncated to the cap before being converted back to the original scale.
Continuous g-computation draw for current_entgelt_value exceeded the extrapolation cap (observed training log-max=11.224, cap=14.224) on 2 of 597 simulated rows; these draws were truncated to the cap before being converted back to the original scale.
Continuous g-computation draw for current_entgelt_value exceeded the extrapolation cap (observed training log-max=11.224, cap=14.224) on 1 of 597 simulated rows; these draws were truncated to the cap before being converted back to the original scale.
Continuous g-computation draw for current_entgelt_value exceeded the extrapolation cap (observed training log-max=11.224, cap=14.224) on 1 of 597 simulated rows; these draws were truncated to the cap before being converted back to the original scale.
Continuous g-computation draw for current_entgelt_value exceeded the extrapolation cap (observed training log-max=11.224, cap=14.224) on 2 of 597 simulated rows; these draws were truncated to the cap before being converted back to the original scale.
Continuous g-computation draw for current_entgelt_value exceeded the extrapolation cap (observed training log-max=11.224, cap=14.224) on 1 of 597 simulated rows; these draws were truncated to the cap before being converted back to the original scale.
Continuous g-computation draw for current_entgelt_value exceeded the extrapolation cap (observed training log-max=11.224, cap=14.224) on 2 of 597 simulated rows; these draws were truncated to the cap before being converted back to the original scale.
Continuous g-computation draw for current_entgelt_value exceeded the extrapolation cap (observed training log-max=11.224, cap=14.224) on 1 of 597 simulated rows; these draws were truncated to the cap before being converted back to the original scale.
Continuous g-computation draw for current_entgelt_value exceeded the extrapolation cap (observed training log-max=11.224, cap=14.224) on 1 of 597 simulated rows; these draws were truncated to the cap before being converted back to the original scale.
Continuous g-computation draw for current_entgelt_value exceeded the extrapolation cap (observed training log-max=11.224, cap=14.224) on 1 of 597 simulated rows; these draws were truncated to the cap before being converted back to the original scale.
Continuous g-computation draw for current_entgelt_value exceeded the extrapolation cap (observed training log-max=11.224, cap=14.224) on 1 of 597 simulated rows; these draws were truncated to the cap before being converted back to the original scale.
Continuous g-computation draw for current_entgelt_value exceeded the extrapolation cap (observed training log-max=11.224, cap=14.224) on 1 of 597 simulated rows; these draws were truncated to the cap before being converted back to the original scale.
Continuous g-computation draw for current_entgelt_value exceeded the extrapolation cap (observed training log-max=11.224, cap=14.224) on 1 of 597 simulated rows; these draws were truncated to the cap before being converted back to the original scale.
Continuous g-computation draw for current_entgelt_value exceeded the extrapolation cap (observed training log-max=11.224, cap=14.224) on 1 of 597 simulated rows; these draws were truncated to the cap before being converted back to the original scale.
Continuous g-computation draw for current_entgelt_value exceeded the extrapolation cap (observed training log-max=11.224, cap=14.224) on 1 of 597 simulated rows; these draws were truncated to the cap before being converted back to the original scale.
Continuous g-computation draw for current_entgelt_value exceeded the extrapolation cap (observed training log-max=11.224, cap=14.224) on 1 of 597 simulated rows; these draws were truncated to the cap before being converted back to the original scale.
Continuous g-computation draw for current_entgelt_value exceeded the extrapolation cap (observed training log-max=11.224, cap=14.224) on 1 of 597 simulated rows; these draws were truncated to the cap before being converted back to the original scale.
Continuous g-computation draw for current_entgelt_value exceeded the extrapolation cap (observed training log-max=11.224, cap=14.224) on 1 of 597 simulated rows; these draws were truncated to the cap before being converted back to the original scale.
Continuous g-computation draw for current_entgelt_value exceeded the extrapolation cap (observed training log-max=11.224, cap=14.224) on 1 of 597 simulated rows; these draws were truncated to the cap before being converted back to the original scale.
Continuous g-computation draw for current_entgelt_value exceeded the extrapolation cap (observed training log-max=11.224, cap=14.224) on 1 of 597 simulated rows; these draws were truncated to the cap before being converted back to the original scale.
Continuous g-computation draw for current_entgelt_value exceeded the extrapolation cap (observed training log-max=11.224, cap=14.224) on 1 of 597 simulated rows; these draws were truncated to the cap before being converted back to the original scale.
Continuous g-computation draw for current_entgelt_value exceeded the extrapolation cap (observed training log-max=11.224, cap=14.224) on 1 of 597 simulated rows; these draws were truncated to the cap before being converted back to the original scale.
Continuous g-computation draw for current_entgelt_value exceeded the extrapolation cap (observed training log-max=11.224, cap=14.224) on 1 of 597 simulated rows; these draws were truncated to the cap before being converted back to the original scale.
Continuous g-computation draw for current_entgelt_value exceeded the extrapolation cap (observed training log-max=11.224, cap=14.224) on 1 of 597 simulated rows; these draws were truncated to the cap before being converted back to the original scale.
Continuous g-computation draw for current_entgelt_value exceeded the extrapolation cap (observed training log-max=11.224, cap=14.224) on 2 of 597 simulated rows; these draws were truncated to the cap before being converted back to the original scale.
Continuous g-computation draw for current_entgelt_value exceeded the extrapolation cap (observed training log-max=11.224, cap=14.224) on 1 of 597 simulated rows; these draws were truncated to the cap before being converted back to the original scale.
Continuous g-computation draw for current_entgelt_value exceeded the extrapolation cap (observed training log-max=11.224, cap=14.224) on 1 of 597 simulated rows; these draws were truncated to the cap before being converted back to the original scale.
Continuous g-computation draw for current_entgelt_value exceeded the extrapolation cap (observed training log-max=11.224, cap=14.224) on 3 of 597 simulated rows; these draws were truncated to the cap before being converted back to the original scale.
Continuous g-computation draw for current_entgelt_value exceeded the extrapolation cap (observed training log-max=11.224, cap=14.224) on 1 of 597 simulated rows; these draws were truncated to the cap before being converted back to the original scale.
Continuous g-computation draw for current_entgelt_value exceeded the extrapolation cap (observed training log-max=11.224, cap=14.224) on 1 of 597 simulated rows; these draws were truncated to the cap before being converted back to the original scale.
Continuous g-computation draw for current_entgelt_value exceeded the extrapolation cap (observed training log-max=11.224, cap=14.224) on 1 of 597 simulated rows; these draws were truncated to the cap before being converted back to the original scale.
Continuous g-computation draw for current_entgelt_value exceeded the extrapolation cap (observed training log-max=11.224, cap=14.224) on 1 of 597 simulated rows; these draws were truncated to the cap before being converted back to the original scale.
Continuous g-computation draw for current_entgelt_value exceeded the extrapolation cap (observed training log-max=11.224, cap=14.224) on 1 of 597 simulated rows; these draws were truncated to the cap before being converted back to the original scale.
Continuous g-computation draw for current_entgelt_value exceeded the extrapolation cap (observed training log-max=11.224, cap=14.224) on 2 of 597 simulated rows; these draws were truncated to the cap before being converted back to the original scale.
Continuous g-computation draw for current_entgelt_value exceeded the extrapolation cap (observed training log-max=11.224, cap=14.224) on 1 of 597 simulated rows; these draws were truncated to the cap before being converted back to the original scale.
Continuous g-computation draw for current_entgelt_value exceeded the extrapolation cap (observed training log-max=11.224, cap=14.224) on 2 of 597 simulated rows; these draws were truncated to the cap before being converted back to the original scale.
Continuous g-computation draw for current_entgelt_value exceeded the extrapolation cap (observed training log-max=11.224, cap=14.224) on 1 of 597 simulated rows; these draws were truncated to the cap before being converted back to the original scale.
Continuous g-computation draw for current_entgelt_value exceeded the extrapolation cap (observed training log-max=11.224, cap=14.224) on 2 of 597 simulated rows; these draws were truncated to the cap before being converted back to the original scale.
Continuous g-computation draw for current_entgelt_value exceeded the extrapolation cap (observed training log-max=11.224, cap=14.224) on 2 of 597 simulated rows; these draws were truncated to the cap before being converted back to the original scale.
Continuous g-computation draw for current_entgelt_value exceeded the extrapolation cap (observed training log-max=11.224, cap=14.224) on 1 of 597 simulated rows; these draws were truncated to the cap before being converted back to the original scale.
Continuous g-computation draw for current_entgelt_value exceeded the extrapolation cap (observed training log-max=11.224, cap=14.224) on 1 of 597 simulated rows; these draws were truncated to the cap before being converted back to the original scale.
Continuous g-computation draw for current_entgelt_value exceeded the extrapolation cap (observed training log-max=11.224, cap=14.224) on 1 of 597 simulated rows; these draws were truncated to the cap before being converted back to the original scale.
Continuous g-computation draw for current_entgelt_value exceeded the extrapolation cap (observed training log-max=11.224, cap=14.224) on 1 of 597 simulated rows; these draws were truncated to the cap before being converted back to the original scale.
Continuous g-computation draw for current_entgelt_value exceeded the extrapolation cap (observed training log-max=11.224, cap=14.224) on 1 of 597 simulated rows; these draws were truncated to the cap before being converted back to the original scale.
Continuous g-computation draw for current_entgelt_value exceeded the extrapolation cap (observed training log-max=11.224, cap=14.224) on 1 of 597 simulated rows; these draws were truncated to the cap before being converted back to the original scale.
Continuous g-computation draw for current_entgelt_value exceeded the extrapolation cap (observed training log-max=11.224, cap=14.224) on 2 of 597 simulated rows; these draws were truncated to the cap before being converted back to the original scale.
Continuous g-computation draw for current_entgelt_value exceeded the extrapolation cap (observed training log-max=11.224, cap=14.224) on 3 of 597 simulated rows; these draws were truncated to the cap before being converted back to the original scale.
Continuous g-computation draw for current_entgelt_value exceeded the extrapolation cap (observed training log-max=11.224, cap=14.224) on 1 of 597 simulated rows; these draws were truncated to the cap before being converted back to the original scale.
Continuous g-computation draw for current_entgelt_value exceeded the extrapolation cap (observed training log-max=11.224, cap=14.224) on 2 of 597 simulated rows; these draws were truncated to the cap before being converted back to the original scale.
Continuous g-computation draw for current_entgelt_value exceeded the extrapolation cap (observed training log-max=11.224, cap=14.224) on 3 of 597 simulated rows; these draws were truncated to the cap before being converted back to the original scale.
Continuous g-computation draw for current_entgelt_value exceeded the extrapolation cap (observed training log-max=11.224, cap=14.224) on 1 of 597 simulated rows; these draws were truncated to the cap before being converted back to the original scale.
Continuous g-computation draw for current_entgelt_value exceeded the extrapolation cap (observed training log-max=11.224, cap=14.224) on 1 of 597 simulated rows; these draws were truncated to the cap before being converted back to the original scale.
Continuous g-computation draw for current_entgelt_value exceeded the extrapolation cap (observed training log-max=11.224, cap=14.224) on 1 of 597 simulated rows; these draws were truncated to the cap before being converted back to the original scale.
Continuous g-computation draw for current_entgelt_value exceeded the extrapolation cap (observed training log-max=11.224, cap=14.224) on 1 of 597 simulated rows; these draws were truncated to the cap before being converted back to the original scale.
Continuous g-computation draw for current_entgelt_value exceeded the extrapolation cap (observed training log-max=11.224, cap=14.224) on 1 of 597 simulated rows; these draws were truncated to the cap before being converted back to the original scale.
Continuous g-computation draw for current_entgelt_value exceeded the extrapolation cap (observed training log-max=11.224, cap=14.224) on 2 of 597 simulated rows; these draws were truncated to the cap before being converted back to the original scale.
Continuous g-computation draw for current_entgelt_value exceeded the extrapolation cap (observed training log-max=11.224, cap=14.224) on 1 of 597 simulated rows; these draws were truncated to the cap before being converted back to the original scale.
Continuous g-computation draw for current_entgelt_value exceeded the extrapolation cap (observed training log-max=11.224, cap=14.224) on 1 of 597 simulated rows; these draws were truncated to the cap before being converted back to the original scale.
Continuous g-computation draw for current_entgelt_value exceeded the extrapolation cap (observed training log-max=11.224, cap=14.224) on 1 of 597 simulated rows; these draws were truncated to the cap before being converted back to the original scale.
Continuous g-computation draw for current_entgelt_value exceeded the extrapolation cap (observed training log-max=11.224, cap=14.224) on 1 of 597 simulated rows; these draws were truncated to the cap before being converted back to the original scale.
Continuous g-computation draw for current_entgelt_value exceeded the extrapolation cap (observed training log-max=11.224, cap=14.224) on 1 of 597 simulated rows; these draws were truncated to the cap before being converted back to the original scale.
Continuous g-computation draw for current_entgelt_value exceeded the extrapolation cap (observed training log-max=11.224, cap=14.224) on 2 of 597 simulated rows; these draws were truncated to the cap before being converted back to the original scale.
Continuous g-computation draw for current_entgelt_value exceeded the extrapolation cap (observed training log-max=11.224, cap=14.224) on 1 of 597 simulated rows; these draws were truncated to the cap before being converted back to the original scale.
Continuous g-computation draw for current_entgelt_value exceeded the extrapolation cap (observed training log-max=11.224, cap=14.224) on 2 of 597 simulated rows; these draws were truncated to the cap before being converted back to the original scale.
Continuous g-computation draw for current_entgelt_value exceeded the extrapolation cap (observed training log-max=11.224, cap=14.224) on 2 of 597 simulated rows; these draws were truncated to the cap before being converted back to the original scale.
Continuous g-computation draw for current_entgelt_value exceeded the extrapolation cap (observed training log-max=11.224, cap=14.224) on 2 of 597 simulated rows; these draws were truncated to the cap before being converted back to the original scale.
Continuous g-computation draw for current_entgelt_value exceeded the extrapolation cap (observed training log-max=11.224, cap=14.224) on 2 of 597 simulated rows; these draws were truncated to the cap before being converted back to the original scale.
Continuous g-computation draw for current_entgelt_value exceeded the extrapolation cap (observed training log-max=11.224, cap=14.224) on 1 of 597 simulated rows; these draws were truncated to the cap before being converted back to the original scale.
2026-09-17 13:39:04,991 [INFO] __main__: Longitudinal mediation bootstrap: 4/20 replications completed (4 successful)
2026-09-17 13:39:32,326 [INFO] __main__: Longitudinal mediation bootstrap: 6/20 replications completed (6 successful)
Continuous g-computation draw for current_entgelt_value exceeded the extrapolation cap (observed training log-max=11.224, cap=14.224) on 2 of 591 simulated rows; these draws were truncated to the cap before being converted back to the original scale.
Continuous g-computation draw for current_entgelt_value exceeded the extrapolation cap (observed training log-max=11.224, cap=14.224) on 3 of 591 simulated rows; these draws were truncated to the cap before being converted back to the original scale.
Continuous g-computation draw for current_entgelt_value exceeded the extrapolation cap (observed training log-max=11.224, cap=14.224) on 1 of 591 simulated rows; these draws were truncated to the cap before being converted back to the original scale.
Continuous g-computation draw for current_entgelt_value exceeded the extrapolation cap (observed training log-max=11.224, cap=14.224) on 1 of 591 simulated rows; these draws were truncated to the cap before being converted back to the original scale.
Continuous g-computation draw for current_entgelt_value exceeded the extrapolation cap (observed training log-max=11.224, cap=14.224) on 1 of 591 simulated rows; these draws were truncated to the cap before being converted back to the original scale.
Continuous g-computation draw for current_entgelt_value exceeded the extrapolation cap (observed training log-max=11.224, cap=14.224) on 6 of 591 simulated rows; these draws were truncated to the cap before being converted back to the original scale.
Continuous g-computation draw for current_entgelt_value exceeded the extrapolation cap (observed training log-max=11.224, cap=14.224) on 1 of 591 simulated rows; these draws were truncated to the cap before being converted back to the original scale.
Continuous g-computation draw for current_entgelt_value exceeded the extrapolation cap (observed training log-max=11.224, cap=14.224) on 1 of 591 simulated rows; these draws were truncated to the cap before being converted back to the original scale.
Continuous g-computation draw for current_entgelt_value exceeded the extrapolation cap (observed training log-max=11.224, cap=14.224) on 3 of 591 simulated rows; these draws were truncated to the cap before being converted back to the original scale.
Continuous g-computation draw for current_entgelt_value exceeded the extrapolation cap (observed training log-max=11.224, cap=14.224) on 2 of 591 simulated rows; these draws were truncated to the cap before being converted back to the original scale.
Continuous g-computation draw for current_entgelt_value exceeded the extrapolation cap (observed training log-max=11.224, cap=14.224) on 8 of 591 simulated rows; these draws were truncated to the cap before being converted back to the original scale.
Continuous g-computation draw for current_entgelt_value exceeded the extrapolation cap (observed training log-max=11.224, cap=14.224) on 1 of 591 simulated rows; these draws were truncated to the cap before being converted back to the original scale.
Continuous g-computation draw for current_entgelt_value exceeded the extrapolation cap (observed training log-max=11.224, cap=14.224) on 7 of 591 simulated rows; these draws were truncated to the cap before being converted back to the original scale.
Continuous g-computation draw for current_entgelt_value exceeded the extrapolation cap (observed training log-max=11.224, cap=14.224) on 1 of 591 simulated rows; these draws were truncated to the cap before being converted back to the original scale.
Continuous g-computation draw for current_entgelt_value exceeded the extrapolation cap (observed training log-max=11.224, cap=14.224) on 5 of 591 simulated rows; these draws were truncated to the cap before being converted back to the original scale.
Continuous g-computation draw for current_entgelt_value exceeded the extrapolation cap (observed training log-max=11.224, cap=14.224) on 1 of 591 simulated rows; these draws were truncated to the cap before being converted back to the original scale.
Continuous g-computation draw for current_entgelt_value exceeded the extrapolation cap (observed training log-max=11.224, cap=14.224) on 1 of 591 simulated rows; these draws were truncated to the cap before being converted back to the original scale.
Continuous g-computation draw for current_entgelt_value exceeded the extrapolation cap (observed training log-max=11.224, cap=14.224) on 1 of 591 simulated rows; these draws were truncated to the cap before being converted back to the original scale.
Continuous g-computation draw for current_entgelt_value exceeded the extrapolation cap (observed training log-max=11.224, cap=14.224) on 5 of 591 simulated rows; these draws were truncated to the cap before being converted back to the original scale.
Continuous g-computation draw for current_entgelt_value exceeded the extrapolation cap (observed training log-max=11.224, cap=14.224) on 2 of 591 simulated rows; these draws were truncated to the cap before being converted back to the original scale.
Continuous g-computation draw for current_entgelt_value exceeded the extrapolation cap (observed training log-max=11.224, cap=14.224) on 3 of 591 simulated rows; these draws were truncated to the cap before being converted back to the original scale.
Continuous g-computation draw for current_entgelt_value exceeded the extrapolation cap (observed training log-max=11.224, cap=14.224) on 1 of 591 simulated rows; these draws were truncated to the cap before being converted back to the original scale.
Continuous g-computation draw for current_entgelt_value exceeded the extrapolation cap (observed training log-max=11.224, cap=14.224) on 7 of 591 simulated rows; these draws were truncated to the cap before being converted back to the original scale.
Continuous g-computation draw for current_entgelt_value exceeded the extrapolation cap (observed training log-max=11.224, cap=14.224) on 3 of 591 simulated rows; these draws were truncated to the cap before being converted back to the original scale.
Continuous g-computation draw for current_entgelt_value exceeded the extrapolation cap (observed training log-max=11.224, cap=14.224) on 2 of 591 simulated rows; these draws were truncated to the cap before being converted back to the original scale.
Continuous g-computation draw for current_entgelt_value exceeded the extrapolation cap (observed training log-max=11.224, cap=14.224) on 6 of 591 simulated rows; these draws were truncated to the cap before being converted back to the original scale.
Continuous g-computation draw for current_entgelt_value exceeded the extrapolation cap (observed training log-max=11.224, cap=14.224) on 2 of 591 simulated rows; these draws were truncated to the cap before being converted back to the original scale.
Continuous g-computation draw for current_entgelt_value exceeded the extrapolation cap (observed training log-max=11.224, cap=14.224) on 4 of 591 simulated rows; these draws were truncated to the cap before being converted back to the original scale.
Continuous g-computation draw for current_entgelt_value exceeded the extrapolation cap (observed training log-max=11.224, cap=14.224) on 5 of 591 simulated rows; these draws were truncated to the cap before being converted back to the original scale.
Continuous g-computation draw for current_entgelt_value exceeded the extrapolation cap (observed training log-max=11.224, cap=14.224) on 1 of 591 simulated rows; these draws were truncated to the cap before being converted back to the original scale.
Continuous g-computation draw for current_entgelt_value exceeded the extrapolation cap (observed training log-max=11.224, cap=14.224) on 6 of 591 simulated rows; these draws were truncated to the cap before being converted back to the original scale.
Continuous g-computation draw for current_entgelt_value exceeded the extrapolation cap (observed training log-max=11.224, cap=14.224) on 2 of 591 simulated rows; these draws were truncated to the cap before being converted back to the original scale.
Continuous g-computation draw for current_entgelt_value exceeded the extrapolation cap (observed training log-max=11.224, cap=14.224) on 6 of 591 simulated rows; these draws were truncated to the cap before being converted back to the original scale.
Continuous g-computation draw for current_entgelt_value exceeded the extrapolation cap (observed training log-max=11.224, cap=14.224) on 1 of 591 simulated rows; these draws were truncated to the cap before being converted back to the original scale.
Continuous g-computation draw for current_entgelt_value exceeded the extrapolation cap (observed training log-max=11.224, cap=14.224) on 5 of 591 simulated rows; these draws were truncated to the cap before being converted back to the original scale.
Continuous g-computation draw for current_entgelt_value exceeded the extrapolation cap (observed training log-max=11.224, cap=14.224) on 3 of 591 simulated rows; these draws were truncated to the cap before being converted back to the original scale.
Continuous g-computation draw for current_entgelt_value exceeded the extrapolation cap (observed training log-max=11.224, cap=14.224) on 5 of 591 simulated rows; these draws were truncated to the cap before being converted back to the original scale.
Continuous g-computation draw for current_entgelt_value exceeded the extrapolation cap (observed training log-max=11.224, cap=14.224) on 3 of 591 simulated rows; these draws were truncated to the cap before being converted back to the original scale.
Continuous g-computation draw for current_entgelt_value exceeded the extrapolation cap (observed training log-max=11.224, cap=14.224) on 1 of 591 simulated rows; these draws were truncated to the cap before being converted back to the original scale.
Continuous g-computation draw for current_entgelt_value exceeded the extrapolation cap (observed training log-max=11.224, cap=14.224) on 6 of 591 simulated rows; these draws were truncated to the cap before being converted back to the original scale.
Continuous g-computation draw for current_entgelt_value exceeded the extrapolation cap (observed training log-max=11.224, cap=14.224) on 2 of 591 simulated rows; these draws were truncated to the cap before being converted back to the original scale.
Continuous g-computation draw for current_entgelt_value exceeded the extrapolation cap (observed training log-max=11.224, cap=14.224) on 7 of 591 simulated rows; these draws were truncated to the cap before being converted back to the original scale.
Continuous g-computation draw for current_entgelt_value exceeded the extrapolation cap (observed training log-max=11.224, cap=14.224) on 1 of 591 simulated rows; these draws were truncated to the cap before being converted back to the original scale.
Continuous g-computation draw for current_entgelt_value exceeded the extrapolation cap (observed training log-max=11.224, cap=14.224) on 5 of 591 simulated rows; these draws were truncated to the cap before being converted back to the original scale.
Continuous g-computation draw for current_entgelt_value exceeded the extrapolation cap (observed training log-max=11.224, cap=14.224) on 1 of 591 simulated rows; these draws were truncated to the cap before being converted back to the original scale.
Continuous g-computation draw for current_entgelt_value exceeded the extrapolation cap (observed training log-max=11.224, cap=14.224) on 5 of 591 simulated rows; these draws were truncated to the cap before being converted back to the original scale.
Continuous g-computation draw for current_entgelt_value exceeded the extrapolation cap (observed training log-max=11.224, cap=14.224) on 1 of 591 simulated rows; these draws were truncated to the cap before being converted back to the original scale.
Continuous g-computation draw for current_entgelt_value exceeded the extrapolation cap (observed training log-max=11.224, cap=14.224) on 7 of 591 simulated rows; these draws were truncated to the cap before being converted back to the original scale.
Continuous g-computation draw for current_entgelt_value exceeded the extrapolation cap (observed training log-max=11.224, cap=14.224) on 2 of 591 simulated rows; these draws were truncated to the cap before being converted back to the original scale.
Continuous g-computation draw for current_entgelt_value exceeded the extrapolation cap (observed training log-max=11.224, cap=14.224) on 4 of 591 simulated rows; these draws were truncated to the cap before being converted back to the original scale.
Continuous g-computation draw for current_entgelt_value exceeded the extrapolation cap (observed training log-max=11.224, cap=14.224) on 1 of 591 simulated rows; these draws were truncated to the cap before being converted back to the original scale.
Continuous g-computation draw for current_entgelt_value exceeded the extrapolation cap (observed training log-max=11.224, cap=14.224) on 1 of 591 simulated rows; these draws were truncated to the cap before being converted back to the original scale.
Continuous g-computation draw for current_entgelt_value exceeded the extrapolation cap (observed training log-max=11.224, cap=14.224) on 5 of 591 simulated rows; these draws were truncated to the cap before being converted back to the original scale.
Continuous g-computation draw for current_entgelt_value exceeded the extrapolation cap (observed training log-max=11.224, cap=14.224) on 2 of 591 simulated rows; these draws were truncated to the cap before being converted back to the original scale.
Continuous g-computation draw for current_entgelt_value exceeded the extrapolation cap (observed training log-max=11.224, cap=14.224) on 1 of 591 simulated rows; these draws were truncated to the cap before being converted back to the original scale.
Continuous g-computation draw for current_entgelt_value exceeded the extrapolation cap (observed training log-max=11.224, cap=14.224) on 4 of 591 simulated rows; these draws were truncated to the cap before being converted back to the original scale.
Continuous g-computation draw for current_entgelt_value exceeded the extrapolation cap (observed training log-max=11.224, cap=14.224) on 9 of 591 simulated rows; these draws were truncated to the cap before being converted back to the original scale.
Continuous g-computation draw for current_entgelt_value exceeded the extrapolation cap (observed training log-max=11.224, cap=14.224) on 4 of 591 simulated rows; these draws were truncated to the cap before being converted back to the original scale.
Continuous g-computation draw for current_entgelt_value exceeded the extrapolation cap (observed training log-max=11.224, cap=14.224) on 9 of 591 simulated rows; these draws were truncated to the cap before being converted back to the original scale.
Continuous g-computation draw for current_entgelt_value exceeded the extrapolation cap (observed training log-max=11.224, cap=14.224) on 1 of 591 simulated rows; these draws were truncated to the cap before being converted back to the original scale.
Continuous g-computation draw for current_entgelt_value exceeded the extrapolation cap (observed training log-max=11.224, cap=14.224) on 6 of 591 simulated rows; these draws were truncated to the cap before being converted back to the original scale.
Continuous g-computation draw for current_entgelt_value exceeded the extrapolation cap (observed training log-max=11.224, cap=14.224) on 2 of 591 simulated rows; these draws were truncated to the cap before being converted back to the original scale.
Continuous g-computation draw for current_entgelt_value exceeded the extrapolation cap (observed training log-max=11.224, cap=14.224) on 7 of 591 simulated rows; these draws were truncated to the cap before being converted back to the original scale.
Continuous g-computation draw for current_entgelt_value exceeded the extrapolation cap (observed training log-max=11.224, cap=14.224) on 3 of 591 simulated rows; these draws were truncated to the cap before being converted back to the original scale.
Continuous g-computation draw for current_entgelt_value exceeded the extrapolation cap (observed training log-max=11.224, cap=14.224) on 1 of 591 simulated rows; these draws were truncated to the cap before being converted back to the original scale.
Continuous g-computation draw for current_entgelt_value exceeded the extrapolation cap (observed training log-max=11.224, cap=14.224) on 6 of 591 simulated rows; these draws were truncated to the cap before being converted back to the original scale.
Continuous g-computation draw for current_entgelt_value exceeded the extrapolation cap (observed training log-max=11.224, cap=14.224) on 1 of 591 simulated rows; these draws were truncated to the cap before being converted back to the original scale.
Continuous g-computation draw for current_entgelt_value exceeded the extrapolation cap (observed training log-max=11.224, cap=14.224) on 5 of 591 simulated rows; these draws were truncated to the cap before being converted back to the original scale.
Continuous g-computation draw for current_entgelt_value exceeded the extrapolation cap (observed training log-max=11.224, cap=14.224) on 4 of 591 simulated rows; these draws were truncated to the cap before being converted back to the original scale.
Continuous g-computation draw for current_entgelt_value exceeded the extrapolation cap (observed training log-max=11.224, cap=14.224) on 7 of 591 simulated rows; these draws were truncated to the cap before being converted back to the original scale.
Continuous g-computation draw for current_entgelt_value exceeded the extrapolation cap (observed training log-max=11.224, cap=14.224) on 4 of 591 simulated rows; these draws were truncated to the cap before being converted back to the original scale.
Continuous g-computation draw for current_entgelt_value exceeded the extrapolation cap (observed training log-max=11.224, cap=14.224) on 2 of 591 simulated rows; these draws were truncated to the cap before being converted back to the original scale.
Continuous g-computation draw for current_entgelt_value exceeded the extrapolation cap (observed training log-max=11.224, cap=14.224) on 3 of 591 simulated rows; these draws were truncated to the cap before being converted back to the original scale.
Continuous g-computation draw for current_entgelt_value exceeded the extrapolation cap (observed training log-max=11.224, cap=14.224) on 1 of 591 simulated rows; these draws were truncated to the cap before being converted back to the original scale.
Continuous g-computation draw for current_entgelt_value exceeded the extrapolation cap (observed training log-max=11.224, cap=14.224) on 4 of 591 simulated rows; these draws were truncated to the cap before being converted back to the original scale.
Continuous g-computation draw for current_entgelt_value exceeded the extrapolation cap (observed training log-max=11.224, cap=14.224) on 1 of 591 simulated rows; these draws were truncated to the cap before being converted back to the original scale.
Continuous g-computation draw for current_entgelt_value exceeded the extrapolation cap (observed training log-max=11.224, cap=14.224) on 2 of 591 simulated rows; these draws were truncated to the cap before being converted back to the original scale.
Continuous g-computation draw for current_entgelt_value exceeded the extrapolation cap (observed training log-max=11.224, cap=14.224) on 1 of 591 simulated rows; these draws were truncated to the cap before being converted back to the original scale.
Continuous g-computation draw for current_entgelt_value exceeded the extrapolation cap (observed training log-max=11.224, cap=14.224) on 5 of 591 simulated rows; these draws were truncated to the cap before being converted back to the original scale.
Continuous g-computation draw for current_entgelt_value exceeded the extrapolation cap (observed training log-max=11.224, cap=14.224) on 1 of 591 simulated rows; these draws were truncated to the cap before being converted back to the original scale.
Continuous g-computation draw for current_entgelt_value exceeded the extrapolation cap (observed training log-max=11.224, cap=14.224) on 5 of 591 simulated rows; these draws were truncated to the cap before being converted back to the original scale.
Continuous g-computation draw for current_entgelt_value exceeded the extrapolation cap (observed training log-max=11.224, cap=14.224) on 3 of 591 simulated rows; these draws were truncated to the cap before being converted back to the original scale.
Continuous g-computation draw for current_entgelt_value exceeded the extrapolation cap (observed training log-max=11.224, cap=14.224) on 9 of 591 simulated rows; these draws were truncated to the cap before being converted back to the original scale.
Continuous g-computation draw for current_entgelt_value exceeded the extrapolation cap (observed training log-max=11.224, cap=14.224) on 2 of 591 simulated rows; these draws were truncated to the cap before being converted back to the original scale.
Continuous g-computation draw for current_entgelt_value exceeded the extrapolation cap (observed training log-max=11.224, cap=14.224) on 1 of 591 simulated rows; these draws were truncated to the cap before being converted back to the original scale.
Continuous g-computation draw for current_entgelt_value exceeded the extrapolation cap (observed training log-max=11.224, cap=14.224) on 6 of 591 simulated rows; these draws were truncated to the cap before being converted back to the original scale.
Continuous g-computation draw for current_entgelt_value exceeded the extrapolation cap (observed training log-max=11.224, cap=14.224) on 2 of 591 simulated rows; these draws were truncated to the cap before being converted back to the original scale.
Continuous g-computation draw for current_entgelt_value exceeded the extrapolation cap (observed training log-max=11.224, cap=14.224) on 6 of 591 simulated rows; these draws were truncated to the cap before being converted back to the original scale.
Continuous g-computation draw for current_entgelt_value exceeded the extrapolation cap (observed training log-max=11.224, cap=14.224) on 1 of 591 simulated rows; these draws were truncated to the cap before being converted back to the original scale.
Continuous g-computation draw for current_entgelt_value exceeded the extrapolation cap (observed training log-max=11.224, cap=14.224) on 1 of 591 simulated rows; these draws were truncated to the cap before being converted back to the original scale.
Continuous g-computation draw for current_entgelt_value exceeded the extrapolation cap (observed training log-max=11.224, cap=14.224) on 4 of 591 simulated rows; these draws were truncated to the cap before being converted back to the original scale.
Continuous g-computation draw for current_entgelt_value exceeded the extrapolation cap (observed training log-max=11.224, cap=14.224) on 1 of 591 simulated rows; these draws were truncated to the cap before being converted back to the original scale.
Continuous g-computation draw for current_entgelt_value exceeded the extrapolation cap (observed training log-max=11.224, cap=14.224) on 3 of 591 simulated rows; these draws were truncated to the cap before being converted back to the original scale.
Continuous g-computation draw for current_entgelt_value exceeded the extrapolation cap (observed training log-max=11.224, cap=14.224) on 2 of 591 simulated rows; these draws were truncated to the cap before being converted back to the original scale.
Continuous g-computation draw for current_entgelt_value exceeded the extrapolation cap (observed training log-max=11.224, cap=14.224) on 7 of 591 simulated rows; these draws were truncated to the cap before being converted back to the original scale.
Continuous g-computation draw for current_entgelt_value exceeded the extrapolation cap (observed training log-max=11.224, cap=14.224) on 1 of 591 simulated rows; these draws were truncated to the cap before being converted back to the original scale.
Continuous g-computation draw for current_entgelt_value exceeded the extrapolation cap (observed training log-max=11.224, cap=14.224) on 4 of 591 simulated rows; these draws were truncated to the cap before being converted back to the original scale.
Continuous g-computation draw for current_entgelt_value exceeded the extrapolation cap (observed training log-max=11.224, cap=14.224) on 1 of 591 simulated rows; these draws were truncated to the cap before being converted back to the original scale.
Continuous g-computation draw for current_entgelt_value exceeded the extrapolation cap (observed training log-max=11.224, cap=14.224) on 2 of 591 simulated rows; these draws were truncated to the cap before being converted back to the original scale.
Continuous g-computation draw for current_entgelt_value exceeded the extrapolation cap (observed training log-max=11.224, cap=14.224) on 3 of 591 simulated rows; these draws were truncated to the cap before being converted back to the original scale.
Continuous g-computation draw for current_entgelt_value exceeded the extrapolation cap (observed training log-max=11.224, cap=14.224) on 1 of 591 simulated rows; these draws were truncated to the cap before being converted back to the original scale.
Continuous g-computation draw for current_entgelt_value exceeded the extrapolation cap (observed training log-max=11.224, cap=14.224) on 3 of 591 simulated rows; these draws were truncated to the cap before being converted back to the original scale.
Continuous g-computation draw for current_entgelt_value exceeded the extrapolation cap (observed training log-max=11.224, cap=14.224) on 2 of 591 simulated rows; these draws were truncated to the cap before being converted back to the original scale.
Continuous g-computation draw for current_entgelt_value exceeded the extrapolation cap (observed training log-max=11.224, cap=14.224) on 6 of 591 simulated rows; these draws were truncated to the cap before being converted back to the original scale.
Continuous g-computation draw for current_entgelt_value exceeded the extrapolation cap (observed training log-max=11.224, cap=14.224) on 1 of 591 simulated rows; these draws were truncated to the cap before being converted back to the original scale.
Continuous g-computation draw for current_entgelt_value exceeded the extrapolation cap (observed training log-max=11.224, cap=14.224) on 1 of 591 simulated rows; these draws were truncated to the cap before being converted back to the original scale.
Continuous g-computation draw for current_entgelt_value exceeded the extrapolation cap (observed training log-max=11.224, cap=14.224) on 3 of 591 simulated rows; these draws were truncated to the cap before being converted back to the original scale.
Continuous g-computation draw for current_entgelt_value exceeded the extrapolation cap (observed training log-max=11.224, cap=14.224) on 6 of 591 simulated rows; these draws were truncated to the cap before being converted back to the original scale.
Continuous g-computation draw for current_entgelt_value exceeded the extrapolation cap (observed training log-max=11.224, cap=14.224) on 3 of 591 simulated rows; these draws were truncated to the cap before being converted back to the original scale.
Continuous g-computation draw for current_entgelt_value exceeded the extrapolation cap (observed training log-max=11.224, cap=14.224) on 8 of 591 simulated rows; these draws were truncated to the cap before being converted back to the original scale.
Continuous g-computation draw for current_entgelt_value exceeded the extrapolation cap (observed training log-max=11.224, cap=14.224) on 1 of 591 simulated rows; these draws were truncated to the cap before being converted back to the original scale.
Continuous g-computation draw for current_entgelt_value exceeded the extrapolation cap (observed training log-max=11.224, cap=14.224) on 7 of 591 simulated rows; these draws were truncated to the cap before being converted back to the original scale.
Continuous g-computation draw for current_entgelt_value exceeded the extrapolation cap (observed training log-max=11.224, cap=14.224) on 4 of 591 simulated rows; these draws were truncated to the cap before being converted back to the original scale.
Continuous g-computation draw for current_entgelt_value exceeded the extrapolation cap (observed training log-max=11.224, cap=14.224) on 6 of 591 simulated rows; these draws were truncated to the cap before being converted back to the original scale.
Continuous g-computation draw for current_entgelt_value exceeded the extrapolation cap (observed training log-max=11.224, cap=14.224) on 3 of 591 simulated rows; these draws were truncated to the cap before being converted back to the original scale.
Continuous g-computation draw for current_entgelt_value exceeded the extrapolation cap (observed training log-max=11.224, cap=14.224) on 1 of 591 simulated rows; these draws were truncated to the cap before being converted back to the original scale.
Continuous g-computation draw for current_entgelt_value exceeded the extrapolation cap (observed training log-max=11.224, cap=14.224) on 1 of 591 simulated rows; these draws were truncated to the cap before being converted back to the original scale.
Continuous g-computation draw for current_entgelt_value exceeded the extrapolation cap (observed training log-max=11.224, cap=14.224) on 1 of 591 simulated rows; these draws were truncated to the cap before being converted back to the original scale.
Continuous g-computation draw for current_entgelt_value exceeded the extrapolation cap (observed training log-max=11.224, cap=14.224) on 8 of 591 simulated rows; these draws were truncated to the cap before being converted back to the original scale.
Continuous g-computation draw for current_entgelt_value exceeded the extrapolation cap (observed training log-max=11.224, cap=14.224) on 1 of 591 simulated rows; these draws were truncated to the cap before being converted back to the original scale.
Continuous g-computation draw for current_entgelt_value exceeded the extrapolation cap (observed training log-max=11.224, cap=14.224) on 6 of 591 simulated rows; these draws were truncated to the cap before being converted back to the original scale.
Continuous g-computation draw for current_entgelt_value exceeded the extrapolation cap (observed training log-max=11.224, cap=14.224) on 1 of 591 simulated rows; these draws were truncated to the cap before being converted back to the original scale.
Continuous g-computation draw for current_entgelt_value exceeded the extrapolation cap (observed training log-max=11.224, cap=14.224) on 6 of 591 simulated rows; these draws were truncated to the cap before being converted back to the original scale.
Continuous g-computation draw for current_entgelt_value exceeded the extrapolation cap (observed training log-max=11.224, cap=14.224) on 2 of 591 simulated rows; these draws were truncated to the cap before being converted back to the original scale.
Continuous g-computation draw for current_entgelt_value exceeded the extrapolation cap (observed training log-max=11.224, cap=14.224) on 3 of 591 simulated rows; these draws were truncated to the cap before being converted back to the original scale.
Continuous g-computation draw for current_entgelt_value exceeded the extrapolation cap (observed training log-max=11.224, cap=14.224) on 2 of 591 simulated rows; these draws were truncated to the cap before being converted back to the original scale.
Continuous g-computation draw for current_entgelt_value exceeded the extrapolation cap (observed training log-max=11.224, cap=14.224) on 6 of 591 simulated rows; these draws were truncated to the cap before being converted back to the original scale.
Continuous g-computation draw for current_entgelt_value exceeded the extrapolation cap (observed training log-max=11.224, cap=14.224) on 1 of 591 simulated rows; these draws were truncated to the cap before being converted back to the original scale.
Continuous g-computation draw for current_entgelt_value exceeded the extrapolation cap (observed training log-max=11.224, cap=14.224) on 4 of 591 simulated rows; these draws were truncated to the cap before being converted back to the original scale.
Continuous g-computation draw for current_entgelt_value exceeded the extrapolation cap (observed training log-max=11.224, cap=14.224) on 1 of 591 simulated rows; these draws were truncated to the cap before being converted back to the original scale.
Continuous g-computation draw for current_entgelt_value exceeded the extrapolation cap (observed training log-max=11.224, cap=14.224) on 6 of 591 simulated rows; these draws were truncated to the cap before being converted back to the original scale.
Continuous g-computation draw for current_entgelt_value exceeded the extrapolation cap (observed training log-max=11.224, cap=14.224) on 1 of 591 simulated rows; these draws were truncated to the cap before being converted back to the original scale.
Continuous g-computation draw for current_entgelt_value exceeded the extrapolation cap (observed training log-max=11.224, cap=14.224) on 2 of 591 simulated rows; these draws were truncated to the cap before being converted back to the original scale.
Continuous g-computation draw for current_entgelt_value exceeded the extrapolation cap (observed training log-max=11.224, cap=14.224) on 3 of 591 simulated rows; these draws were truncated to the cap before being converted back to the original scale.
Continuous g-computation draw for current_entgelt_value exceeded the extrapolation cap (observed training log-max=11.224, cap=14.224) on 7 of 591 simulated rows; these draws were truncated to the cap before being converted back to the original scale.
Continuous g-computation draw for current_entgelt_value exceeded the extrapolation cap (observed training log-max=11.224, cap=14.224) on 3 of 591 simulated rows; these draws were truncated to the cap before being converted back to the original scale.
Continuous g-computation draw for current_entgelt_value exceeded the extrapolation cap (observed training log-max=11.224, cap=14.224) on 1 of 591 simulated rows; these draws were truncated to the cap before being converted back to the original scale.
Continuous g-computation draw for current_entgelt_value exceeded the extrapolation cap (observed training log-max=11.224, cap=14.224) on 6 of 591 simulated rows; these draws were truncated to the cap before being converted back to the original scale.
Continuous g-computation draw for current_entgelt_value exceeded the extrapolation cap (observed training log-max=11.224, cap=14.224) on 1 of 591 simulated rows; these draws were truncated to the cap before being converted back to the original scale.
Continuous g-computation draw for current_entgelt_value exceeded the extrapolation cap (observed training log-max=11.224, cap=14.224) on 4 of 591 simulated rows; these draws were truncated to the cap before being converted back to the original scale.
Continuous g-computation draw for current_entgelt_value exceeded the extrapolation cap (observed training log-max=11.224, cap=14.224) on 4 of 591 simulated rows; these draws were truncated to the cap before being converted back to the original scale.
Continuous g-computation draw for current_entgelt_value exceeded the extrapolation cap (observed training log-max=11.224, cap=14.224) on 1 of 591 simulated rows; these draws were truncated to the cap before being converted back to the original scale.
Continuous g-computation draw for current_entgelt_value exceeded the extrapolation cap (observed training log-max=11.224, cap=14.224) on 6 of 591 simulated rows; these draws were truncated to the cap before being converted back to the original scale.
Continuous g-computation draw for current_entgelt_value exceeded the extrapolation cap (observed training log-max=11.224, cap=14.224) on 4 of 591 simulated rows; these draws were truncated to the cap before being converted back to the original scale.
Continuous g-computation draw for current_entgelt_value exceeded the extrapolation cap (observed training log-max=11.224, cap=14.224) on 4 of 591 simulated rows; these draws were truncated to the cap before being converted back to the original scale.
Continuous g-computation draw for current_entgelt_value exceeded the extrapolation cap (observed training log-max=11.224, cap=14.224) on 1 of 591 simulated rows; these draws were truncated to the cap before being converted back to the original scale.
Continuous g-computation draw for current_entgelt_value exceeded the extrapolation cap (observed training log-max=11.224, cap=14.224) on 5 of 591 simulated rows; these draws were truncated to the cap before being converted back to the original scale.
Continuous g-computation draw for current_entgelt_value exceeded the extrapolation cap (observed training log-max=11.224, cap=14.224) on 2 of 591 simulated rows; these draws were truncated to the cap before being converted back to the original scale.
Continuous g-computation draw for current_entgelt_value exceeded the extrapolation cap (observed training log-max=11.224, cap=14.224) on 3 of 591 simulated rows; these draws were truncated to the cap before being converted back to the original scale.
Continuous g-computation draw for current_entgelt_value exceeded the extrapolation cap (observed training log-max=11.224, cap=14.224) on 4 of 591 simulated rows; these draws were truncated to the cap before being converted back to the original scale.
Continuous g-computation draw for current_entgelt_value exceeded the extrapolation cap (observed training log-max=11.224, cap=14.224) on 2 of 591 simulated rows; these draws were truncated to the cap before being converted back to the original scale.
Continuous g-computation draw for current_entgelt_value exceeded the extrapolation cap (observed training log-max=11.224, cap=14.224) on 6 of 591 simulated rows; these draws were truncated to the cap before being converted back to the original scale.
Continuous g-computation draw for current_entgelt_value exceeded the extrapolation cap (observed training log-max=11.224, cap=14.224) on 2 of 591 simulated rows; these draws were truncated to the cap before being converted back to the original scale.
Continuous g-computation draw for current_entgelt_value exceeded the extrapolation cap (observed training log-max=11.224, cap=14.224) on 5 of 591 simulated rows; these draws were truncated to the cap before being converted back to the original scale.
Continuous g-computation draw for current_entgelt_value exceeded the extrapolation cap (observed training log-max=11.224, cap=14.224) on 2 of 591 simulated rows; these draws were truncated to the cap before being converted back to the original scale.
Continuous g-computation draw for current_entgelt_value exceeded the extrapolation cap (observed training log-max=11.224, cap=14.224) on 6 of 591 simulated rows; these draws were truncated to the cap before being converted back to the original scale.
Continuous g-computation draw for current_entgelt_value exceeded the extrapolation cap (observed training log-max=11.224, cap=14.224) on 1 of 591 simulated rows; these draws were truncated to the cap before being converted back to the original scale.
Continuous g-computation draw for current_entgelt_value exceeded the extrapolation cap (observed training log-max=11.224, cap=14.224) on 1 of 591 simulated rows; these draws were truncated to the cap before being converted back to the original scale.
Continuous g-computation draw for current_entgelt_value exceeded the extrapolation cap (observed training log-max=11.224, cap=14.224) on 4 of 591 simulated rows; these draws were truncated to the cap before being converted back to the original scale.
Continuous g-computation draw for current_entgelt_value exceeded the extrapolation cap (observed training log-max=11.224, cap=14.224) on 2 of 591 simulated rows; these draws were truncated to the cap before being converted back to the original scale.
Continuous g-computation draw for current_entgelt_value exceeded the extrapolation cap (observed training log-max=11.224, cap=14.224) on 7 of 591 simulated rows; these draws were truncated to the cap before being converted back to the original scale.
Continuous g-computation draw for current_entgelt_value exceeded the extrapolation cap (observed training log-max=11.224, cap=14.224) on 1 of 591 simulated rows; these draws were truncated to the cap before being converted back to the original scale.
Continuous g-computation draw for current_entgelt_value exceeded the extrapolation cap (observed training log-max=11.224, cap=14.224) on 1 of 591 simulated rows; these draws were truncated to the cap before being converted back to the original scale.
Continuous g-computation draw for current_entgelt_value exceeded the extrapolation cap (observed training log-max=11.224, cap=14.224) on 4 of 591 simulated rows; these draws were truncated to the cap before being converted back to the original scale.
Continuous g-computation draw for current_entgelt_value exceeded the extrapolation cap (observed training log-max=11.224, cap=14.224) on 1 of 591 simulated rows; these draws were truncated to the cap before being converted back to the original scale.
Continuous g-computation draw for current_entgelt_value exceeded the extrapolation cap (observed training log-max=11.224, cap=14.224) on 3 of 591 simulated rows; these draws were truncated to the cap before being converted back to the original scale.
Continuous g-computation draw for current_entgelt_value exceeded the extrapolation cap (observed training log-max=11.224, cap=14.224) on 1 of 591 simulated rows; these draws were truncated to the cap before being converted back to the original scale.
Continuous g-computation draw for current_entgelt_value exceeded the extrapolation cap (observed training log-max=11.224, cap=14.224) on 3 of 591 simulated rows; these draws were truncated to the cap before being converted back to the original scale.
Continuous g-computation draw for current_entgelt_value exceeded the extrapolation cap (observed training log-max=11.224, cap=14.224) on 1 of 591 simulated rows; these draws were truncated to the cap before being converted back to the original scale.
Continuous g-computation draw for current_entgelt_value exceeded the extrapolation cap (observed training log-max=11.224, cap=14.224) on 3 of 591 simulated rows; these draws were truncated to the cap before being converted back to the original scale.
Continuous g-computation draw for current_entgelt_value exceeded the extrapolation cap (observed training log-max=11.224, cap=14.224) on 2 of 591 simulated rows; these draws were truncated to the cap before being converted back to the original scale.
Continuous g-computation draw for current_entgelt_value exceeded the extrapolation cap (observed training log-max=11.224, cap=14.224) on 5 of 591 simulated rows; these draws were truncated to the cap before being converted back to the original scale.
Continuous g-computation draw for current_entgelt_value exceeded the extrapolation cap (observed training log-max=11.224, cap=14.224) on 3 of 591 simulated rows; these draws were truncated to the cap before being converted back to the original scale.
Continuous g-computation draw for current_entgelt_value exceeded the extrapolation cap (observed training log-max=11.224, cap=14.224) on 7 of 591 simulated rows; these draws were truncated to the cap before being converted back to the original scale.
Continuous g-computation draw for current_entgelt_value exceeded the extrapolation cap (observed training log-max=11.224, cap=14.224) on 4 of 591 simulated rows; these draws were truncated to the cap before being converted back to the original scale.
Continuous g-computation draw for current_entgelt_value exceeded the extrapolation cap (observed training log-max=11.224, cap=14.224) on 9 of 591 simulated rows; these draws were truncated to the cap before being converted back to the original scale.
Continuous g-computation draw for current_entgelt_value exceeded the extrapolation cap (observed training log-max=11.224, cap=14.224) on 3 of 591 simulated rows; these draws were truncated to the cap before being converted back to the original scale.
Continuous g-computation draw for current_entgelt_value exceeded the extrapolation cap (observed training log-max=11.224, cap=14.224) on 2 of 591 simulated rows; these draws were truncated to the cap before being converted back to the original scale.
Continuous g-computation draw for current_entgelt_value exceeded the extrapolation cap (observed training log-max=11.224, cap=14.224) on 8 of 591 simulated rows; these draws were truncated to the cap before being converted back to the original scale.
Continuous g-computation draw for current_entgelt_value exceeded the extrapolation cap (observed training log-max=11.224, cap=14.224) on 2 of 591 simulated rows; these draws were truncated to the cap before being converted back to the original scale.
Continuous g-computation draw for current_entgelt_value exceeded the extrapolation cap (observed training log-max=11.224, cap=14.224) on 7 of 591 simulated rows; these draws were truncated to the cap before being converted back to the original scale.
Continuous g-computation draw for current_entgelt_value exceeded the extrapolation cap (observed training log-max=11.224, cap=14.224) on 1 of 591 simulated rows; these draws were truncated to the cap before being converted back to the original scale.
Continuous g-computation draw for current_entgelt_value exceeded the extrapolation cap (observed training log-max=11.224, cap=14.224) on 9 of 591 simulated rows; these draws were truncated to the cap before being converted back to the original scale.
Continuous g-computation draw for current_entgelt_value exceeded the extrapolation cap (observed training log-max=11.224, cap=14.224) on 1 of 591 simulated rows; these draws were truncated to the cap before being converted back to the original scale.
Continuous g-computation draw for current_entgelt_value exceeded the extrapolation cap (observed training log-max=11.224, cap=14.224) on 2 of 591 simulated rows; these draws were truncated to the cap before being converted back to the original scale.
Continuous g-computation draw for current_entgelt_value exceeded the extrapolation cap (observed training log-max=11.224, cap=14.224) on 2 of 591 simulated rows; these draws were truncated to the cap before being converted back to the original scale.
Continuous g-computation draw for current_entgelt_value exceeded the extrapolation cap (observed training log-max=11.224, cap=14.224) on 5 of 591 simulated rows; these draws were truncated to the cap before being converted back to the original scale.
Continuous g-computation draw for current_entgelt_value exceeded the extrapolation cap (observed training log-max=11.224, cap=14.224) on 1 of 591 simulated rows; these draws were truncated to the cap before being converted back to the original scale.
Continuous g-computation draw for current_entgelt_value exceeded the extrapolation cap (observed training log-max=11.224, cap=14.224) on 1 of 591 simulated rows; these draws were truncated to the cap before being converted back to the original scale.
Continuous g-computation draw for current_entgelt_value exceeded the extrapolation cap (observed training log-max=11.224, cap=14.224) on 1 of 591 simulated rows; these draws were truncated to the cap before being converted back to the original scale.
Continuous g-computation draw for current_entgelt_value exceeded the extrapolation cap (observed training log-max=11.224, cap=14.224) on 8 of 591 simulated rows; these draws were truncated to the cap before being converted back to the original scale.
Continuous g-computation draw for current_entgelt_value exceeded the extrapolation cap (observed training log-max=11.224, cap=14.224) on 5 of 591 simulated rows; these draws were truncated to the cap before being converted back to the original scale.
Continuous g-computation draw for current_entgelt_value exceeded the extrapolation cap (observed training log-max=11.224, cap=14.224) on 2 of 591 simulated rows; these draws were truncated to the cap before being converted back to the original scale.
Continuous g-computation draw for current_entgelt_value exceeded the extrapolation cap (observed training log-max=11.224, cap=14.224) on 2 of 591 simulated rows; these draws were truncated to the cap before being converted back to the original scale.
Continuous g-computation draw for current_entgelt_value exceeded the extrapolation cap (observed training log-max=11.224, cap=14.224) on 6 of 591 simulated rows; these draws were truncated to the cap before being converted back to the original scale.
Continuous g-computation draw for current_entgelt_value exceeded the extrapolation cap (observed training log-max=11.224, cap=14.224) on 4 of 591 simulated rows; these draws were truncated to the cap before being converted back to the original scale.
Continuous g-computation draw for current_entgelt_value exceeded the extrapolation cap (observed training log-max=11.224, cap=14.224) on 4 of 591 simulated rows; these draws were truncated to the cap before being converted back to the original scale.
Continuous g-computation draw for current_entgelt_value exceeded the extrapolation cap (observed training log-max=11.224, cap=14.224) on 3 of 591 simulated rows; these draws were truncated to the cap before being converted back to the original scale.
Continuous g-computation draw for current_entgelt_value exceeded the extrapolation cap (observed training log-max=11.224, cap=14.224) on 1 of 591 simulated rows; these draws were truncated to the cap before being converted back to the original scale.
Continuous g-computation draw for current_entgelt_value exceeded the extrapolation cap (observed training log-max=11.224, cap=14.224) on 4 of 591 simulated rows; these draws were truncated to the cap before being converted back to the original scale.
Continuous g-computation draw for current_entgelt_value exceeded the extrapolation cap (observed training log-max=11.224, cap=14.224) on 1 of 591 simulated rows; these draws were truncated to the cap before being converted back to the original scale.
Continuous g-computation draw for current_entgelt_value exceeded the extrapolation cap (observed training log-max=11.224, cap=14.224) on 5 of 591 simulated rows; these draws were truncated to the cap before being converted back to the original scale.
Continuous g-computation draw for current_entgelt_value exceeded the extrapolation cap (observed training log-max=11.224, cap=14.224) on 2 of 591 simulated rows; these draws were truncated to the cap before being converted back to the original scale.
Continuous g-computation draw for current_entgelt_value exceeded the extrapolation cap (observed training log-max=11.224, cap=14.224) on 7 of 591 simulated rows; these draws were truncated to the cap before being converted back to the original scale.
Continuous g-computation draw for current_entgelt_value exceeded the extrapolation cap (observed training log-max=11.224, cap=14.224) on 1 of 591 simulated rows; these draws were truncated to the cap before being converted back to the original scale.
Continuous g-computation draw for current_entgelt_value exceeded the extrapolation cap (observed training log-max=11.224, cap=14.224) on 3 of 591 simulated rows; these draws were truncated to the cap before being converted back to the original scale.
Continuous g-computation draw for current_entgelt_value exceeded the extrapolation cap (observed training log-max=11.224, cap=14.224) on 1 of 591 simulated rows; these draws were truncated to the cap before being converted back to the original scale.
Continuous g-computation draw for current_entgelt_value exceeded the extrapolation cap (observed training log-max=11.224, cap=14.224) on 2 of 591 simulated rows; these draws were truncated to the cap before being converted back to the original scale.
Continuous g-computation draw for current_entgelt_value exceeded the extrapolation cap (observed training log-max=11.224, cap=14.224) on 1 of 591 simulated rows; these draws were truncated to the cap before being converted back to the original scale.
Continuous g-computation draw for current_entgelt_value exceeded the extrapolation cap (observed training log-max=11.224, cap=14.224) on 6 of 591 simulated rows; these draws were truncated to the cap before being converted back to the original scale.
Continuous g-computation draw for current_entgelt_value exceeded the extrapolation cap (observed training log-max=11.224, cap=14.224) on 4 of 591 simulated rows; these draws were truncated to the cap before being converted back to the original scale.
Continuous g-computation draw for current_entgelt_value exceeded the extrapolation cap (observed training log-max=11.224, cap=14.224) on 3 of 591 simulated rows; these draws were truncated to the cap before being converted back to the original scale.
Continuous g-computation draw for current_entgelt_value exceeded the extrapolation cap (observed training log-max=11.224, cap=14.224) on 6 of 591 simulated rows; these draws were truncated to the cap before being converted back to the original scale.
Continuous g-computation draw for current_entgelt_value exceeded the extrapolation cap (observed training log-max=11.224, cap=14.224) on 2 of 591 simulated rows; these draws were truncated to the cap before being converted back to the original scale.
Continuous g-computation draw for current_entgelt_value exceeded the extrapolation cap (observed training log-max=11.224, cap=14.224) on 6 of 591 simulated rows; these draws were truncated to the cap before being converted back to the original scale.
Continuous g-computation draw for current_entgelt_value exceeded the extrapolation cap (observed training log-max=11.224, cap=14.224) on 2 of 591 simulated rows; these draws were truncated to the cap before being converted back to the original scale.
Continuous g-computation draw for current_entgelt_value exceeded the extrapolation cap (observed training log-max=11.224, cap=14.224) on 6 of 591 simulated rows; these draws were truncated to the cap before being converted back to the original scale.
Continuous g-computation draw for current_entgelt_value exceeded the extrapolation cap (observed training log-max=11.224, cap=14.224) on 1 of 591 simulated rows; these draws were truncated to the cap before being converted back to the original scale.
Continuous g-computation draw for current_entgelt_value exceeded the extrapolation cap (observed training log-max=11.224, cap=14.224) on 4 of 591 simulated rows; these draws were truncated to the cap before being converted back to the original scale.
Continuous g-computation draw for current_entgelt_value exceeded the extrapolation cap (observed training log-max=11.224, cap=14.224) on 2 of 591 simulated rows; these draws were truncated to the cap before being converted back to the original scale.
Continuous g-computation draw for current_entgelt_value exceeded the extrapolation cap (observed training log-max=11.224, cap=14.224) on 6 of 591 simulated rows; these draws were truncated to the cap before being converted back to the original scale.
Continuous g-computation draw for current_entgelt_value exceeded the extrapolation cap (observed training log-max=11.224, cap=14.224) on 1 of 591 simulated rows; these draws were truncated to the cap before being converted back to the original scale.
Continuous g-computation draw for current_entgelt_value exceeded the extrapolation cap (observed training log-max=11.224, cap=14.224) on 1 of 591 simulated rows; these draws were truncated to the cap before being converted back to the original scale.
Continuous g-computation draw for current_entgelt_value exceeded the extrapolation cap (observed training log-max=11.224, cap=14.224) on 4 of 591 simulated rows; these draws were truncated to the cap before being converted back to the original scale.
Continuous g-computation draw for current_entgelt_value exceeded the extrapolation cap (observed training log-max=11.224, cap=14.224) on 1 of 591 simulated rows; these draws were truncated to the cap before being converted back to the original scale.
Continuous g-computation draw for current_entgelt_value exceeded the extrapolation cap (observed training log-max=11.224, cap=14.224) on 1 of 591 simulated rows; these draws were truncated to the cap before being converted back to the original scale.
Continuous g-computation draw for current_entgelt_value exceeded the extrapolation cap (observed training log-max=11.224, cap=14.224) on 7 of 591 simulated rows; these draws were truncated to the cap before being converted back to the original scale.
Continuous g-computation draw for current_entgelt_value exceeded the extrapolation cap (observed training log-max=11.224, cap=14.224) on 1 of 591 simulated rows; these draws were truncated to the cap before being converted back to the original scale.
Continuous g-computation draw for current_entgelt_value exceeded the extrapolation cap (observed training log-max=11.224, cap=14.224) on 3 of 591 simulated rows; these draws were truncated to the cap before being converted back to the original scale.
Continuous g-computation draw for current_entgelt_value exceeded the extrapolation cap (observed training log-max=11.224, cap=14.224) on 4 of 591 simulated rows; these draws were truncated to the cap before being converted back to the original scale.
Continuous g-computation draw for current_entgelt_value exceeded the extrapolation cap (observed training log-max=11.224, cap=14.224) on 1 of 591 simulated rows; these draws were truncated to the cap before being converted back to the original scale.
Continuous g-computation draw for current_entgelt_value exceeded the extrapolation cap (observed training log-max=11.224, cap=14.224) on 2 of 591 simulated rows; these draws were truncated to the cap before being converted back to the original scale.
Continuous g-computation draw for current_entgelt_value exceeded the extrapolation cap (observed training log-max=11.224, cap=14.224) on 1 of 591 simulated rows; these draws were truncated to the cap before being converted back to the original scale.
Continuous g-computation draw for current_entgelt_value exceeded the extrapolation cap (observed training log-max=11.224, cap=14.224) on 6 of 591 simulated rows; these draws were truncated to the cap before being converted back to the original scale.
Continuous g-computation draw for current_entgelt_value exceeded the extrapolation cap (observed training log-max=11.224, cap=14.224) on 1 of 591 simulated rows; these draws were truncated to the cap before being converted back to the original scale.
Continuous g-computation draw for current_entgelt_value exceeded the extrapolation cap (observed training log-max=11.224, cap=14.224) on 9 of 591 simulated rows; these draws were truncated to the cap before being converted back to the original scale.
Continuous g-computation draw for current_entgelt_value exceeded the extrapolation cap (observed training log-max=11.224, cap=14.224) on 6 of 591 simulated rows; these draws were truncated to the cap before being converted back to the original scale.
Continuous g-computation draw for current_entgelt_value exceeded the extrapolation cap (observed training log-max=11.224, cap=14.224) on 3 of 591 simulated rows; these draws were truncated to the cap before being converted back to the original scale.
Continuous g-computation draw for current_entgelt_value exceeded the extrapolation cap (observed training log-max=11.224, cap=14.224) on 1 of 591 simulated rows; these draws were truncated to the cap before being converted back to the original scale.
Continuous g-computation draw for current_entgelt_value exceeded the extrapolation cap (observed training log-max=11.224, cap=14.224) on 2 of 591 simulated rows; these draws were truncated to the cap before being converted back to the original scale.
Continuous g-computation draw for current_entgelt_value exceeded the extrapolation cap (observed training log-max=11.224, cap=14.224) on 1 of 591 simulated rows; these draws were truncated to the cap before being converted back to the original scale.
Continuous g-computation draw for current_entgelt_value exceeded the extrapolation cap (observed training log-max=11.224, cap=14.224) on 4 of 591 simulated rows; these draws were truncated to the cap before being converted back to the original scale.
Continuous g-computation draw for current_entgelt_value exceeded the extrapolation cap (observed training log-max=11.224, cap=14.224) on 1 of 591 simulated rows; these draws were truncated to the cap before being converted back to the original scale.
Continuous g-computation draw for current_entgelt_value exceeded the extrapolation cap (observed training log-max=11.224, cap=14.224) on 2 of 591 simulated rows; these draws were truncated to the cap before being converted back to the original scale.
Continuous g-computation draw for current_entgelt_value exceeded the extrapolation cap (observed training log-max=11.224, cap=14.224) on 7 of 591 simulated rows; these draws were truncated to the cap before being converted back to the original scale.
Continuous g-computation draw for current_entgelt_value exceeded the extrapolation cap (observed training log-max=11.224, cap=14.224) on 1 of 591 simulated rows; these draws were truncated to the cap before being converted back to the original scale.
Continuous g-computation draw for current_entgelt_value exceeded the extrapolation cap (observed training log-max=11.224, cap=14.224) on 1 of 591 simulated rows; these draws were truncated to the cap before being converted back to the original scale.
Continuous g-computation draw for current_entgelt_value exceeded the extrapolation cap (observed training log-max=11.224, cap=14.224) on 5 of 591 simulated rows; these draws were truncated to the cap before being converted back to the original scale.
Continuous g-computation draw for current_entgelt_value exceeded the extrapolation cap (observed training log-max=11.224, cap=14.224) on 1 of 591 simulated rows; these draws were truncated to the cap before being converted back to the original scale.
Continuous g-computation draw for current_entgelt_value exceeded the extrapolation cap (observed training log-max=11.224, cap=14.224) on 3 of 591 simulated rows; these draws were truncated to the cap before being converted back to the original scale.
Continuous g-computation draw for current_entgelt_value exceeded the extrapolation cap (observed training log-max=11.224, cap=14.224) on 5 of 591 simulated rows; these draws were truncated to the cap before being converted back to the original scale.
Continuous g-computation draw for current_entgelt_value exceeded the extrapolation cap (observed training log-max=11.224, cap=14.224) on 1 of 591 simulated rows; these draws were truncated to the cap before being converted back to the original scale.
Continuous g-computation draw for current_entgelt_value exceeded the extrapolation cap (observed training log-max=11.224, cap=14.224) on 5 of 591 simulated rows; these draws were truncated to the cap before being converted back to the original scale.
Continuous g-computation draw for current_entgelt_value exceeded the extrapolation cap (observed training log-max=11.224, cap=14.224) on 6 of 591 simulated rows; these draws were truncated to the cap before being converted back to the original scale.
Continuous g-computation draw for current_entgelt_value exceeded the extrapolation cap (observed training log-max=11.224, cap=14.224) on 1 of 591 simulated rows; these draws were truncated to the cap before being converted back to the original scale.
Continuous g-computation draw for current_entgelt_value exceeded the extrapolation cap (observed training log-max=11.224, cap=14.224) on 6 of 591 simulated rows; these draws were truncated to the cap before being converted back to the original scale.
Continuous g-computation draw for current_entgelt_value exceeded the extrapolation cap (observed training log-max=11.224, cap=14.224) on 2 of 591 simulated rows; these draws were truncated to the cap before being converted back to the original scale.
Continuous g-computation draw for current_entgelt_value exceeded the extrapolation cap (observed training log-max=11.224, cap=14.224) on 5 of 591 simulated rows; these draws were truncated to the cap before being converted back to the original scale.
2026-09-17 13:40:08,106 [INFO] __main__: Longitudinal mediation bootstrap: 8/20 replications completed (8 successful)
Continuous g-computation draw for current_entgelt_value exceeded the extrapolation cap (observed training log-max=11.087, cap=14.087) on 1 of 593 simulated rows; these draws were truncated to the cap before being converted back to the original scale.
Continuous g-computation draw for current_entgelt_value exceeded the extrapolation cap (observed training log-max=11.087, cap=14.087) on 1 of 593 simulated rows; these draws were truncated to the cap before being converted back to the original scale.
Continuous g-computation draw for current_entgelt_value exceeded the extrapolation cap (observed training log-max=11.087, cap=14.087) on 1 of 593 simulated rows; these draws were truncated to the cap before being converted back to the original scale.
Continuous g-computation draw for current_entgelt_value exceeded the extrapolation cap (observed training log-max=11.224, cap=14.224) on 1 of 593 simulated rows; these draws were truncated to the cap before being converted back to the original scale.
Continuous g-computation draw for current_entgelt_value exceeded the extrapolation cap (observed training log-max=11.087, cap=14.087) on 1 of 593 simulated rows; these draws were truncated to the cap before being converted back to the original scale.
Continuous g-computation draw for current_entgelt_value exceeded the extrapolation cap (observed training log-max=11.224, cap=14.224) on 1 of 593 simulated rows; these draws were truncated to the cap before being converted back to the original scale.
Continuous g-computation draw for current_entgelt_value exceeded the extrapolation cap (observed training log-max=11.087, cap=14.087) on 1 of 593 simulated rows; these draws were truncated to the cap before being converted back to the original scale.
Continuous g-computation draw for current_entgelt_value exceeded the extrapolation cap (observed training log-max=11.087, cap=14.087) on 1 of 593 simulated rows; these draws were truncated to the cap before being converted back to the original scale.
Continuous g-computation draw for current_entgelt_value exceeded the extrapolation cap (observed training log-max=11.087, cap=14.087) on 1 of 593 simulated rows; these draws were truncated to the cap before being converted back to the original scale.
Continuous g-computation draw for current_entgelt_value exceeded the extrapolation cap (observed training log-max=11.087, cap=14.087) on 1 of 593 simulated rows; these draws were truncated to the cap before being converted back to the original scale.
Continuous g-computation draw for current_entgelt_value exceeded the extrapolation cap (observed training log-max=11.087, cap=14.087) on 1 of 593 simulated rows; these draws were truncated to the cap before being converted back to the original scale.
Continuous g-computation draw for current_entgelt_value exceeded the extrapolation cap (observed training log-max=11.224, cap=14.224) on 1 of 593 simulated rows; these draws were truncated to the cap before being converted back to the original scale.
Continuous g-computation draw for current_entgelt_value exceeded the extrapolation cap (observed training log-max=11.087, cap=14.087) on 1 of 593 simulated rows; these draws were truncated to the cap before being converted back to the original scale.
Continuous g-computation draw for current_entgelt_value exceeded the extrapolation cap (observed training log-max=11.224, cap=14.224) on 1 of 593 simulated rows; these draws were truncated to the cap before being converted back to the original scale.
Continuous g-computation draw for current_entgelt_value exceeded the extrapolation cap (observed training log-max=11.224, cap=14.224) on 1 of 593 simulated rows; these draws were truncated to the cap before being converted back to the original scale.
Continuous g-computation draw for current_entgelt_value exceeded the extrapolation cap (observed training log-max=11.087, cap=14.087) on 1 of 593 simulated rows; these draws were truncated to the cap before being converted back to the original scale.
Continuous g-computation draw for current_entgelt_value exceeded the extrapolation cap (observed training log-max=11.224, cap=14.224) on 1 of 593 simulated rows; these draws were truncated to the cap before being converted back to the original scale.
Continuous g-computation draw for current_entgelt_value exceeded the extrapolation cap (observed training log-max=11.087, cap=14.087) on 1 of 593 simulated rows; these draws were truncated to the cap before being converted back to the original scale.
Continuous g-computation draw for current_entgelt_value exceeded the extrapolation cap (observed training log-max=11.224, cap=14.224) on 1 of 593 simulated rows; these draws were truncated to the cap before being converted back to the original scale.
2026-09-17 13:40:34,228 [INFO] __main__: Longitudinal mediation bootstrap: 10/20 replications completed (10 successful)
Continuous g-computation draw for current_entgelt_value exceeded the extrapolation cap (observed training log-max=11.073, cap=14.073) on 1 of 599 simulated rows; these draws were truncated to the cap before being converted back to the original scale.
Continuous g-computation draw for current_entgelt_value exceeded the extrapolation cap (observed training log-max=11.073, cap=14.073) on 1 of 599 simulated rows; these draws were truncated to the cap before being converted back to the original scale.
Continuous g-computation draw for current_entgelt_value exceeded the extrapolation cap (observed training log-max=11.073, cap=14.073) on 1 of 599 simulated rows; these draws were truncated to the cap before being converted back to the original scale.
Continuous g-computation draw for current_entgelt_value exceeded the extrapolation cap (observed training log-max=11.073, cap=14.073) on 1 of 599 simulated rows; these draws were truncated to the cap before being converted back to the original scale.
Continuous g-computation draw for current_entgelt_value exceeded the extrapolation cap (observed training log-max=11.073, cap=14.073) on 1 of 599 simulated rows; these draws were truncated to the cap before being converted back to the original scale.
Continuous g-computation draw for current_entgelt_value exceeded the extrapolation cap (observed training log-max=11.073, cap=14.073) on 1 of 599 simulated rows; these draws were truncated to the cap before being converted back to the original scale.
Continuous g-computation draw for current_entgelt_value exceeded the extrapolation cap (observed training log-max=11.073, cap=14.073) on 1 of 599 simulated rows; these draws were truncated to the cap before being converted back to the original scale.
Continuous g-computation draw for current_entgelt_value exceeded the extrapolation cap (observed training log-max=11.073, cap=14.073) on 1 of 599 simulated rows; these draws were truncated to the cap before being converted back to the original scale.
Continuous g-computation draw for current_entgelt_value exceeded the extrapolation cap (observed training log-max=11.073, cap=14.073) on 1 of 599 simulated rows; these draws were truncated to the cap before being converted back to the original scale.
Continuous g-computation draw for current_entgelt_value exceeded the extrapolation cap (observed training log-max=11.073, cap=14.073) on 1 of 599 simulated rows; these draws were truncated to the cap before being converted back to the original scale.
Continuous g-computation draw for current_entgelt_value exceeded the extrapolation cap (observed training log-max=11.073, cap=14.073) on 1 of 599 simulated rows; these draws were truncated to the cap before being converted back to the original scale.
Continuous g-computation draw for current_entgelt_value exceeded the extrapolation cap (observed training log-max=11.073, cap=14.073) on 1 of 599 simulated rows; these draws were truncated to the cap before being converted back to the original scale.
Continuous g-computation draw for current_entgelt_value exceeded the extrapolation cap (observed training log-max=11.073, cap=14.073) on 1 of 599 simulated rows; these draws were truncated to the cap before being converted back to the original scale.
Continuous g-computation draw for current_entgelt_value exceeded the extrapolation cap (observed training log-max=11.073, cap=14.073) on 1 of 599 simulated rows; these draws were truncated to the cap before being converted back to the original scale.
Continuous g-computation draw for current_entgelt_value exceeded the extrapolation cap (observed training log-max=11.073, cap=14.073) on 1 of 599 simulated rows; these draws were truncated to the cap before being converted back to the original scale.
2026-09-17 13:41:04,689 [INFO] __main__: Longitudinal mediation bootstrap: 12/20 replications completed (12 successful)
Continuous g-computation draw for current_entgelt_value exceeded the extrapolation cap (observed training log-max=11.224, cap=14.224) on 2 of 591 simulated rows; these draws were truncated to the cap before being converted back to the original scale.
Continuous g-computation draw for current_entgelt_value exceeded the extrapolation cap (observed training log-max=11.224, cap=14.224) on 2 of 591 simulated rows; these draws were truncated to the cap before being converted back to the original scale.
Continuous g-computation draw for current_entgelt_value exceeded the extrapolation cap (observed training log-max=11.224, cap=14.224) on 1 of 591 simulated rows; these draws were truncated to the cap before being converted back to the original scale.
Continuous g-computation draw for current_entgelt_value exceeded the extrapolation cap (observed training log-max=11.224, cap=14.224) on 3 of 591 simulated rows; these draws were truncated to the cap before being converted back to the original scale.
Continuous g-computation draw for current_entgelt_value exceeded the extrapolation cap (observed training log-max=11.224, cap=14.224) on 1 of 591 simulated rows; these draws were truncated to the cap before being converted back to the original scale.
Continuous g-computation draw for current_entgelt_value exceeded the extrapolation cap (observed training log-max=11.224, cap=14.224) on 6 of 591 simulated rows; these draws were truncated to the cap before being converted back to the original scale.
Continuous g-computation draw for current_entgelt_value exceeded the extrapolation cap (observed training log-max=11.224, cap=14.224) on 1 of 591 simulated rows; these draws were truncated to the cap before being converted back to the original scale.
Continuous g-computation draw for current_entgelt_value exceeded the extrapolation cap (observed training log-max=11.224, cap=14.224) on 3 of 591 simulated rows; these draws were truncated to the cap before being converted back to the original scale.
Continuous g-computation draw for current_entgelt_value exceeded the extrapolation cap (observed training log-max=11.224, cap=14.224) on 1 of 591 simulated rows; these draws were truncated to the cap before being converted back to the original scale.
Continuous g-computation draw for current_entgelt_value exceeded the extrapolation cap (observed training log-max=11.224, cap=14.224) on 3 of 591 simulated rows; these draws were truncated to the cap before being converted back to the original scale.
Continuous g-computation draw for current_entgelt_value exceeded the extrapolation cap (observed training log-max=11.224, cap=14.224) on 1 of 591 simulated rows; these draws were truncated to the cap before being converted back to the original scale.
Continuous g-computation draw for current_entgelt_value exceeded the extrapolation cap (observed training log-max=11.224, cap=14.224) on 1 of 591 simulated rows; these draws were truncated to the cap before being converted back to the original scale.
Continuous g-computation draw for current_entgelt_value exceeded the extrapolation cap (observed training log-max=11.224, cap=14.224) on 1 of 591 simulated rows; these draws were truncated to the cap before being converted back to the original scale.
Continuous g-computation draw for current_entgelt_value exceeded the extrapolation cap (observed training log-max=11.224, cap=14.224) on 1 of 591 simulated rows; these draws were truncated to the cap before being converted back to the original scale.
Continuous g-computation draw for current_entgelt_value exceeded the extrapolation cap (observed training log-max=11.224, cap=14.224) on 2 of 591 simulated rows; these draws were truncated to the cap before being converted back to the original scale.
Continuous g-computation draw for current_entgelt_value exceeded the extrapolation cap (observed training log-max=11.224, cap=14.224) on 1 of 591 simulated rows; these draws were truncated to the cap before being converted back to the original scale.
Continuous g-computation draw for current_entgelt_value exceeded the extrapolation cap (observed training log-max=11.224, cap=14.224) on 2 of 591 simulated rows; these draws were truncated to the cap before being converted back to the original scale.
Continuous g-computation draw for current_entgelt_value exceeded the extrapolation cap (observed training log-max=11.224, cap=14.224) on 1 of 591 simulated rows; these draws were truncated to the cap before being converted back to the original scale.
Continuous g-computation draw for current_entgelt_value exceeded the extrapolation cap (observed training log-max=11.224, cap=14.224) on 2 of 591 simulated rows; these draws were truncated to the cap before being converted back to the original scale.
Continuous g-computation draw for current_entgelt_value exceeded the extrapolation cap (observed training log-max=11.224, cap=14.224) on 2 of 591 simulated rows; these draws were truncated to the cap before being converted back to the original scale.
Continuous g-computation draw for current_entgelt_value exceeded the extrapolation cap (observed training log-max=11.224, cap=14.224) on 3 of 591 simulated rows; these draws were truncated to the cap before being converted back to the original scale.
Continuous g-computation draw for current_entgelt_value exceeded the extrapolation cap (observed training log-max=11.224, cap=14.224) on 2 of 591 simulated rows; these draws were truncated to the cap before being converted back to the original scale.
Continuous g-computation draw for current_entgelt_value exceeded the extrapolation cap (observed training log-max=11.224, cap=14.224) on 2 of 591 simulated rows; these draws were truncated to the cap before being converted back to the original scale.
Continuous g-computation draw for current_entgelt_value exceeded the extrapolation cap (observed training log-max=11.224, cap=14.224) on 1 of 591 simulated rows; these draws were truncated to the cap before being converted back to the original scale.
Continuous g-computation draw for current_entgelt_value exceeded the extrapolation cap (observed training log-max=11.224, cap=14.224) on 2 of 591 simulated rows; these draws were truncated to the cap before being converted back to the original scale.
Continuous g-computation draw for current_entgelt_value exceeded the extrapolation cap (observed training log-max=11.224, cap=14.224) on 2 of 591 simulated rows; these draws were truncated to the cap before being converted back to the original scale.
Continuous g-computation draw for current_entgelt_value exceeded the extrapolation cap (observed training log-max=11.224, cap=14.224) on 3 of 591 simulated rows; these draws were truncated to the cap before being converted back to the original scale.
Continuous g-computation draw for current_entgelt_value exceeded the extrapolation cap (observed training log-max=11.224, cap=14.224) on 1 of 591 simulated rows; these draws were truncated to the cap before being converted back to the original scale.
Continuous g-computation draw for current_entgelt_value exceeded the extrapolation cap (observed training log-max=11.224, cap=14.224) on 1 of 591 simulated rows; these draws were truncated to the cap before being converted back to the original scale.
Continuous g-computation draw for current_entgelt_value exceeded the extrapolation cap (observed training log-max=11.224, cap=14.224) on 2 of 591 simulated rows; these draws were truncated to the cap before being converted back to the original scale.
Continuous g-computation draw for current_entgelt_value exceeded the extrapolation cap (observed training log-max=11.224, cap=14.224) on 2 of 591 simulated rows; these draws were truncated to the cap before being converted back to the original scale.
Continuous g-computation draw for current_entgelt_value exceeded the extrapolation cap (observed training log-max=11.224, cap=14.224) on 2 of 591 simulated rows; these draws were truncated to the cap before being converted back to the original scale.
Continuous g-computation draw for current_entgelt_value exceeded the extrapolation cap (observed training log-max=11.224, cap=14.224) on 1 of 591 simulated rows; these draws were truncated to the cap before being converted back to the original scale.
Continuous g-computation draw for current_entgelt_value exceeded the extrapolation cap (observed training log-max=11.224, cap=14.224) on 1 of 591 simulated rows; these draws were truncated to the cap before being converted back to the original scale.
Continuous g-computation draw for current_entgelt_value exceeded the extrapolation cap (observed training log-max=11.224, cap=14.224) on 3 of 591 simulated rows; these draws were truncated to the cap before being converted back to the original scale.
Continuous g-computation draw for current_entgelt_value exceeded the extrapolation cap (observed training log-max=11.224, cap=14.224) on 1 of 591 simulated rows; these draws were truncated to the cap before being converted back to the original scale.
Continuous g-computation draw for current_entgelt_value exceeded the extrapolation cap (observed training log-max=11.224, cap=14.224) on 4 of 591 simulated rows; these draws were truncated to the cap before being converted back to the original scale.
Continuous g-computation draw for current_entgelt_value exceeded the extrapolation cap (observed training log-max=11.224, cap=14.224) on 1 of 591 simulated rows; these draws were truncated to the cap before being converted back to the original scale.
Continuous g-computation draw for current_entgelt_value exceeded the extrapolation cap (observed training log-max=11.224, cap=14.224) on 1 of 591 simulated rows; these draws were truncated to the cap before being converted back to the original scale.
Continuous g-computation draw for current_entgelt_value exceeded the extrapolation cap (observed training log-max=11.224, cap=14.224) on 3 of 591 simulated rows; these draws were truncated to the cap before being converted back to the original scale.
Continuous g-computation draw for current_entgelt_value exceeded the extrapolation cap (observed training log-max=11.224, cap=14.224) on 1 of 591 simulated rows; these draws were truncated to the cap before being converted back to the original scale.
Continuous g-computation draw for current_entgelt_value exceeded the extrapolation cap (observed training log-max=11.224, cap=14.224) on 2 of 591 simulated rows; these draws were truncated to the cap before being converted back to the original scale.
Continuous g-computation draw for current_entgelt_value exceeded the extrapolation cap (observed training log-max=11.224, cap=14.224) on 1 of 591 simulated rows; these draws were truncated to the cap before being converted back to the original scale.
Continuous g-computation draw for current_entgelt_value exceeded the extrapolation cap (observed training log-max=11.224, cap=14.224) on 4 of 591 simulated rows; these draws were truncated to the cap before being converted back to the original scale.
Continuous g-computation draw for current_entgelt_value exceeded the extrapolation cap (observed training log-max=11.224, cap=14.224) on 2 of 591 simulated rows; these draws were truncated to the cap before being converted back to the original scale.
Continuous g-computation draw for current_entgelt_value exceeded the extrapolation cap (observed training log-max=11.224, cap=14.224) on 1 of 591 simulated rows; these draws were truncated to the cap before being converted back to the original scale.
Continuous g-computation draw for current_entgelt_value exceeded the extrapolation cap (observed training log-max=11.224, cap=14.224) on 1 of 591 simulated rows; these draws were truncated to the cap before being converted back to the original scale.
Continuous g-computation draw for current_entgelt_value exceeded the extrapolation cap (observed training log-max=11.224, cap=14.224) on 1 of 591 simulated rows; these draws were truncated to the cap before being converted back to the original scale.
Continuous g-computation draw for current_entgelt_value exceeded the extrapolation cap (observed training log-max=11.224, cap=14.224) on 1 of 591 simulated rows; these draws were truncated to the cap before being converted back to the original scale.
Continuous g-computation draw for current_entgelt_value exceeded the extrapolation cap (observed training log-max=11.224, cap=14.224) on 2 of 591 simulated rows; these draws were truncated to the cap before being converted back to the original scale.
Continuous g-computation draw for current_entgelt_value exceeded the extrapolation cap (observed training log-max=11.224, cap=14.224) on 1 of 591 simulated rows; these draws were truncated to the cap before being converted back to the original scale.
Continuous g-computation draw for current_entgelt_value exceeded the extrapolation cap (observed training log-max=11.224, cap=14.224) on 1 of 591 simulated rows; these draws were truncated to the cap before being converted back to the original scale.
Continuous g-computation draw for current_entgelt_value exceeded the extrapolation cap (observed training log-max=11.224, cap=14.224) on 1 of 591 simulated rows; these draws were truncated to the cap before being converted back to the original scale.
Continuous g-computation draw for current_entgelt_value exceeded the extrapolation cap (observed training log-max=11.224, cap=14.224) on 3 of 591 simulated rows; these draws were truncated to the cap before being converted back to the original scale.
Continuous g-computation draw for current_entgelt_value exceeded the extrapolation cap (observed training log-max=11.224, cap=14.224) on 1 of 591 simulated rows; these draws were truncated to the cap before being converted back to the original scale.
Continuous g-computation draw for current_entgelt_value exceeded the extrapolation cap (observed training log-max=11.224, cap=14.224) on 1 of 591 simulated rows; these draws were truncated to the cap before being converted back to the original scale.
Continuous g-computation draw for current_entgelt_value exceeded the extrapolation cap (observed training log-max=11.224, cap=14.224) on 3 of 591 simulated rows; these draws were truncated to the cap before being converted back to the original scale.
Continuous g-computation draw for current_entgelt_value exceeded the extrapolation cap (observed training log-max=11.224, cap=14.224) on 1 of 591 simulated rows; these draws were truncated to the cap before being converted back to the original scale.
Continuous g-computation draw for current_entgelt_value exceeded the extrapolation cap (observed training log-max=11.224, cap=14.224) on 3 of 591 simulated rows; these draws were truncated to the cap before being converted back to the original scale.
Continuous g-computation draw for current_entgelt_value exceeded the extrapolation cap (observed training log-max=11.224, cap=14.224) on 3 of 591 simulated rows; these draws were truncated to the cap before being converted back to the original scale.
Continuous g-computation draw for current_entgelt_value exceeded the extrapolation cap (observed training log-max=11.224, cap=14.224) on 4 of 591 simulated rows; these draws were truncated to the cap before being converted back to the original scale.
Continuous g-computation draw for current_entgelt_value exceeded the extrapolation cap (observed training log-max=11.224, cap=14.224) on 2 of 591 simulated rows; these draws were truncated to the cap before being converted back to the original scale.
Continuous g-computation draw for current_entgelt_value exceeded the extrapolation cap (observed training log-max=11.224, cap=14.224) on 1 of 591 simulated rows; these draws were truncated to the cap before being converted back to the original scale.
Continuous g-computation draw for current_entgelt_value exceeded the extrapolation cap (observed training log-max=11.224, cap=14.224) on 1 of 591 simulated rows; these draws were truncated to the cap before being converted back to the original scale.
Continuous g-computation draw for current_entgelt_value exceeded the extrapolation cap (observed training log-max=11.224, cap=14.224) on 1 of 591 simulated rows; these draws were truncated to the cap before being converted back to the original scale.
Continuous g-computation draw for current_entgelt_value exceeded the extrapolation cap (observed training log-max=11.224, cap=14.224) on 2 of 591 simulated rows; these draws were truncated to the cap before being converted back to the original scale.
Continuous g-computation draw for current_entgelt_value exceeded the extrapolation cap (observed training log-max=11.224, cap=14.224) on 2 of 591 simulated rows; these draws were truncated to the cap before being converted back to the original scale.
Continuous g-computation draw for current_entgelt_value exceeded the extrapolation cap (observed training log-max=11.224, cap=14.224) on 1 of 591 simulated rows; these draws were truncated to the cap before being converted back to the original scale.
Continuous g-computation draw for current_entgelt_value exceeded the extrapolation cap (observed training log-max=11.224, cap=14.224) on 1 of 591 simulated rows; these draws were truncated to the cap before being converted back to the original scale.
Continuous g-computation draw for current_entgelt_value exceeded the extrapolation cap (observed training log-max=11.224, cap=14.224) on 2 of 591 simulated rows; these draws were truncated to the cap before being converted back to the original scale.
Continuous g-computation draw for current_entgelt_value exceeded the extrapolation cap (observed training log-max=11.224, cap=14.224) on 1 of 591 simulated rows; these draws were truncated to the cap before being converted back to the original scale.
Continuous g-computation draw for current_entgelt_value exceeded the extrapolation cap (observed training log-max=11.224, cap=14.224) on 4 of 591 simulated rows; these draws were truncated to the cap before being converted back to the original scale.
Continuous g-computation draw for current_entgelt_value exceeded the extrapolation cap (observed training log-max=11.224, cap=14.224) on 2 of 591 simulated rows; these draws were truncated to the cap before being converted back to the original scale.
Continuous g-computation draw for current_entgelt_value exceeded the extrapolation cap (observed training log-max=11.224, cap=14.224) on 2 of 591 simulated rows; these draws were truncated to the cap before being converted back to the original scale.
Continuous g-computation draw for current_entgelt_value exceeded the extrapolation cap (observed training log-max=11.224, cap=14.224) on 2 of 591 simulated rows; these draws were truncated to the cap before being converted back to the original scale.
Continuous g-computation draw for current_entgelt_value exceeded the extrapolation cap (observed training log-max=11.224, cap=14.224) on 1 of 591 simulated rows; these draws were truncated to the cap before being converted back to the original scale.
Continuous g-computation draw for current_entgelt_value exceeded the extrapolation cap (observed training log-max=11.224, cap=14.224) on 2 of 591 simulated rows; these draws were truncated to the cap before being converted back to the original scale.
Continuous g-computation draw for current_entgelt_value exceeded the extrapolation cap (observed training log-max=11.224, cap=14.224) on 1 of 591 simulated rows; these draws were truncated to the cap before being converted back to the original scale.
Continuous g-computation draw for current_entgelt_value exceeded the extrapolation cap (observed training log-max=11.224, cap=14.224) on 3 of 591 simulated rows; these draws were truncated to the cap before being converted back to the original scale.
Continuous g-computation draw for current_entgelt_value exceeded the extrapolation cap (observed training log-max=11.224, cap=14.224) on 1 of 591 simulated rows; these draws were truncated to the cap before being converted back to the original scale.
Continuous g-computation draw for current_entgelt_value exceeded the extrapolation cap (observed training log-max=11.224, cap=14.224) on 1 of 591 simulated rows; these draws were truncated to the cap before being converted back to the original scale.
Continuous g-computation draw for current_entgelt_value exceeded the extrapolation cap (observed training log-max=11.224, cap=14.224) on 1 of 591 simulated rows; these draws were truncated to the cap before being converted back to the original scale.
Continuous g-computation draw for current_entgelt_value exceeded the extrapolation cap (observed training log-max=11.224, cap=14.224) on 1 of 591 simulated rows; these draws were truncated to the cap before being converted back to the original scale.
Continuous g-computation draw for current_entgelt_value exceeded the extrapolation cap (observed training log-max=11.224, cap=14.224) on 3 of 591 simulated rows; these draws were truncated to the cap before being converted back to the original scale.
Continuous g-computation draw for current_entgelt_value exceeded the extrapolation cap (observed training log-max=11.224, cap=14.224) on 2 of 591 simulated rows; these draws were truncated to the cap before being converted back to the original scale.
Continuous g-computation draw for current_entgelt_value exceeded the extrapolation cap (observed training log-max=11.224, cap=14.224) on 2 of 591 simulated rows; these draws were truncated to the cap before being converted back to the original scale.
Continuous g-computation draw for current_entgelt_value exceeded the extrapolation cap (observed training log-max=11.224, cap=14.224) on 2 of 591 simulated rows; these draws were truncated to the cap before being converted back to the original scale.
Continuous g-computation draw for current_entgelt_value exceeded the extrapolation cap (observed training log-max=11.224, cap=14.224) on 1 of 591 simulated rows; these draws were truncated to the cap before being converted back to the original scale.
Continuous g-computation draw for current_entgelt_value exceeded the extrapolation cap (observed training log-max=11.224, cap=14.224) on 2 of 591 simulated rows; these draws were truncated to the cap before being converted back to the original scale.
Continuous g-computation draw for current_entgelt_value exceeded the extrapolation cap (observed training log-max=11.224, cap=14.224) on 1 of 591 simulated rows; these draws were truncated to the cap before being converted back to the original scale.
Continuous g-computation draw for current_entgelt_value exceeded the extrapolation cap (observed training log-max=11.224, cap=14.224) on 2 of 591 simulated rows; these draws were truncated to the cap before being converted back to the original scale.
Continuous g-computation draw for current_entgelt_value exceeded the extrapolation cap (observed training log-max=11.224, cap=14.224) on 3 of 591 simulated rows; these draws were truncated to the cap before being converted back to the original scale.
Continuous g-computation draw for current_entgelt_value exceeded the extrapolation cap (observed training log-max=11.224, cap=14.224) on 1 of 591 simulated rows; these draws were truncated to the cap before being converted back to the original scale.
Continuous g-computation draw for current_entgelt_value exceeded the extrapolation cap (observed training log-max=11.224, cap=14.224) on 3 of 591 simulated rows; these draws were truncated to the cap before being converted back to the original scale.
Continuous g-computation draw for current_entgelt_value exceeded the extrapolation cap (observed training log-max=11.224, cap=14.224) on 1 of 591 simulated rows; these draws were truncated to the cap before being converted back to the original scale.
Continuous g-computation draw for current_entgelt_value exceeded the extrapolation cap (observed training log-max=11.224, cap=14.224) on 3 of 591 simulated rows; these draws were truncated to the cap before being converted back to the original scale.
Continuous g-computation draw for current_entgelt_value exceeded the extrapolation cap (observed training log-max=11.224, cap=14.224) on 1 of 591 simulated rows; these draws were truncated to the cap before being converted back to the original scale.
Continuous g-computation draw for current_entgelt_value exceeded the extrapolation cap (observed training log-max=11.224, cap=14.224) on 6 of 591 simulated rows; these draws were truncated to the cap before being converted back to the original scale.
Continuous g-computation draw for current_entgelt_value exceeded the extrapolation cap (observed training log-max=11.224, cap=14.224) on 4 of 591 simulated rows; these draws were truncated to the cap before being converted back to the original scale.
Continuous g-computation draw for current_entgelt_value exceeded the extrapolation cap (observed training log-max=11.224, cap=14.224) on 1 of 591 simulated rows; these draws were truncated to the cap before being converted back to the original scale.
Continuous g-computation draw for current_entgelt_value exceeded the extrapolation cap (observed training log-max=11.224, cap=14.224) on 3 of 591 simulated rows; these draws were truncated to the cap before being converted back to the original scale.
Continuous g-computation draw for current_entgelt_value exceeded the extrapolation cap (observed training log-max=11.224, cap=14.224) on 2 of 591 simulated rows; these draws were truncated to the cap before being converted back to the original scale.
Continuous g-computation draw for current_entgelt_value exceeded the extrapolation cap (observed training log-max=11.224, cap=14.224) on 4 of 591 simulated rows; these draws were truncated to the cap before being converted back to the original scale.
Continuous g-computation draw for current_entgelt_value exceeded the extrapolation cap (observed training log-max=11.224, cap=14.224) on 1 of 591 simulated rows; these draws were truncated to the cap before being converted back to the original scale.
Continuous g-computation draw for current_entgelt_value exceeded the extrapolation cap (observed training log-max=11.224, cap=14.224) on 3 of 591 simulated rows; these draws were truncated to the cap before being converted back to the original scale.
Continuous g-computation draw for current_entgelt_value exceeded the extrapolation cap (observed training log-max=11.224, cap=14.224) on 1 of 591 simulated rows; these draws were truncated to the cap before being converted back to the original scale.
Continuous g-computation draw for current_entgelt_value exceeded the extrapolation cap (observed training log-max=11.224, cap=14.224) on 3 of 591 simulated rows; these draws were truncated to the cap before being converted back to the original scale.
Continuous g-computation draw for current_entgelt_value exceeded the extrapolation cap (observed training log-max=11.224, cap=14.224) on 1 of 591 simulated rows; these draws were truncated to the cap before being converted back to the original scale.
Continuous g-computation draw for current_entgelt_value exceeded the extrapolation cap (observed training log-max=11.224, cap=14.224) on 2 of 591 simulated rows; these draws were truncated to the cap before being converted back to the original scale.
Continuous g-computation draw for current_entgelt_value exceeded the extrapolation cap (observed training log-max=11.224, cap=14.224) on 2 of 591 simulated rows; these draws were truncated to the cap before being converted back to the original scale.
Continuous g-computation draw for current_entgelt_value exceeded the extrapolation cap (observed training log-max=11.224, cap=14.224) on 6 of 591 simulated rows; these draws were truncated to the cap before being converted back to the original scale.
Continuous g-computation draw for current_entgelt_value exceeded the extrapolation cap (observed training log-max=11.224, cap=14.224) on 2 of 591 simulated rows; these draws were truncated to the cap before being converted back to the original scale.
Continuous g-computation draw for current_entgelt_value exceeded the extrapolation cap (observed training log-max=11.224, cap=14.224) on 1 of 591 simulated rows; these draws were truncated to the cap before being converted back to the original scale.
Continuous g-computation draw for current_entgelt_value exceeded the extrapolation cap (observed training log-max=11.224, cap=14.224) on 1 of 591 simulated rows; these draws were truncated to the cap before being converted back to the original scale.
Continuous g-computation draw for current_entgelt_value exceeded the extrapolation cap (observed training log-max=11.224, cap=14.224) on 3 of 591 simulated rows; these draws were truncated to the cap before being converted back to the original scale.
Continuous g-computation draw for current_entgelt_value exceeded the extrapolation cap (observed training log-max=11.224, cap=14.224) on 2 of 591 simulated rows; these draws were truncated to the cap before being converted back to the original scale.
Continuous g-computation draw for current_entgelt_value exceeded the extrapolation cap (observed training log-max=11.224, cap=14.224) on 2 of 591 simulated rows; these draws were truncated to the cap before being converted back to the original scale.
Continuous g-computation draw for current_entgelt_value exceeded the extrapolation cap (observed training log-max=11.224, cap=14.224) on 1 of 591 simulated rows; these draws were truncated to the cap before being converted back to the original scale.
Continuous g-computation draw for current_entgelt_value exceeded the extrapolation cap (observed training log-max=11.224, cap=14.224) on 4 of 591 simulated rows; these draws were truncated to the cap before being converted back to the original scale.
Continuous g-computation draw for current_entgelt_value exceeded the extrapolation cap (observed training log-max=11.224, cap=14.224) on 2 of 591 simulated rows; these draws were truncated to the cap before being converted back to the original scale.
Continuous g-computation draw for current_entgelt_value exceeded the extrapolation cap (observed training log-max=11.224, cap=14.224) on 2 of 591 simulated rows; these draws were truncated to the cap before being converted back to the original scale.
Continuous g-computation draw for current_entgelt_value exceeded the extrapolation cap (observed training log-max=11.224, cap=14.224) on 2 of 591 simulated rows; these draws were truncated to the cap before being converted back to the original scale.
Continuous g-computation draw for current_entgelt_value exceeded the extrapolation cap (observed training log-max=11.224, cap=14.224) on 1 of 591 simulated rows; these draws were truncated to the cap before being converted back to the original scale.
Continuous g-computation draw for current_entgelt_value exceeded the extrapolation cap (observed training log-max=11.224, cap=14.224) on 1 of 591 simulated rows; these draws were truncated to the cap before being converted back to the original scale.
Continuous g-computation draw for current_entgelt_value exceeded the extrapolation cap (observed training log-max=11.224, cap=14.224) on 3 of 591 simulated rows; these draws were truncated to the cap before being converted back to the original scale.
Continuous g-computation draw for current_entgelt_value exceeded the extrapolation cap (observed training log-max=11.224, cap=14.224) on 1 of 591 simulated rows; these draws were truncated to the cap before being converted back to the original scale.
Continuous g-computation draw for current_entgelt_value exceeded the extrapolation cap (observed training log-max=11.224, cap=14.224) on 3 of 591 simulated rows; these draws were truncated to the cap before being converted back to the original scale.
Continuous g-computation draw for current_entgelt_value exceeded the extrapolation cap (observed training log-max=11.224, cap=14.224) on 2 of 591 simulated rows; these draws were truncated to the cap before being converted back to the original scale.
Continuous g-computation draw for current_entgelt_value exceeded the extrapolation cap (observed training log-max=11.224, cap=14.224) on 3 of 591 simulated rows; these draws were truncated to the cap before being converted back to the original scale.
Continuous g-computation draw for current_entgelt_value exceeded the extrapolation cap (observed training log-max=11.224, cap=14.224) on 1 of 591 simulated rows; these draws were truncated to the cap before being converted back to the original scale.
Continuous g-computation draw for current_entgelt_value exceeded the extrapolation cap (observed training log-max=11.224, cap=14.224) on 2 of 591 simulated rows; these draws were truncated to the cap before being converted back to the original scale.
Continuous g-computation draw for current_entgelt_value exceeded the extrapolation cap (observed training log-max=11.224, cap=14.224) on 2 of 591 simulated rows; these draws were truncated to the cap before being converted back to the original scale.
Continuous g-computation draw for current_entgelt_value exceeded the extrapolation cap (observed training log-max=11.224, cap=14.224) on 2 of 591 simulated rows; these draws were truncated to the cap before being converted back to the original scale.
Continuous g-computation draw for current_entgelt_value exceeded the extrapolation cap (observed training log-max=11.224, cap=14.224) on 3 of 591 simulated rows; these draws were truncated to the cap before being converted back to the original scale.
Continuous g-computation draw for current_entgelt_value exceeded the extrapolation cap (observed training log-max=11.224, cap=14.224) on 1 of 591 simulated rows; these draws were truncated to the cap before being converted back to the original scale.
Continuous g-computation draw for current_entgelt_value exceeded the extrapolation cap (observed training log-max=11.224, cap=14.224) on 1 of 591 simulated rows; these draws were truncated to the cap before being converted back to the original scale.
Continuous g-computation draw for current_entgelt_value exceeded the extrapolation cap (observed training log-max=11.224, cap=14.224) on 1 of 591 simulated rows; these draws were truncated to the cap before being converted back to the original scale.
Continuous g-computation draw for current_entgelt_value exceeded the extrapolation cap (observed training log-max=11.224, cap=14.224) on 2 of 591 simulated rows; these draws were truncated to the cap before being converted back to the original scale.
Continuous g-computation draw for current_entgelt_value exceeded the extrapolation cap (observed training log-max=11.224, cap=14.224) on 2 of 591 simulated rows; these draws were truncated to the cap before being converted back to the original scale.
Continuous g-computation draw for current_entgelt_value exceeded the extrapolation cap (observed training log-max=11.224, cap=14.224) on 5 of 591 simulated rows; these draws were truncated to the cap before being converted back to the original scale.
Continuous g-computation draw for current_entgelt_value exceeded the extrapolation cap (observed training log-max=11.224, cap=14.224) on 2 of 591 simulated rows; these draws were truncated to the cap before being converted back to the original scale.
Continuous g-computation draw for current_entgelt_value exceeded the extrapolation cap (observed training log-max=11.224, cap=14.224) on 1 of 591 simulated rows; these draws were truncated to the cap before being converted back to the original scale.
Continuous g-computation draw for current_entgelt_value exceeded the extrapolation cap (observed training log-max=11.224, cap=14.224) on 4 of 591 simulated rows; these draws were truncated to the cap before being converted back to the original scale.
Continuous g-computation draw for current_entgelt_value exceeded the extrapolation cap (observed training log-max=11.224, cap=14.224) on 1 of 591 simulated rows; these draws were truncated to the cap before being converted back to the original scale.
Continuous g-computation draw for current_entgelt_value exceeded the extrapolation cap (observed training log-max=11.224, cap=14.224) on 2 of 591 simulated rows; these draws were truncated to the cap before being converted back to the original scale.
Continuous g-computation draw for current_entgelt_value exceeded the extrapolation cap (observed training log-max=11.224, cap=14.224) on 1 of 591 simulated rows; these draws were truncated to the cap before being converted back to the original scale.
Continuous g-computation draw for current_entgelt_value exceeded the extrapolation cap (observed training log-max=11.224, cap=14.224) on 1 of 591 simulated rows; these draws were truncated to the cap before being converted back to the original scale.
Continuous g-computation draw for current_entgelt_value exceeded the extrapolation cap (observed training log-max=11.224, cap=14.224) on 3 of 591 simulated rows; these draws were truncated to the cap before being converted back to the original scale.
Continuous g-computation draw for current_entgelt_value exceeded the extrapolation cap (observed training log-max=11.224, cap=14.224) on 1 of 591 simulated rows; these draws were truncated to the cap before being converted back to the original scale.
Continuous g-computation draw for current_entgelt_value exceeded the extrapolation cap (observed training log-max=11.224, cap=14.224) on 2 of 591 simulated rows; these draws were truncated to the cap before being converted back to the original scale.
Continuous g-computation draw for current_entgelt_value exceeded the extrapolation cap (observed training log-max=11.224, cap=14.224) on 1 of 591 simulated rows; these draws were truncated to the cap before being converted back to the original scale.
Continuous g-computation draw for current_entgelt_value exceeded the extrapolation cap (observed training log-max=11.224, cap=14.224) on 2 of 591 simulated rows; these draws were truncated to the cap before being converted back to the original scale.
Continuous g-computation draw for current_entgelt_value exceeded the extrapolation cap (observed training log-max=11.224, cap=14.224) on 2 of 591 simulated rows; these draws were truncated to the cap before being converted back to the original scale.
Continuous g-computation draw for current_entgelt_value exceeded the extrapolation cap (observed training log-max=11.224, cap=14.224) on 1 of 591 simulated rows; these draws were truncated to the cap before being converted back to the original scale.
Continuous g-computation draw for current_entgelt_value exceeded the extrapolation cap (observed training log-max=11.224, cap=14.224) on 2 of 591 simulated rows; these draws were truncated to the cap before being converted back to the original scale.
Continuous g-computation draw for current_entgelt_value exceeded the extrapolation cap (observed training log-max=11.224, cap=14.224) on 1 of 591 simulated rows; these draws were truncated to the cap before being converted back to the original scale.
Continuous g-computation draw for current_entgelt_value exceeded the extrapolation cap (observed training log-max=11.224, cap=14.224) on 3 of 591 simulated rows; these draws were truncated to the cap before being converted back to the original scale.
Continuous g-computation draw for current_entgelt_value exceeded the extrapolation cap (observed training log-max=11.224, cap=14.224) on 3 of 591 simulated rows; these draws were truncated to the cap before being converted back to the original scale.
Continuous g-computation draw for current_entgelt_value exceeded the extrapolation cap (observed training log-max=11.224, cap=14.224) on 3 of 591 simulated rows; these draws were truncated to the cap before being converted back to the original scale.
Continuous g-computation draw for current_entgelt_value exceeded the extrapolation cap (observed training log-max=11.224, cap=14.224) on 3 of 591 simulated rows; these draws were truncated to the cap before being converted back to the original scale.
Continuous g-computation draw for current_entgelt_value exceeded the extrapolation cap (observed training log-max=11.224, cap=14.224) on 1 of 591 simulated rows; these draws were truncated to the cap before being converted back to the original scale.
Continuous g-computation draw for current_entgelt_value exceeded the extrapolation cap (observed training log-max=11.224, cap=14.224) on 3 of 591 simulated rows; these draws were truncated to the cap before being converted back to the original scale.
Continuous g-computation draw for current_entgelt_value exceeded the extrapolation cap (observed training log-max=11.224, cap=14.224) on 1 of 591 simulated rows; these draws were truncated to the cap before being converted back to the original scale.
Continuous g-computation draw for current_entgelt_value exceeded the extrapolation cap (observed training log-max=11.224, cap=14.224) on 4 of 591 simulated rows; these draws were truncated to the cap before being converted back to the original scale.
Continuous g-computation draw for current_entgelt_value exceeded the extrapolation cap (observed training log-max=11.224, cap=14.224) on 1 of 591 simulated rows; these draws were truncated to the cap before being converted back to the original scale.
Continuous g-computation draw for current_entgelt_value exceeded the extrapolation cap (observed training log-max=11.224, cap=14.224) on 3 of 591 simulated rows; these draws were truncated to the cap before being converted back to the original scale.
Continuous g-computation draw for current_entgelt_value exceeded the extrapolation cap (observed training log-max=11.224, cap=14.224) on 1 of 591 simulated rows; these draws were truncated to the cap before being converted back to the original scale.
Continuous g-computation draw for current_entgelt_value exceeded the extrapolation cap (observed training log-max=11.224, cap=14.224) on 1 of 591 simulated rows; these draws were truncated to the cap before being converted back to the original scale.
Continuous g-computation draw for current_entgelt_value exceeded the extrapolation cap (observed training log-max=11.224, cap=14.224) on 3 of 591 simulated rows; these draws were truncated to the cap before being converted back to the original scale.
Continuous g-computation draw for current_entgelt_value exceeded the extrapolation cap (observed training log-max=11.224, cap=14.224) on 2 of 591 simulated rows; these draws were truncated to the cap before being converted back to the original scale.
Continuous g-computation draw for current_entgelt_value exceeded the extrapolation cap (observed training log-max=11.224, cap=14.224) on 1 of 591 simulated rows; these draws were truncated to the cap before being converted back to the original scale.
Continuous g-computation draw for current_entgelt_value exceeded the extrapolation cap (observed training log-max=11.224, cap=14.224) on 3 of 591 simulated rows; these draws were truncated to the cap before being converted back to the original scale.
Continuous g-computation draw for current_entgelt_value exceeded the extrapolation cap (observed training log-max=11.224, cap=14.224) on 1 of 591 simulated rows; these draws were truncated to the cap before being converted back to the original scale.
Continuous g-computation draw for current_entgelt_value exceeded the extrapolation cap (observed training log-max=11.224, cap=14.224) on 3 of 591 simulated rows; these draws were truncated to the cap before being converted back to the original scale.
Continuous g-computation draw for current_entgelt_value exceeded the extrapolation cap (observed training log-max=11.224, cap=14.224) on 1 of 591 simulated rows; these draws were truncated to the cap before being converted back to the original scale.
Continuous g-computation draw for current_entgelt_value exceeded the extrapolation cap (observed training log-max=11.224, cap=14.224) on 2 of 591 simulated rows; these draws were truncated to the cap before being converted back to the original scale.
Continuous g-computation draw for current_entgelt_value exceeded the extrapolation cap (observed training log-max=11.224, cap=14.224) on 3 of 591 simulated rows; these draws were truncated to the cap before being converted back to the original scale.
Continuous g-computation draw for current_entgelt_value exceeded the extrapolation cap (observed training log-max=11.224, cap=14.224) on 1 of 591 simulated rows; these draws were truncated to the cap before being converted back to the original scale.
Continuous g-computation draw for current_entgelt_value exceeded the extrapolation cap (observed training log-max=11.224, cap=14.224) on 1 of 591 simulated rows; these draws were truncated to the cap before being converted back to the original scale.
Continuous g-computation draw for current_entgelt_value exceeded the extrapolation cap (observed training log-max=11.224, cap=14.224) on 1 of 591 simulated rows; these draws were truncated to the cap before being converted back to the original scale.
Continuous g-computation draw for current_entgelt_value exceeded the extrapolation cap (observed training log-max=11.224, cap=14.224) on 2 of 591 simulated rows; these draws were truncated to the cap before being converted back to the original scale.
Continuous g-computation draw for current_entgelt_value exceeded the extrapolation cap (observed training log-max=11.224, cap=14.224) on 1 of 591 simulated rows; these draws were truncated to the cap before being converted back to the original scale.
Continuous g-computation draw for current_entgelt_value exceeded the extrapolation cap (observed training log-max=11.224, cap=14.224) on 1 of 591 simulated rows; these draws were truncated to the cap before being converted back to the original scale.
Continuous g-computation draw for current_entgelt_value exceeded the extrapolation cap (observed training log-max=11.224, cap=14.224) on 1 of 591 simulated rows; these draws were truncated to the cap before being converted back to the original scale.
Continuous g-computation draw for current_entgelt_value exceeded the extrapolation cap (observed training log-max=11.224, cap=14.224) on 1 of 591 simulated rows; these draws were truncated to the cap before being converted back to the original scale.
Continuous g-computation draw for current_entgelt_value exceeded the extrapolation cap (observed training log-max=11.224, cap=14.224) on 1 of 591 simulated rows; these draws were truncated to the cap before being converted back to the original scale.
Continuous g-computation draw for current_entgelt_value exceeded the extrapolation cap (observed training log-max=11.224, cap=14.224) on 2 of 591 simulated rows; these draws were truncated to the cap before being converted back to the original scale.
Continuous g-computation draw for current_entgelt_value exceeded the extrapolation cap (observed training log-max=11.224, cap=14.224) on 1 of 591 simulated rows; these draws were truncated to the cap before being converted back to the original scale.
Continuous g-computation draw for current_entgelt_value exceeded the extrapolation cap (observed training log-max=11.224, cap=14.224) on 1 of 591 simulated rows; these draws were truncated to the cap before being converted back to the original scale.
Continuous g-computation draw for current_entgelt_value exceeded the extrapolation cap (observed training log-max=11.224, cap=14.224) on 2 of 591 simulated rows; these draws were truncated to the cap before being converted back to the original scale.
Continuous g-computation draw for current_entgelt_value exceeded the extrapolation cap (observed training log-max=11.224, cap=14.224) on 2 of 591 simulated rows; these draws were truncated to the cap before being converted back to the original scale.
Continuous g-computation draw for current_entgelt_value exceeded the extrapolation cap (observed training log-max=11.224, cap=14.224) on 2 of 591 simulated rows; these draws were truncated to the cap before being converted back to the original scale.
Continuous g-computation draw for current_entgelt_value exceeded the extrapolation cap (observed training log-max=11.224, cap=14.224) on 5 of 591 simulated rows; these draws were truncated to the cap before being converted back to the original scale.
Continuous g-computation draw for current_entgelt_value exceeded the extrapolation cap (observed training log-max=11.224, cap=14.224) on 1 of 591 simulated rows; these draws were truncated to the cap before being converted back to the original scale.
Continuous g-computation draw for current_entgelt_value exceeded the extrapolation cap (observed training log-max=11.224, cap=14.224) on 5 of 591 simulated rows; these draws were truncated to the cap before being converted back to the original scale.
Continuous g-computation draw for current_entgelt_value exceeded the extrapolation cap (observed training log-max=11.224, cap=14.224) on 2 of 591 simulated rows; these draws were truncated to the cap before being converted back to the original scale.
Continuous g-computation draw for current_entgelt_value exceeded the extrapolation cap (observed training log-max=11.224, cap=14.224) on 2 of 591 simulated rows; these draws were truncated to the cap before being converted back to the original scale.
Continuous g-computation draw for current_entgelt_value exceeded the extrapolation cap (observed training log-max=11.224, cap=14.224) on 2 of 591 simulated rows; these draws were truncated to the cap before being converted back to the original scale.
Continuous g-computation draw for current_entgelt_value exceeded the extrapolation cap (observed training log-max=11.224, cap=14.224) on 3 of 591 simulated rows; these draws were truncated to the cap before being converted back to the original scale.
Continuous g-computation draw for current_entgelt_value exceeded the extrapolation cap (observed training log-max=11.224, cap=14.224) on 2 of 591 simulated rows; these draws were truncated to the cap before being converted back to the original scale.
Continuous g-computation draw for current_entgelt_value exceeded the extrapolation cap (observed training log-max=11.224, cap=14.224) on 2 of 591 simulated rows; these draws were truncated to the cap before being converted back to the original scale.
2026-09-17 13:41:31,472 [INFO] __main__: Longitudinal mediation bootstrap: 14/20 replications completed (14 successful)
Continuous g-computation draw for current_entgelt_value exceeded the extrapolation cap (observed training log-max=11.224, cap=14.224) on 1 of 594 simulated rows; these draws were truncated to the cap before being converted back to the original scale.
Continuous g-computation draw for current_entgelt_value exceeded the extrapolation cap (observed training log-max=11.224, cap=14.224) on 2 of 594 simulated rows; these draws were truncated to the cap before being converted back to the original scale.
Continuous g-computation draw for current_entgelt_value exceeded the extrapolation cap (observed training log-max=11.224, cap=14.224) on 1 of 594 simulated rows; these draws were truncated to the cap before being converted back to the original scale.
Continuous g-computation draw for current_entgelt_value exceeded the extrapolation cap (observed training log-max=11.224, cap=14.224) on 1 of 594 simulated rows; these draws were truncated to the cap before being converted back to the original scale.
Continuous g-computation draw for current_entgelt_value exceeded the extrapolation cap (observed training log-max=11.224, cap=14.224) on 2 of 594 simulated rows; these draws were truncated to the cap before being converted back to the original scale.
Continuous g-computation draw for current_entgelt_value exceeded the extrapolation cap (observed training log-max=11.224, cap=14.224) on 1 of 594 simulated rows; these draws were truncated to the cap before being converted back to the original scale.
Continuous g-computation draw for current_entgelt_value exceeded the extrapolation cap (observed training log-max=11.224, cap=14.224) on 3 of 594 simulated rows; these draws were truncated to the cap before being converted back to the original scale.
Continuous g-computation draw for current_entgelt_value exceeded the extrapolation cap (observed training log-max=11.224, cap=14.224) on 2 of 594 simulated rows; these draws were truncated to the cap before being converted back to the original scale.
Continuous g-computation draw for current_entgelt_value exceeded the extrapolation cap (observed training log-max=11.224, cap=14.224) on 3 of 594 simulated rows; these draws were truncated to the cap before being converted back to the original scale.
Continuous g-computation draw for current_entgelt_value exceeded the extrapolation cap (observed training log-max=11.224, cap=14.224) on 2 of 594 simulated rows; these draws were truncated to the cap before being converted back to the original scale.
Continuous g-computation draw for current_entgelt_value exceeded the extrapolation cap (observed training log-max=11.224, cap=14.224) on 1 of 594 simulated rows; these draws were truncated to the cap before being converted back to the original scale.
Continuous g-computation draw for current_entgelt_value exceeded the extrapolation cap (observed training log-max=11.224, cap=14.224) on 3 of 594 simulated rows; these draws were truncated to the cap before being converted back to the original scale.
Continuous g-computation draw for current_entgelt_value exceeded the extrapolation cap (observed training log-max=11.224, cap=14.224) on 1 of 594 simulated rows; these draws were truncated to the cap before being converted back to the original scale.
Continuous g-computation draw for current_entgelt_value exceeded the extrapolation cap (observed training log-max=11.224, cap=14.224) on 1 of 594 simulated rows; these draws were truncated to the cap before being converted back to the original scale.
Continuous g-computation draw for current_entgelt_value exceeded the extrapolation cap (observed training log-max=11.224, cap=14.224) on 4 of 594 simulated rows; these draws were truncated to the cap before being converted back to the original scale.
Continuous g-computation draw for current_entgelt_value exceeded the extrapolation cap (observed training log-max=11.224, cap=14.224) on 1 of 594 simulated rows; these draws were truncated to the cap before being converted back to the original scale.
Continuous g-computation draw for current_entgelt_value exceeded the extrapolation cap (observed training log-max=11.224, cap=14.224) on 4 of 594 simulated rows; these draws were truncated to the cap before being converted back to the original scale.
Continuous g-computation draw for current_entgelt_value exceeded the extrapolation cap (observed training log-max=11.224, cap=14.224) on 1 of 594 simulated rows; these draws were truncated to the cap before being converted back to the original scale.
Continuous g-computation draw for current_entgelt_value exceeded the extrapolation cap (observed training log-max=11.224, cap=14.224) on 1 of 594 simulated rows; these draws were truncated to the cap before being converted back to the original scale.
Continuous g-computation draw for current_entgelt_value exceeded the extrapolation cap (observed training log-max=11.224, cap=14.224) on 3 of 594 simulated rows; these draws were truncated to the cap before being converted back to the original scale.
Continuous g-computation draw for current_entgelt_value exceeded the extrapolation cap (observed training log-max=11.224, cap=14.224) on 1 of 594 simulated rows; these draws were truncated to the cap before being converted back to the original scale.
Continuous g-computation draw for current_entgelt_value exceeded the extrapolation cap (observed training log-max=11.224, cap=14.224) on 1 of 594 simulated rows; these draws were truncated to the cap before being converted back to the original scale.
Continuous g-computation draw for current_entgelt_value exceeded the extrapolation cap (observed training log-max=11.224, cap=14.224) on 1 of 594 simulated rows; these draws were truncated to the cap before being converted back to the original scale.
Continuous g-computation draw for current_entgelt_value exceeded the extrapolation cap (observed training log-max=11.224, cap=14.224) on 2 of 594 simulated rows; these draws were truncated to the cap before being converted back to the original scale.
Continuous g-computation draw for current_entgelt_value exceeded the extrapolation cap (observed training log-max=11.224, cap=14.224) on 1 of 594 simulated rows; these draws were truncated to the cap before being converted back to the original scale.
Continuous g-computation draw for current_entgelt_value exceeded the extrapolation cap (observed training log-max=11.224, cap=14.224) on 3 of 594 simulated rows; these draws were truncated to the cap before being converted back to the original scale.
Continuous g-computation draw for current_entgelt_value exceeded the extrapolation cap (observed training log-max=11.224, cap=14.224) on 2 of 594 simulated rows; these draws were truncated to the cap before being converted back to the original scale.
Continuous g-computation draw for current_entgelt_value exceeded the extrapolation cap (observed training log-max=11.224, cap=14.224) on 2 of 594 simulated rows; these draws were truncated to the cap before being converted back to the original scale.
Continuous g-computation draw for current_entgelt_value exceeded the extrapolation cap (observed training log-max=11.224, cap=14.224) on 1 of 594 simulated rows; these draws were truncated to the cap before being converted back to the original scale.
Continuous g-computation draw for current_entgelt_value exceeded the extrapolation cap (observed training log-max=11.224, cap=14.224) on 2 of 594 simulated rows; these draws were truncated to the cap before being converted back to the original scale.
Continuous g-computation draw for current_entgelt_value exceeded the extrapolation cap (observed training log-max=11.224, cap=14.224) on 3 of 594 simulated rows; these draws were truncated to the cap before being converted back to the original scale.
Continuous g-computation draw for current_entgelt_value exceeded the extrapolation cap (observed training log-max=11.224, cap=14.224) on 1 of 594 simulated rows; these draws were truncated to the cap before being converted back to the original scale.
Continuous g-computation draw for current_entgelt_value exceeded the extrapolation cap (observed training log-max=11.224, cap=14.224) on 1 of 594 simulated rows; these draws were truncated to the cap before being converted back to the original scale.
Continuous g-computation draw for current_entgelt_value exceeded the extrapolation cap (observed training log-max=11.224, cap=14.224) on 2 of 594 simulated rows; these draws were truncated to the cap before being converted back to the original scale.
Continuous g-computation draw for current_entgelt_value exceeded the extrapolation cap (observed training log-max=11.224, cap=14.224) on 3 of 594 simulated rows; these draws were truncated to the cap before being converted back to the original scale.
Continuous g-computation draw for current_entgelt_value exceeded the extrapolation cap (observed training log-max=11.224, cap=14.224) on 1 of 594 simulated rows; these draws were truncated to the cap before being converted back to the original scale.
Continuous g-computation draw for current_entgelt_value exceeded the extrapolation cap (observed training log-max=11.224, cap=14.224) on 1 of 594 simulated rows; these draws were truncated to the cap before being converted back to the original scale.
Continuous g-computation draw for current_entgelt_value exceeded the extrapolation cap (observed training log-max=11.224, cap=14.224) on 2 of 594 simulated rows; these draws were truncated to the cap before being converted back to the original scale.
Continuous g-computation draw for current_entgelt_value exceeded the extrapolation cap (observed training log-max=11.224, cap=14.224) on 3 of 594 simulated rows; these draws were truncated to the cap before being converted back to the original scale.
Continuous g-computation draw for current_entgelt_value exceeded the extrapolation cap (observed training log-max=11.224, cap=14.224) on 2 of 594 simulated rows; these draws were truncated to the cap before being converted back to the original scale.
Continuous g-computation draw for current_entgelt_value exceeded the extrapolation cap (observed training log-max=11.224, cap=14.224) on 4 of 594 simulated rows; these draws were truncated to the cap before being converted back to the original scale.
Continuous g-computation draw for current_entgelt_value exceeded the extrapolation cap (observed training log-max=11.224, cap=14.224) on 1 of 594 simulated rows; these draws were truncated to the cap before being converted back to the original scale.
Continuous g-computation draw for current_entgelt_value exceeded the extrapolation cap (observed training log-max=11.224, cap=14.224) on 2 of 594 simulated rows; these draws were truncated to the cap before being converted back to the original scale.
Continuous g-computation draw for current_entgelt_value exceeded the extrapolation cap (observed training log-max=11.224, cap=14.224) on 3 of 594 simulated rows; these draws were truncated to the cap before being converted back to the original scale.
Continuous g-computation draw for current_entgelt_value exceeded the extrapolation cap (observed training log-max=11.224, cap=14.224) on 1 of 594 simulated rows; these draws were truncated to the cap before being converted back to the original scale.
Continuous g-computation draw for current_entgelt_value exceeded the extrapolation cap (observed training log-max=11.224, cap=14.224) on 2 of 594 simulated rows; these draws were truncated to the cap before being converted back to the original scale.
Continuous g-computation draw for current_entgelt_value exceeded the extrapolation cap (observed training log-max=11.224, cap=14.224) on 1 of 594 simulated rows; these draws were truncated to the cap before being converted back to the original scale.
Continuous g-computation draw for current_entgelt_value exceeded the extrapolation cap (observed training log-max=11.224, cap=14.224) on 2 of 594 simulated rows; these draws were truncated to the cap before being converted back to the original scale.
Continuous g-computation draw for current_entgelt_value exceeded the extrapolation cap (observed training log-max=11.224, cap=14.224) on 1 of 594 simulated rows; these draws were truncated to the cap before being converted back to the original scale.
Continuous g-computation draw for current_entgelt_value exceeded the extrapolation cap (observed training log-max=11.224, cap=14.224) on 2 of 594 simulated rows; these draws were truncated to the cap before being converted back to the original scale.
Continuous g-computation draw for current_entgelt_value exceeded the extrapolation cap (observed training log-max=11.224, cap=14.224) on 2 of 594 simulated rows; these draws were truncated to the cap before being converted back to the original scale.
Continuous g-computation draw for current_entgelt_value exceeded the extrapolation cap (observed training log-max=11.224, cap=14.224) on 1 of 594 simulated rows; these draws were truncated to the cap before being converted back to the original scale.
Continuous g-computation draw for current_entgelt_value exceeded the extrapolation cap (observed training log-max=11.224, cap=14.224) on 2 of 594 simulated rows; these draws were truncated to the cap before being converted back to the original scale.
Continuous g-computation draw for current_entgelt_value exceeded the extrapolation cap (observed training log-max=11.224, cap=14.224) on 1 of 594 simulated rows; these draws were truncated to the cap before being converted back to the original scale.
Continuous g-computation draw for current_entgelt_value exceeded the extrapolation cap (observed training log-max=11.224, cap=14.224) on 3 of 594 simulated rows; these draws were truncated to the cap before being converted back to the original scale.
Continuous g-computation draw for current_entgelt_value exceeded the extrapolation cap (observed training log-max=11.224, cap=14.224) on 1 of 594 simulated rows; these draws were truncated to the cap before being converted back to the original scale.
Continuous g-computation draw for current_entgelt_value exceeded the extrapolation cap (observed training log-max=11.224, cap=14.224) on 2 of 594 simulated rows; these draws were truncated to the cap before being converted back to the original scale.
Continuous g-computation draw for current_entgelt_value exceeded the extrapolation cap (observed training log-max=11.224, cap=14.224) on 2 of 594 simulated rows; these draws were truncated to the cap before being converted back to the original scale.
Continuous g-computation draw for current_entgelt_value exceeded the extrapolation cap (observed training log-max=11.224, cap=14.224) on 4 of 594 simulated rows; these draws were truncated to the cap before being converted back to the original scale.
Continuous g-computation draw for current_entgelt_value exceeded the extrapolation cap (observed training log-max=11.224, cap=14.224) on 1 of 594 simulated rows; these draws were truncated to the cap before being converted back to the original scale.
Continuous g-computation draw for current_entgelt_value exceeded the extrapolation cap (observed training log-max=11.224, cap=14.224) on 2 of 594 simulated rows; these draws were truncated to the cap before being converted back to the original scale.
Continuous g-computation draw for current_entgelt_value exceeded the extrapolation cap (observed training log-max=11.224, cap=14.224) on 1 of 594 simulated rows; these draws were truncated to the cap before being converted back to the original scale.
Continuous g-computation draw for current_entgelt_value exceeded the extrapolation cap (observed training log-max=11.224, cap=14.224) on 5 of 594 simulated rows; these draws were truncated to the cap before being converted back to the original scale.
Continuous g-computation draw for current_entgelt_value exceeded the extrapolation cap (observed training log-max=11.224, cap=14.224) on 1 of 594 simulated rows; these draws were truncated to the cap before being converted back to the original scale.
Continuous g-computation draw for current_entgelt_value exceeded the extrapolation cap (observed training log-max=11.224, cap=14.224) on 1 of 594 simulated rows; these draws were truncated to the cap before being converted back to the original scale.
Continuous g-computation draw for current_entgelt_value exceeded the extrapolation cap (observed training log-max=11.224, cap=14.224) on 3 of 594 simulated rows; these draws were truncated to the cap before being converted back to the original scale.
Continuous g-computation draw for current_entgelt_value exceeded the extrapolation cap (observed training log-max=11.224, cap=14.224) on 2 of 594 simulated rows; these draws were truncated to the cap before being converted back to the original scale.
Continuous g-computation draw for current_entgelt_value exceeded the extrapolation cap (observed training log-max=11.224, cap=14.224) on 3 of 594 simulated rows; these draws were truncated to the cap before being converted back to the original scale.
Continuous g-computation draw for current_entgelt_value exceeded the extrapolation cap (observed training log-max=11.224, cap=14.224) on 1 of 594 simulated rows; these draws were truncated to the cap before being converted back to the original scale.
Continuous g-computation draw for current_entgelt_value exceeded the extrapolation cap (observed training log-max=11.224, cap=14.224) on 1 of 594 simulated rows; these draws were truncated to the cap before being converted back to the original scale.
Continuous g-computation draw for current_entgelt_value exceeded the extrapolation cap (observed training log-max=11.224, cap=14.224) on 3 of 594 simulated rows; these draws were truncated to the cap before being converted back to the original scale.
Continuous g-computation draw for current_entgelt_value exceeded the extrapolation cap (observed training log-max=11.224, cap=14.224) on 1 of 594 simulated rows; these draws were truncated to the cap before being converted back to the original scale.
Continuous g-computation draw for current_entgelt_value exceeded the extrapolation cap (observed training log-max=11.224, cap=14.224) on 4 of 594 simulated rows; these draws were truncated to the cap before being converted back to the original scale.
Continuous g-computation draw for current_entgelt_value exceeded the extrapolation cap (observed training log-max=11.224, cap=14.224) on 1 of 594 simulated rows; these draws were truncated to the cap before being converted back to the original scale.
Continuous g-computation draw for current_entgelt_value exceeded the extrapolation cap (observed training log-max=11.224, cap=14.224) on 3 of 594 simulated rows; these draws were truncated to the cap before being converted back to the original scale.
Continuous g-computation draw for current_entgelt_value exceeded the extrapolation cap (observed training log-max=11.224, cap=14.224) on 3 of 594 simulated rows; these draws were truncated to the cap before being converted back to the original scale.
Continuous g-computation draw for current_entgelt_value exceeded the extrapolation cap (observed training log-max=11.224, cap=14.224) on 1 of 594 simulated rows; these draws were truncated to the cap before being converted back to the original scale.
Continuous g-computation draw for current_entgelt_value exceeded the extrapolation cap (observed training log-max=11.224, cap=14.224) on 2 of 594 simulated rows; these draws were truncated to the cap before being converted back to the original scale.
Continuous g-computation draw for current_entgelt_value exceeded the extrapolation cap (observed training log-max=11.224, cap=14.224) on 2 of 594 simulated rows; these draws were truncated to the cap before being converted back to the original scale.
Continuous g-computation draw for current_entgelt_value exceeded the extrapolation cap (observed training log-max=11.224, cap=14.224) on 3 of 594 simulated rows; these draws were truncated to the cap before being converted back to the original scale.
Continuous g-computation draw for current_entgelt_value exceeded the extrapolation cap (observed training log-max=11.224, cap=14.224) on 2 of 594 simulated rows; these draws were truncated to the cap before being converted back to the original scale.
Continuous g-computation draw for current_entgelt_value exceeded the extrapolation cap (observed training log-max=11.224, cap=14.224) on 3 of 594 simulated rows; these draws were truncated to the cap before being converted back to the original scale.
Continuous g-computation draw for current_entgelt_value exceeded the extrapolation cap (observed training log-max=11.224, cap=14.224) on 1 of 594 simulated rows; these draws were truncated to the cap before being converted back to the original scale.
Continuous g-computation draw for current_entgelt_value exceeded the extrapolation cap (observed training log-max=11.224, cap=14.224) on 1 of 594 simulated rows; these draws were truncated to the cap before being converted back to the original scale.
Continuous g-computation draw for current_entgelt_value exceeded the extrapolation cap (observed training log-max=11.224, cap=14.224) on 1 of 594 simulated rows; these draws were truncated to the cap before being converted back to the original scale.
Continuous g-computation draw for current_entgelt_value exceeded the extrapolation cap (observed training log-max=11.224, cap=14.224) on 1 of 594 simulated rows; these draws were truncated to the cap before being converted back to the original scale.
Continuous g-computation draw for current_entgelt_value exceeded the extrapolation cap (observed training log-max=11.224, cap=14.224) on 2 of 594 simulated rows; these draws were truncated to the cap before being converted back to the original scale.
Continuous g-computation draw for current_entgelt_value exceeded the extrapolation cap (observed training log-max=11.224, cap=14.224) on 1 of 594 simulated rows; these draws were truncated to the cap before being converted back to the original scale.
Continuous g-computation draw for current_entgelt_value exceeded the extrapolation cap (observed training log-max=11.224, cap=14.224) on 4 of 594 simulated rows; these draws were truncated to the cap before being converted back to the original scale.
Continuous g-computation draw for current_entgelt_value exceeded the extrapolation cap (observed training log-max=11.224, cap=14.224) on 1 of 594 simulated rows; these draws were truncated to the cap before being converted back to the original scale.
Continuous g-computation draw for current_entgelt_value exceeded the extrapolation cap (observed training log-max=11.224, cap=14.224) on 2 of 594 simulated rows; these draws were truncated to the cap before being converted back to the original scale.
Continuous g-computation draw for current_entgelt_value exceeded the extrapolation cap (observed training log-max=11.224, cap=14.224) on 1 of 594 simulated rows; these draws were truncated to the cap before being converted back to the original scale.
Continuous g-computation draw for current_entgelt_value exceeded the extrapolation cap (observed training log-max=11.224, cap=14.224) on 1 of 594 simulated rows; these draws were truncated to the cap before being converted back to the original scale.
Continuous g-computation draw for current_entgelt_value exceeded the extrapolation cap (observed training log-max=11.224, cap=14.224) on 2 of 594 simulated rows; these draws were truncated to the cap before being converted back to the original scale.
Continuous g-computation draw for current_entgelt_value exceeded the extrapolation cap (observed training log-max=11.224, cap=14.224) on 1 of 594 simulated rows; these draws were truncated to the cap before being converted back to the original scale.
Continuous g-computation draw for current_entgelt_value exceeded the extrapolation cap (observed training log-max=11.224, cap=14.224) on 1 of 594 simulated rows; these draws were truncated to the cap before being converted back to the original scale.
Continuous g-computation draw for current_entgelt_value exceeded the extrapolation cap (observed training log-max=11.224, cap=14.224) on 1 of 594 simulated rows; these draws were truncated to the cap before being converted back to the original scale.
Continuous g-computation draw for current_entgelt_value exceeded the extrapolation cap (observed training log-max=11.224, cap=14.224) on 2 of 594 simulated rows; these draws were truncated to the cap before being converted back to the original scale.
Continuous g-computation draw for current_entgelt_value exceeded the extrapolation cap (observed training log-max=11.224, cap=14.224) on 2 of 594 simulated rows; these draws were truncated to the cap before being converted back to the original scale.
Continuous g-computation draw for current_entgelt_value exceeded the extrapolation cap (observed training log-max=11.224, cap=14.224) on 2 of 594 simulated rows; these draws were truncated to the cap before being converted back to the original scale.
Continuous g-computation draw for current_entgelt_value exceeded the extrapolation cap (observed training log-max=11.224, cap=14.224) on 3 of 594 simulated rows; these draws were truncated to the cap before being converted back to the original scale.
Continuous g-computation draw for current_entgelt_value exceeded the extrapolation cap (observed training log-max=11.224, cap=14.224) on 1 of 594 simulated rows; these draws were truncated to the cap before being converted back to the original scale.
Continuous g-computation draw for current_entgelt_value exceeded the extrapolation cap (observed training log-max=11.224, cap=14.224) on 2 of 594 simulated rows; these draws were truncated to the cap before being converted back to the original scale.
Continuous g-computation draw for current_entgelt_value exceeded the extrapolation cap (observed training log-max=11.224, cap=14.224) on 2 of 594 simulated rows; these draws were truncated to the cap before being converted back to the original scale.
Continuous g-computation draw for current_entgelt_value exceeded the extrapolation cap (observed training log-max=11.224, cap=14.224) on 2 of 594 simulated rows; these draws were truncated to the cap before being converted back to the original scale.
Continuous g-computation draw for current_entgelt_value exceeded the extrapolation cap (observed training log-max=11.224, cap=14.224) on 1 of 594 simulated rows; these draws were truncated to the cap before being converted back to the original scale.
Continuous g-computation draw for current_entgelt_value exceeded the extrapolation cap (observed training log-max=11.224, cap=14.224) on 1 of 594 simulated rows; these draws were truncated to the cap before being converted back to the original scale.
Continuous g-computation draw for current_entgelt_value exceeded the extrapolation cap (observed training log-max=11.224, cap=14.224) on 1 of 594 simulated rows; these draws were truncated to the cap before being converted back to the original scale.
Continuous g-computation draw for current_entgelt_value exceeded the extrapolation cap (observed training log-max=11.224, cap=14.224) on 1 of 594 simulated rows; these draws were truncated to the cap before being converted back to the original scale.
Continuous g-computation draw for current_entgelt_value exceeded the extrapolation cap (observed training log-max=11.224, cap=14.224) on 1 of 594 simulated rows; these draws were truncated to the cap before being converted back to the original scale.
Continuous g-computation draw for current_entgelt_value exceeded the extrapolation cap (observed training log-max=11.224, cap=14.224) on 1 of 594 simulated rows; these draws were truncated to the cap before being converted back to the original scale.
Continuous g-computation draw for current_entgelt_value exceeded the extrapolation cap (observed training log-max=11.224, cap=14.224) on 2 of 594 simulated rows; these draws were truncated to the cap before being converted back to the original scale.
Continuous g-computation draw for current_entgelt_value exceeded the extrapolation cap (observed training log-max=11.224, cap=14.224) on 1 of 594 simulated rows; these draws were truncated to the cap before being converted back to the original scale.
Continuous g-computation draw for current_entgelt_value exceeded the extrapolation cap (observed training log-max=11.224, cap=14.224) on 2 of 594 simulated rows; these draws were truncated to the cap before being converted back to the original scale.
Continuous g-computation draw for current_entgelt_value exceeded the extrapolation cap (observed training log-max=11.224, cap=14.224) on 1 of 594 simulated rows; these draws were truncated to the cap before being converted back to the original scale.
Continuous g-computation draw for current_entgelt_value exceeded the extrapolation cap (observed training log-max=11.224, cap=14.224) on 1 of 594 simulated rows; these draws were truncated to the cap before being converted back to the original scale.
Continuous g-computation draw for current_entgelt_value exceeded the extrapolation cap (observed training log-max=11.224, cap=14.224) on 1 of 594 simulated rows; these draws were truncated to the cap before being converted back to the original scale.
Continuous g-computation draw for current_entgelt_value exceeded the extrapolation cap (observed training log-max=11.224, cap=14.224) on 2 of 594 simulated rows; these draws were truncated to the cap before being converted back to the original scale.
Continuous g-computation draw for current_entgelt_value exceeded the extrapolation cap (observed training log-max=11.224, cap=14.224) on 1 of 594 simulated rows; these draws were truncated to the cap before being converted back to the original scale.
Continuous g-computation draw for current_entgelt_value exceeded the extrapolation cap (observed training log-max=11.224, cap=14.224) on 1 of 594 simulated rows; these draws were truncated to the cap before being converted back to the original scale.
Continuous g-computation draw for current_entgelt_value exceeded the extrapolation cap (observed training log-max=11.224, cap=14.224) on 2 of 594 simulated rows; these draws were truncated to the cap before being converted back to the original scale.
Continuous g-computation draw for current_entgelt_value exceeded the extrapolation cap (observed training log-max=11.224, cap=14.224) on 3 of 594 simulated rows; these draws were truncated to the cap before being converted back to the original scale.
Continuous g-computation draw for current_entgelt_value exceeded the extrapolation cap (observed training log-max=11.224, cap=14.224) on 1 of 594 simulated rows; these draws were truncated to the cap before being converted back to the original scale.
Continuous g-computation draw for current_entgelt_value exceeded the extrapolation cap (observed training log-max=11.224, cap=14.224) on 3 of 594 simulated rows; these draws were truncated to the cap before being converted back to the original scale.
Continuous g-computation draw for current_entgelt_value exceeded the extrapolation cap (observed training log-max=11.224, cap=14.224) on 2 of 594 simulated rows; these draws were truncated to the cap before being converted back to the original scale.
Continuous g-computation draw for current_entgelt_value exceeded the extrapolation cap (observed training log-max=11.224, cap=14.224) on 2 of 594 simulated rows; these draws were truncated to the cap before being converted back to the original scale.
Continuous g-computation draw for current_entgelt_value exceeded the extrapolation cap (observed training log-max=11.224, cap=14.224) on 3 of 594 simulated rows; these draws were truncated to the cap before being converted back to the original scale.
Continuous g-computation draw for current_entgelt_value exceeded the extrapolation cap (observed training log-max=11.224, cap=14.224) on 1 of 594 simulated rows; these draws were truncated to the cap before being converted back to the original scale.
Continuous g-computation draw for current_entgelt_value exceeded the extrapolation cap (observed training log-max=11.224, cap=14.224) on 4 of 594 simulated rows; these draws were truncated to the cap before being converted back to the original scale.
Continuous g-computation draw for current_entgelt_value exceeded the extrapolation cap (observed training log-max=11.224, cap=14.224) on 3 of 594 simulated rows; these draws were truncated to the cap before being converted back to the original scale.
Continuous g-computation draw for current_entgelt_value exceeded the extrapolation cap (observed training log-max=11.224, cap=14.224) on 1 of 594 simulated rows; these draws were truncated to the cap before being converted back to the original scale.
Continuous g-computation draw for current_entgelt_value exceeded the extrapolation cap (observed training log-max=11.224, cap=14.224) on 1 of 594 simulated rows; these draws were truncated to the cap before being converted back to the original scale.
Continuous g-computation draw for current_entgelt_value exceeded the extrapolation cap (observed training log-max=11.224, cap=14.224) on 1 of 594 simulated rows; these draws were truncated to the cap before being converted back to the original scale.
Continuous g-computation draw for current_entgelt_value exceeded the extrapolation cap (observed training log-max=11.224, cap=14.224) on 1 of 594 simulated rows; these draws were truncated to the cap before being converted back to the original scale.
Continuous g-computation draw for current_entgelt_value exceeded the extrapolation cap (observed training log-max=11.224, cap=14.224) on 3 of 594 simulated rows; these draws were truncated to the cap before being converted back to the original scale.
Continuous g-computation draw for current_entgelt_value exceeded the extrapolation cap (observed training log-max=11.224, cap=14.224) on 1 of 594 simulated rows; these draws were truncated to the cap before being converted back to the original scale.
Continuous g-computation draw for current_entgelt_value exceeded the extrapolation cap (observed training log-max=11.224, cap=14.224) on 1 of 594 simulated rows; these draws were truncated to the cap before being converted back to the original scale.
Continuous g-computation draw for current_entgelt_value exceeded the extrapolation cap (observed training log-max=11.224, cap=14.224) on 2 of 594 simulated rows; these draws were truncated to the cap before being converted back to the original scale.
Continuous g-computation draw for current_entgelt_value exceeded the extrapolation cap (observed training log-max=11.224, cap=14.224) on 1 of 594 simulated rows; these draws were truncated to the cap before being converted back to the original scale.
Continuous g-computation draw for current_entgelt_value exceeded the extrapolation cap (observed training log-max=11.224, cap=14.224) on 1 of 594 simulated rows; these draws were truncated to the cap before being converted back to the original scale.
Continuous g-computation draw for current_entgelt_value exceeded the extrapolation cap (observed training log-max=11.224, cap=14.224) on 1 of 594 simulated rows; these draws were truncated to the cap before being converted back to the original scale.
Continuous g-computation draw for current_entgelt_value exceeded the extrapolation cap (observed training log-max=11.224, cap=14.224) on 2 of 594 simulated rows; these draws were truncated to the cap before being converted back to the original scale.
Continuous g-computation draw for current_entgelt_value exceeded the extrapolation cap (observed training log-max=11.224, cap=14.224) on 1 of 594 simulated rows; these draws were truncated to the cap before being converted back to the original scale.
Continuous g-computation draw for current_entgelt_value exceeded the extrapolation cap (observed training log-max=11.224, cap=14.224) on 1 of 594 simulated rows; these draws were truncated to the cap before being converted back to the original scale.
Continuous g-computation draw for current_entgelt_value exceeded the extrapolation cap (observed training log-max=11.224, cap=14.224) on 4 of 594 simulated rows; these draws were truncated to the cap before being converted back to the original scale.
Continuous g-computation draw for current_entgelt_value exceeded the extrapolation cap (observed training log-max=11.224, cap=14.224) on 4 of 594 simulated rows; these draws were truncated to the cap before being converted back to the original scale.
Continuous g-computation draw for current_entgelt_value exceeded the extrapolation cap (observed training log-max=11.224, cap=14.224) on 2 of 594 simulated rows; these draws were truncated to the cap before being converted back to the original scale.
Continuous g-computation draw for current_entgelt_value exceeded the extrapolation cap (observed training log-max=11.224, cap=14.224) on 1 of 594 simulated rows; these draws were truncated to the cap before being converted back to the original scale.
Continuous g-computation draw for current_entgelt_value exceeded the extrapolation cap (observed training log-max=11.224, cap=14.224) on 3 of 594 simulated rows; these draws were truncated to the cap before being converted back to the original scale.
Continuous g-computation draw for current_entgelt_value exceeded the extrapolation cap (observed training log-max=11.224, cap=14.224) on 1 of 594 simulated rows; these draws were truncated to the cap before being converted back to the original scale.
Continuous g-computation draw for current_entgelt_value exceeded the extrapolation cap (observed training log-max=11.224, cap=14.224) on 2 of 594 simulated rows; these draws were truncated to the cap before being converted back to the original scale.
Continuous g-computation draw for current_entgelt_value exceeded the extrapolation cap (observed training log-max=11.224, cap=14.224) on 1 of 594 simulated rows; these draws were truncated to the cap before being converted back to the original scale.
Continuous g-computation draw for current_entgelt_value exceeded the extrapolation cap (observed training log-max=11.224, cap=14.224) on 1 of 594 simulated rows; these draws were truncated to the cap before being converted back to the original scale.
Continuous g-computation draw for current_entgelt_value exceeded the extrapolation cap (observed training log-max=11.224, cap=14.224) on 2 of 594 simulated rows; these draws were truncated to the cap before being converted back to the original scale.
Continuous g-computation draw for current_entgelt_value exceeded the extrapolation cap (observed training log-max=11.224, cap=14.224) on 3 of 594 simulated rows; these draws were truncated to the cap before being converted back to the original scale.
Continuous g-computation draw for current_entgelt_value exceeded the extrapolation cap (observed training log-max=11.224, cap=14.224) on 3 of 594 simulated rows; these draws were truncated to the cap before being converted back to the original scale.
Continuous g-computation draw for current_entgelt_value exceeded the extrapolation cap (observed training log-max=11.224, cap=14.224) on 1 of 594 simulated rows; these draws were truncated to the cap before being converted back to the original scale.
Continuous g-computation draw for current_entgelt_value exceeded the extrapolation cap (observed training log-max=11.224, cap=14.224) on 1 of 594 simulated rows; these draws were truncated to the cap before being converted back to the original scale.
Continuous g-computation draw for current_entgelt_value exceeded the extrapolation cap (observed training log-max=11.224, cap=14.224) on 2 of 594 simulated rows; these draws were truncated to the cap before being converted back to the original scale.
Continuous g-computation draw for current_entgelt_value exceeded the extrapolation cap (observed training log-max=11.224, cap=14.224) on 1 of 594 simulated rows; these draws were truncated to the cap before being converted back to the original scale.
Continuous g-computation draw for current_entgelt_value exceeded the extrapolation cap (observed training log-max=11.224, cap=14.224) on 1 of 594 simulated rows; these draws were truncated to the cap before being converted back to the original scale.
Continuous g-computation draw for current_entgelt_value exceeded the extrapolation cap (observed training log-max=11.224, cap=14.224) on 4 of 594 simulated rows; these draws were truncated to the cap before being converted back to the original scale.
Continuous g-computation draw for current_entgelt_value exceeded the extrapolation cap (observed training log-max=11.224, cap=14.224) on 1 of 594 simulated rows; these draws were truncated to the cap before being converted back to the original scale.
Continuous g-computation draw for current_entgelt_value exceeded the extrapolation cap (observed training log-max=11.224, cap=14.224) on 4 of 594 simulated rows; these draws were truncated to the cap before being converted back to the original scale.
Continuous g-computation draw for current_entgelt_value exceeded the extrapolation cap (observed training log-max=11.224, cap=14.224) on 1 of 594 simulated rows; these draws were truncated to the cap before being converted back to the original scale.
Continuous g-computation draw for current_entgelt_value exceeded the extrapolation cap (observed training log-max=11.224, cap=14.224) on 4 of 594 simulated rows; these draws were truncated to the cap before being converted back to the original scale.
Continuous g-computation draw for current_entgelt_value exceeded the extrapolation cap (observed training log-max=11.224, cap=14.224) on 1 of 594 simulated rows; these draws were truncated to the cap before being converted back to the original scale.
Continuous g-computation draw for current_entgelt_value exceeded the extrapolation cap (observed training log-max=11.224, cap=14.224) on 2 of 594 simulated rows; these draws were truncated to the cap before being converted back to the original scale.
Continuous g-computation draw for current_entgelt_value exceeded the extrapolation cap (observed training log-max=11.224, cap=14.224) on 3 of 594 simulated rows; these draws were truncated to the cap before being converted back to the original scale.
Continuous g-computation draw for current_entgelt_value exceeded the extrapolation cap (observed training log-max=11.224, cap=14.224) on 1 of 594 simulated rows; these draws were truncated to the cap before being converted back to the original scale.
Continuous g-computation draw for current_entgelt_value exceeded the extrapolation cap (observed training log-max=11.224, cap=14.224) on 1 of 594 simulated rows; these draws were truncated to the cap before being converted back to the original scale.
Continuous g-computation draw for current_entgelt_value exceeded the extrapolation cap (observed training log-max=11.224, cap=14.224) on 5 of 594 simulated rows; these draws were truncated to the cap before being converted back to the original scale.
Continuous g-computation draw for current_entgelt_value exceeded the extrapolation cap (observed training log-max=11.224, cap=14.224) on 1 of 594 simulated rows; these draws were truncated to the cap before being converted back to the original scale.
Continuous g-computation draw for current_entgelt_value exceeded the extrapolation cap (observed training log-max=11.224, cap=14.224) on 2 of 594 simulated rows; these draws were truncated to the cap before being converted back to the original scale.
Continuous g-computation draw for current_entgelt_value exceeded the extrapolation cap (observed training log-max=11.224, cap=14.224) on 1 of 594 simulated rows; these draws were truncated to the cap before being converted back to the original scale.
Continuous g-computation draw for current_entgelt_value exceeded the extrapolation cap (observed training log-max=11.224, cap=14.224) on 2 of 594 simulated rows; these draws were truncated to the cap before being converted back to the original scale.
Continuous g-computation draw for current_entgelt_value exceeded the extrapolation cap (observed training log-max=11.224, cap=14.224) on 1 of 594 simulated rows; these draws were truncated to the cap before being converted back to the original scale.
Continuous g-computation draw for current_entgelt_value exceeded the extrapolation cap (observed training log-max=11.224, cap=14.224) on 3 of 594 simulated rows; these draws were truncated to the cap before being converted back to the original scale.
Continuous g-computation draw for current_entgelt_value exceeded the extrapolation cap (observed training log-max=11.224, cap=14.224) on 1 of 594 simulated rows; these draws were truncated to the cap before being converted back to the original scale.
Continuous g-computation draw for current_entgelt_value exceeded the extrapolation cap (observed training log-max=11.224, cap=14.224) on 1 of 594 simulated rows; these draws were truncated to the cap before being converted back to the original scale.
Continuous g-computation draw for current_entgelt_value exceeded the extrapolation cap (observed training log-max=11.224, cap=14.224) on 2 of 594 simulated rows; these draws were truncated to the cap before being converted back to the original scale.
Continuous g-computation draw for current_entgelt_value exceeded the extrapolation cap (observed training log-max=11.224, cap=14.224) on 1 of 594 simulated rows; these draws were truncated to the cap before being converted back to the original scale.
Continuous g-computation draw for current_entgelt_value exceeded the extrapolation cap (observed training log-max=11.224, cap=14.224) on 1 of 594 simulated rows; these draws were truncated to the cap before being converted back to the original scale.
Continuous g-computation draw for current_entgelt_value exceeded the extrapolation cap (observed training log-max=11.224, cap=14.224) on 3 of 594 simulated rows; these draws were truncated to the cap before being converted back to the original scale.
Continuous g-computation draw for current_entgelt_value exceeded the extrapolation cap (observed training log-max=11.224, cap=14.224) on 1 of 594 simulated rows; these draws were truncated to the cap before being converted back to the original scale.
Continuous g-computation draw for current_entgelt_value exceeded the extrapolation cap (observed training log-max=11.224, cap=14.224) on 1 of 594 simulated rows; these draws were truncated to the cap before being converted back to the original scale.
Continuous g-computation draw for current_entgelt_value exceeded the extrapolation cap (observed training log-max=11.224, cap=14.224) on 2 of 594 simulated rows; these draws were truncated to the cap before being converted back to the original scale.
Continuous g-computation draw for current_entgelt_value exceeded the extrapolation cap (observed training log-max=11.224, cap=14.224) on 1 of 594 simulated rows; these draws were truncated to the cap before being converted back to the original scale.
Continuous g-computation draw for current_entgelt_value exceeded the extrapolation cap (observed training log-max=11.224, cap=14.224) on 2 of 594 simulated rows; these draws were truncated to the cap before being converted back to the original scale.
Continuous g-computation draw for current_entgelt_value exceeded the extrapolation cap (observed training log-max=11.224, cap=14.224) on 1 of 594 simulated rows; these draws were truncated to the cap before being converted back to the original scale.
Continuous g-computation draw for current_entgelt_value exceeded the extrapolation cap (observed training log-max=11.224, cap=14.224) on 1 of 594 simulated rows; these draws were truncated to the cap before being converted back to the original scale.
Continuous g-computation draw for current_entgelt_value exceeded the extrapolation cap (observed training log-max=11.224, cap=14.224) on 4 of 594 simulated rows; these draws were truncated to the cap before being converted back to the original scale.
Continuous g-computation draw for current_entgelt_value exceeded the extrapolation cap (observed training log-max=11.224, cap=14.224) on 1 of 594 simulated rows; these draws were truncated to the cap before being converted back to the original scale.
Continuous g-computation draw for current_entgelt_value exceeded the extrapolation cap (observed training log-max=11.224, cap=14.224) on 1 of 594 simulated rows; these draws were truncated to the cap before being converted back to the original scale.
Continuous g-computation draw for current_entgelt_value exceeded the extrapolation cap (observed training log-max=11.224, cap=14.224) on 3 of 594 simulated rows; these draws were truncated to the cap before being converted back to the original scale.
Continuous g-computation draw for current_entgelt_value exceeded the extrapolation cap (observed training log-max=11.224, cap=14.224) on 1 of 594 simulated rows; these draws were truncated to the cap before being converted back to the original scale.
Continuous g-computation draw for current_entgelt_value exceeded the extrapolation cap (observed training log-max=11.224, cap=14.224) on 2 of 594 simulated rows; these draws were truncated to the cap before being converted back to the original scale.
Continuous g-computation draw for current_entgelt_value exceeded the extrapolation cap (observed training log-max=11.224, cap=14.224) on 2 of 594 simulated rows; these draws were truncated to the cap before being converted back to the original scale.
Continuous g-computation draw for current_entgelt_value exceeded the extrapolation cap (observed training log-max=11.224, cap=14.224) on 1 of 594 simulated rows; these draws were truncated to the cap before being converted back to the original scale.
Continuous g-computation draw for current_entgelt_value exceeded the extrapolation cap (observed training log-max=11.224, cap=14.224) on 3 of 594 simulated rows; these draws were truncated to the cap before being converted back to the original scale.
Continuous g-computation draw for current_entgelt_value exceeded the extrapolation cap (observed training log-max=11.224, cap=14.224) on 1 of 594 simulated rows; these draws were truncated to the cap before being converted back to the original scale.
Continuous g-computation draw for current_entgelt_value exceeded the extrapolation cap (observed training log-max=11.224, cap=14.224) on 3 of 594 simulated rows; these draws were truncated to the cap before being converted back to the original scale.
Continuous g-computation draw for current_entgelt_value exceeded the extrapolation cap (observed training log-max=11.224, cap=14.224) on 1 of 594 simulated rows; these draws were truncated to the cap before being converted back to the original scale.
Continuous g-computation draw for current_entgelt_value exceeded the extrapolation cap (observed training log-max=11.224, cap=14.224) on 1 of 594 simulated rows; these draws were truncated to the cap before being converted back to the original scale.
Continuous g-computation draw for current_entgelt_value exceeded the extrapolation cap (observed training log-max=11.224, cap=14.224) on 1 of 594 simulated rows; these draws were truncated to the cap before being converted back to the original scale.
Continuous g-computation draw for current_entgelt_value exceeded the extrapolation cap (observed training log-max=11.224, cap=14.224) on 1 of 594 simulated rows; these draws were truncated to the cap before being converted back to the original scale.
Continuous g-computation draw for current_entgelt_value exceeded the extrapolation cap (observed training log-max=11.224, cap=14.224) on 1 of 594 simulated rows; these draws were truncated to the cap before being converted back to the original scale.
Continuous g-computation draw for current_entgelt_value exceeded the extrapolation cap (observed training log-max=11.224, cap=14.224) on 2 of 594 simulated rows; these draws were truncated to the cap before being converted back to the original scale.
Continuous g-computation draw for current_entgelt_value exceeded the extrapolation cap (observed training log-max=11.224, cap=14.224) on 1 of 594 simulated rows; these draws were truncated to the cap before being converted back to the original scale.
Continuous g-computation draw for current_entgelt_value exceeded the extrapolation cap (observed training log-max=11.224, cap=14.224) on 1 of 594 simulated rows; these draws were truncated to the cap before being converted back to the original scale.
Continuous g-computation draw for current_entgelt_value exceeded the extrapolation cap (observed training log-max=11.224, cap=14.224) on 3 of 594 simulated rows; these draws were truncated to the cap before being converted back to the original scale.
Continuous g-computation draw for current_entgelt_value exceeded the extrapolation cap (observed training log-max=11.224, cap=14.224) on 2 of 594 simulated rows; these draws were truncated to the cap before being converted back to the original scale.
Continuous g-computation draw for current_entgelt_value exceeded the extrapolation cap (observed training log-max=11.224, cap=14.224) on 4 of 594 simulated rows; these draws were truncated to the cap before being converted back to the original scale.
Continuous g-computation draw for current_entgelt_value exceeded the extrapolation cap (observed training log-max=11.224, cap=14.224) on 3 of 594 simulated rows; these draws were truncated to the cap before being converted back to the original scale.
Continuous g-computation draw for current_entgelt_value exceeded the extrapolation cap (observed training log-max=11.224, cap=14.224) on 2 of 594 simulated rows; these draws were truncated to the cap before being converted back to the original scale.
Continuous g-computation draw for current_entgelt_value exceeded the extrapolation cap (observed training log-max=11.224, cap=14.224) on 3 of 594 simulated rows; these draws were truncated to the cap before being converted back to the original scale.
Continuous g-computation draw for current_entgelt_value exceeded the extrapolation cap (observed training log-max=11.224, cap=14.224) on 2 of 594 simulated rows; these draws were truncated to the cap before being converted back to the original scale.
Continuous g-computation draw for current_entgelt_value exceeded the extrapolation cap (observed training log-max=11.224, cap=14.224) on 1 of 594 simulated rows; these draws were truncated to the cap before being converted back to the original scale.
Continuous g-computation draw for current_entgelt_value exceeded the extrapolation cap (observed training log-max=11.224, cap=14.224) on 2 of 594 simulated rows; these draws were truncated to the cap before being converted back to the original scale.
Continuous g-computation draw for current_entgelt_value exceeded the extrapolation cap (observed training log-max=11.224, cap=14.224) on 1 of 594 simulated rows; these draws were truncated to the cap before being converted back to the original scale.
Continuous g-computation draw for current_entgelt_value exceeded the extrapolation cap (observed training log-max=11.224, cap=14.224) on 3 of 594 simulated rows; these draws were truncated to the cap before being converted back to the original scale.
Continuous g-computation draw for current_entgelt_value exceeded the extrapolation cap (observed training log-max=11.224, cap=14.224) on 3 of 594 simulated rows; these draws were truncated to the cap before being converted back to the original scale.
Continuous g-computation draw for current_entgelt_value exceeded the extrapolation cap (observed training log-max=11.224, cap=14.224) on 3 of 594 simulated rows; these draws were truncated to the cap before being converted back to the original scale.
Continuous g-computation draw for current_entgelt_value exceeded the extrapolation cap (observed training log-max=11.224, cap=14.224) on 1 of 594 simulated rows; these draws were truncated to the cap before being converted back to the original scale.
Continuous g-computation draw for current_entgelt_value exceeded the extrapolation cap (observed training log-max=11.224, cap=14.224) on 3 of 594 simulated rows; these draws were truncated to the cap before being converted back to the original scale.
Continuous g-computation draw for current_entgelt_value exceeded the extrapolation cap (observed training log-max=11.224, cap=14.224) on 1 of 594 simulated rows; these draws were truncated to the cap before being converted back to the original scale.
Continuous g-computation draw for current_entgelt_value exceeded the extrapolation cap (observed training log-max=11.224, cap=14.224) on 4 of 594 simulated rows; these draws were truncated to the cap before being converted back to the original scale.
Continuous g-computation draw for current_entgelt_value exceeded the extrapolation cap (observed training log-max=11.224, cap=14.224) on 1 of 594 simulated rows; these draws were truncated to the cap before being converted back to the original scale.
Continuous g-computation draw for current_entgelt_value exceeded the extrapolation cap (observed training log-max=11.224, cap=14.224) on 1 of 594 simulated rows; these draws were truncated to the cap before being converted back to the original scale.
Continuous g-computation draw for current_entgelt_value exceeded the extrapolation cap (observed training log-max=11.224, cap=14.224) on 3 of 594 simulated rows; these draws were truncated to the cap before being converted back to the original scale.
Continuous g-computation draw for current_entgelt_value exceeded the extrapolation cap (observed training log-max=11.224, cap=14.224) on 2 of 594 simulated rows; these draws were truncated to the cap before being converted back to the original scale.
Continuous g-computation draw for current_entgelt_value exceeded the extrapolation cap (observed training log-max=11.224, cap=14.224) on 3 of 594 simulated rows; these draws were truncated to the cap before being converted back to the original scale.
Continuous g-computation draw for current_entgelt_value exceeded the extrapolation cap (observed training log-max=11.224, cap=14.224) on 4 of 594 simulated rows; these draws were truncated to the cap before being converted back to the original scale.
Continuous g-computation draw for current_entgelt_value exceeded the extrapolation cap (observed training log-max=11.224, cap=14.224) on 1 of 594 simulated rows; these draws were truncated to the cap before being converted back to the original scale.
Continuous g-computation draw for current_entgelt_value exceeded the extrapolation cap (observed training log-max=11.224, cap=14.224) on 1 of 594 simulated rows; these draws were truncated to the cap before being converted back to the original scale.
Continuous g-computation draw for current_entgelt_value exceeded the extrapolation cap (observed training log-max=11.224, cap=14.224) on 3 of 594 simulated rows; these draws were truncated to the cap before being converted back to the original scale.
Continuous g-computation draw for current_entgelt_value exceeded the extrapolation cap (observed training log-max=11.224, cap=14.224) on 3 of 594 simulated rows; these draws were truncated to the cap before being converted back to the original scale.
Continuous g-computation draw for current_entgelt_value exceeded the extrapolation cap (observed training log-max=11.224, cap=14.224) on 1 of 594 simulated rows; these draws were truncated to the cap before being converted back to the original scale.
Continuous g-computation draw for current_entgelt_value exceeded the extrapolation cap (observed training log-max=11.224, cap=14.224) on 2 of 594 simulated rows; these draws were truncated to the cap before being converted back to the original scale.
Continuous g-computation draw for current_entgelt_value exceeded the extrapolation cap (observed training log-max=11.224, cap=14.224) on 1 of 594 simulated rows; these draws were truncated to the cap before being converted back to the original scale.
Continuous g-computation draw for current_entgelt_value exceeded the extrapolation cap (observed training log-max=11.224, cap=14.224) on 3 of 594 simulated rows; these draws were truncated to the cap before being converted back to the original scale.
Continuous g-computation draw for current_entgelt_value exceeded the extrapolation cap (observed training log-max=11.224, cap=14.224) on 1 of 594 simulated rows; these draws were truncated to the cap before being converted back to the original scale.
Continuous g-computation draw for current_entgelt_value exceeded the extrapolation cap (observed training log-max=11.224, cap=14.224) on 1 of 594 simulated rows; these draws were truncated to the cap before being converted back to the original scale.
Continuous g-computation draw for current_entgelt_value exceeded the extrapolation cap (observed training log-max=11.224, cap=14.224) on 2 of 594 simulated rows; these draws were truncated to the cap before being converted back to the original scale.
Continuous g-computation draw for current_entgelt_value exceeded the extrapolation cap (observed training log-max=11.224, cap=14.224) on 1 of 594 simulated rows; these draws were truncated to the cap before being converted back to the original scale.
Continuous g-computation draw for current_entgelt_value exceeded the extrapolation cap (observed training log-max=11.224, cap=14.224) on 1 of 594 simulated rows; these draws were truncated to the cap before being converted back to the original scale.
Continuous g-computation draw for current_entgelt_value exceeded the extrapolation cap (observed training log-max=11.224, cap=14.224) on 1 of 594 simulated rows; these draws were truncated to the cap before being converted back to the original scale.
Continuous g-computation draw for current_entgelt_value exceeded the extrapolation cap (observed training log-max=11.224, cap=14.224) on 1 of 594 simulated rows; these draws were truncated to the cap before being converted back to the original scale.
Continuous g-computation draw for current_entgelt_value exceeded the extrapolation cap (observed training log-max=11.224, cap=14.224) on 3 of 594 simulated rows; these draws were truncated to the cap before being converted back to the original scale.
Continuous g-computation draw for current_entgelt_value exceeded the extrapolation cap (observed training log-max=11.224, cap=14.224) on 1 of 594 simulated rows; these draws were truncated to the cap before being converted back to the original scale.
Continuous g-computation draw for current_entgelt_value exceeded the extrapolation cap (observed training log-max=11.224, cap=14.224) on 2 of 594 simulated rows; these draws were truncated to the cap before being converted back to the original scale.
Continuous g-computation draw for current_entgelt_value exceeded the extrapolation cap (observed training log-max=11.224, cap=14.224) on 2 of 594 simulated rows; these draws were truncated to the cap before being converted back to the original scale.
Continuous g-computation draw for current_entgelt_value exceeded the extrapolation cap (observed training log-max=11.224, cap=14.224) on 3 of 594 simulated rows; these draws were truncated to the cap before being converted back to the original scale.
Continuous g-computation draw for current_entgelt_value exceeded the extrapolation cap (observed training log-max=11.224, cap=14.224) on 1 of 594 simulated rows; these draws were truncated to the cap before being converted back to the original scale.
Continuous g-computation draw for current_entgelt_value exceeded the extrapolation cap (observed training log-max=11.224, cap=14.224) on 1 of 594 simulated rows; these draws were truncated to the cap before being converted back to the original scale.
Continuous g-computation draw for current_entgelt_value exceeded the extrapolation cap (observed training log-max=11.224, cap=14.224) on 1 of 594 simulated rows; these draws were truncated to the cap before being converted back to the original scale.
Continuous g-computation draw for current_entgelt_value exceeded the extrapolation cap (observed training log-max=11.224, cap=14.224) on 1 of 594 simulated rows; these draws were truncated to the cap before being converted back to the original scale.
Continuous g-computation draw for current_entgelt_value exceeded the extrapolation cap (observed training log-max=11.224, cap=14.224) on 2 of 594 simulated rows; these draws were truncated to the cap before being converted back to the original scale.
Continuous g-computation draw for current_entgelt_value exceeded the extrapolation cap (observed training log-max=11.224, cap=14.224) on 2 of 594 simulated rows; these draws were truncated to the cap before being converted back to the original scale.
Continuous g-computation draw for current_entgelt_value exceeded the extrapolation cap (observed training log-max=11.224, cap=14.224) on 2 of 594 simulated rows; these draws were truncated to the cap before being converted back to the original scale.
Continuous g-computation draw for current_entgelt_value exceeded the extrapolation cap (observed training log-max=11.224, cap=14.224) on 1 of 594 simulated rows; these draws were truncated to the cap before being converted back to the original scale.
Continuous g-computation draw for current_entgelt_value exceeded the extrapolation cap (observed training log-max=11.224, cap=14.224) on 2 of 594 simulated rows; these draws were truncated to the cap before being converted back to the original scale.
Continuous g-computation draw for current_entgelt_value exceeded the extrapolation cap (observed training log-max=11.224, cap=14.224) on 1 of 594 simulated rows; these draws were truncated to the cap before being converted back to the original scale.
Continuous g-computation draw for current_entgelt_value exceeded the extrapolation cap (observed training log-max=11.224, cap=14.224) on 1 of 594 simulated rows; these draws were truncated to the cap before being converted back to the original scale.
Continuous g-computation draw for current_entgelt_value exceeded the extrapolation cap (observed training log-max=11.224, cap=14.224) on 2 of 594 simulated rows; these draws were truncated to the cap before being converted back to the original scale.
Continuous g-computation draw for current_entgelt_value exceeded the extrapolation cap (observed training log-max=11.224, cap=14.224) on 2 of 594 simulated rows; these draws were truncated to the cap before being converted back to the original scale.
Continuous g-computation draw for current_entgelt_value exceeded the extrapolation cap (observed training log-max=11.224, cap=14.224) on 1 of 594 simulated rows; these draws were truncated to the cap before being converted back to the original scale.
Continuous g-computation draw for current_entgelt_value exceeded the extrapolation cap (observed training log-max=11.224, cap=14.224) on 3 of 594 simulated rows; these draws were truncated to the cap before being converted back to the original scale.
Continuous g-computation draw for current_entgelt_value exceeded the extrapolation cap (observed training log-max=11.224, cap=14.224) on 3 of 594 simulated rows; these draws were truncated to the cap before being converted back to the original scale.
Continuous g-computation draw for current_entgelt_value exceeded the extrapolation cap (observed training log-max=11.224, cap=14.224) on 2 of 594 simulated rows; these draws were truncated to the cap before being converted back to the original scale.
Continuous g-computation draw for current_entgelt_value exceeded the extrapolation cap (observed training log-max=11.224, cap=14.224) on 4 of 594 simulated rows; these draws were truncated to the cap before being converted back to the original scale.
Continuous g-computation draw for current_entgelt_value exceeded the extrapolation cap (observed training log-max=11.224, cap=14.224) on 1 of 594 simulated rows; these draws were truncated to the cap before being converted back to the original scale.
Continuous g-computation draw for current_entgelt_value exceeded the extrapolation cap (observed training log-max=11.224, cap=14.224) on 2 of 594 simulated rows; these draws were truncated to the cap before being converted back to the original scale.
Continuous g-computation draw for current_entgelt_value exceeded the extrapolation cap (observed training log-max=11.224, cap=14.224) on 1 of 594 simulated rows; these draws were truncated to the cap before being converted back to the original scale.
Continuous g-computation draw for current_entgelt_value exceeded the extrapolation cap (observed training log-max=11.224, cap=14.224) on 2 of 594 simulated rows; these draws were truncated to the cap before being converted back to the original scale.
Continuous g-computation draw for current_entgelt_value exceeded the extrapolation cap (observed training log-max=11.224, cap=14.224) on 1 of 594 simulated rows; these draws were truncated to the cap before being converted back to the original scale.
Continuous g-computation draw for current_entgelt_value exceeded the extrapolation cap (observed training log-max=11.224, cap=14.224) on 3 of 594 simulated rows; these draws were truncated to the cap before being converted back to the original scale.
Continuous g-computation draw for current_entgelt_value exceeded the extrapolation cap (observed training log-max=11.224, cap=14.224) on 4 of 594 simulated rows; these draws were truncated to the cap before being converted back to the original scale.
Continuous g-computation draw for current_entgelt_value exceeded the extrapolation cap (observed training log-max=11.224, cap=14.224) on 1 of 594 simulated rows; these draws were truncated to the cap before being converted back to the original scale.
Continuous g-computation draw for current_entgelt_value exceeded the extrapolation cap (observed training log-max=11.224, cap=14.224) on 2 of 594 simulated rows; these draws were truncated to the cap before being converted back to the original scale.
Continuous g-computation draw for current_entgelt_value exceeded the extrapolation cap (observed training log-max=11.224, cap=14.224) on 2 of 594 simulated rows; these draws were truncated to the cap before being converted back to the original scale.
Continuous g-computation draw for current_entgelt_value exceeded the extrapolation cap (observed training log-max=11.224, cap=14.224) on 1 of 594 simulated rows; these draws were truncated to the cap before being converted back to the original scale.
Continuous g-computation draw for current_entgelt_value exceeded the extrapolation cap (observed training log-max=11.224, cap=14.224) on 5 of 594 simulated rows; these draws were truncated to the cap before being converted back to the original scale.
Continuous g-computation draw for current_entgelt_value exceeded the extrapolation cap (observed training log-max=11.224, cap=14.224) on 2 of 594 simulated rows; these draws were truncated to the cap before being converted back to the original scale.
Continuous g-computation draw for current_entgelt_value exceeded the extrapolation cap (observed training log-max=11.224, cap=14.224) on 2 of 594 simulated rows; these draws were truncated to the cap before being converted back to the original scale.
Continuous g-computation draw for current_entgelt_value exceeded the extrapolation cap (observed training log-max=11.224, cap=14.224) on 1 of 594 simulated rows; these draws were truncated to the cap before being converted back to the original scale.
Continuous g-computation draw for current_entgelt_value exceeded the extrapolation cap (observed training log-max=11.224, cap=14.224) on 1 of 594 simulated rows; these draws were truncated to the cap before being converted back to the original scale.
Continuous g-computation draw for current_entgelt_value exceeded the extrapolation cap (observed training log-max=11.224, cap=14.224) on 1 of 594 simulated rows; these draws were truncated to the cap before being converted back to the original scale.
Continuous g-computation draw for current_entgelt_value exceeded the extrapolation cap (observed training log-max=11.224, cap=14.224) on 2 of 594 simulated rows; these draws were truncated to the cap before being converted back to the original scale.
Continuous g-computation draw for current_entgelt_value exceeded the extrapolation cap (observed training log-max=11.224, cap=14.224) on 3 of 594 simulated rows; these draws were truncated to the cap before being converted back to the original scale.
Continuous g-computation draw for current_entgelt_value exceeded the extrapolation cap (observed training log-max=11.224, cap=14.224) on 2 of 594 simulated rows; these draws were truncated to the cap before being converted back to the original scale.
Continuous g-computation draw for current_entgelt_value exceeded the extrapolation cap (observed training log-max=11.224, cap=14.224) on 1 of 594 simulated rows; these draws were truncated to the cap before being converted back to the original scale.
Continuous g-computation draw for current_entgelt_value exceeded the extrapolation cap (observed training log-max=11.224, cap=14.224) on 4 of 594 simulated rows; these draws were truncated to the cap before being converted back to the original scale.
Continuous g-computation draw for current_entgelt_value exceeded the extrapolation cap (observed training log-max=11.224, cap=14.224) on 2 of 594 simulated rows; these draws were truncated to the cap before being converted back to the original scale.
Continuous g-computation draw for current_entgelt_value exceeded the extrapolation cap (observed training log-max=11.224, cap=14.224) on 3 of 594 simulated rows; these draws were truncated to the cap before being converted back to the original scale.
Continuous g-computation draw for current_entgelt_value exceeded the extrapolation cap (observed training log-max=11.224, cap=14.224) on 2 of 594 simulated rows; these draws were truncated to the cap before being converted back to the original scale.
Continuous g-computation draw for current_entgelt_value exceeded the extrapolation cap (observed training log-max=11.224, cap=14.224) on 4 of 594 simulated rows; these draws were truncated to the cap before being converted back to the original scale.
Continuous g-computation draw for current_entgelt_value exceeded the extrapolation cap (observed training log-max=11.224, cap=14.224) on 2 of 594 simulated rows; these draws were truncated to the cap before being converted back to the original scale.
Continuous g-computation draw for current_entgelt_value exceeded the extrapolation cap (observed training log-max=11.224, cap=14.224) on 1 of 594 simulated rows; these draws were truncated to the cap before being converted back to the original scale.
Continuous g-computation draw for current_entgelt_value exceeded the extrapolation cap (observed training log-max=11.224, cap=14.224) on 1 of 594 simulated rows; these draws were truncated to the cap before being converted back to the original scale.
Continuous g-computation draw for current_entgelt_value exceeded the extrapolation cap (observed training log-max=11.224, cap=14.224) on 2 of 594 simulated rows; these draws were truncated to the cap before being converted back to the original scale.
Continuous g-computation draw for current_entgelt_value exceeded the extrapolation cap (observed training log-max=11.224, cap=14.224) on 2 of 594 simulated rows; these draws were truncated to the cap before being converted back to the original scale.
Continuous g-computation draw for current_entgelt_value exceeded the extrapolation cap (observed training log-max=11.224, cap=14.224) on 3 of 594 simulated rows; these draws were truncated to the cap before being converted back to the original scale.
Continuous g-computation draw for current_entgelt_value exceeded the extrapolation cap (observed training log-max=11.224, cap=14.224) on 1 of 594 simulated rows; these draws were truncated to the cap before being converted back to the original scale.
Continuous g-computation draw for current_entgelt_value exceeded the extrapolation cap (observed training log-max=11.224, cap=14.224) on 1 of 594 simulated rows; these draws were truncated to the cap before being converted back to the original scale.
Continuous g-computation draw for current_entgelt_value exceeded the extrapolation cap (observed training log-max=11.224, cap=14.224) on 3 of 594 simulated rows; these draws were truncated to the cap before being converted back to the original scale.
2026-09-17 13:41:56,775 [INFO] __main__: Longitudinal mediation bootstrap: 16/20 replications completed (16 successful)
Continuous g-computation draw for current_entgelt_value exceeded the extrapolation cap (observed training log-max=11.224, cap=14.224) on 2 of 587 simulated rows; these draws were truncated to the cap before being converted back to the original scale.
Continuous g-computation draw for current_entgelt_value exceeded the extrapolation cap (observed training log-max=11.224, cap=14.224) on 2 of 587 simulated rows; these draws were truncated to the cap before being converted back to the original scale.
Continuous g-computation draw for current_entgelt_value exceeded the extrapolation cap (observed training log-max=11.224, cap=14.224) on 1 of 587 simulated rows; these draws were truncated to the cap before being converted back to the original scale.
Continuous g-computation draw for current_entgelt_value exceeded the extrapolation cap (observed training log-max=11.224, cap=14.224) on 1 of 587 simulated rows; these draws were truncated to the cap before being converted back to the original scale.
Continuous g-computation draw for current_entgelt_value exceeded the extrapolation cap (observed training log-max=11.224, cap=14.224) on 1 of 587 simulated rows; these draws were truncated to the cap before being converted back to the original scale.
Continuous g-computation draw for current_entgelt_value exceeded the extrapolation cap (observed training log-max=11.224, cap=14.224) on 1 of 588 simulated rows; these draws were truncated to the cap before being converted back to the original scale.
Continuous g-computation draw for current_entgelt_value exceeded the extrapolation cap (observed training log-max=11.224, cap=14.224) on 3 of 587 simulated rows; these draws were truncated to the cap before being converted back to the original scale.
Continuous g-computation draw for current_entgelt_value exceeded the extrapolation cap (observed training log-max=11.224, cap=14.224) on 2 of 588 simulated rows; these draws were truncated to the cap before being converted back to the original scale.
Continuous g-computation draw for current_entgelt_value exceeded the extrapolation cap (observed training log-max=11.224, cap=14.224) on 1 of 587 simulated rows; these draws were truncated to the cap before being converted back to the original scale.
Continuous g-computation draw for current_entgelt_value exceeded the extrapolation cap (observed training log-max=11.224, cap=14.224) on 1 of 588 simulated rows; these draws were truncated to the cap before being converted back to the original scale.
Continuous g-computation draw for current_entgelt_value exceeded the extrapolation cap (observed training log-max=11.224, cap=14.224) on 1 of 587 simulated rows; these draws were truncated to the cap before being converted back to the original scale.
Continuous g-computation draw for current_entgelt_value exceeded the extrapolation cap (observed training log-max=11.224, cap=14.224) on 1 of 588 simulated rows; these draws were truncated to the cap before being converted back to the original scale.
Continuous g-computation draw for current_entgelt_value exceeded the extrapolation cap (observed training log-max=11.224, cap=14.224) on 1 of 587 simulated rows; these draws were truncated to the cap before being converted back to the original scale.
Continuous g-computation draw for current_entgelt_value exceeded the extrapolation cap (observed training log-max=11.224, cap=14.224) on 1 of 588 simulated rows; these draws were truncated to the cap before being converted back to the original scale.
Continuous g-computation draw for current_entgelt_value exceeded the extrapolation cap (observed training log-max=11.224, cap=14.224) on 1 of 588 simulated rows; these draws were truncated to the cap before being converted back to the original scale.
Continuous g-computation draw for current_entgelt_value exceeded the extrapolation cap (observed training log-max=11.224, cap=14.224) on 1 of 587 simulated rows; these draws were truncated to the cap before being converted back to the original scale.
Continuous g-computation draw for current_entgelt_value exceeded the extrapolation cap (observed training log-max=11.224, cap=14.224) on 1 of 588 simulated rows; these draws were truncated to the cap before being converted back to the original scale.
Continuous g-computation draw for current_entgelt_value exceeded the extrapolation cap (observed training log-max=11.224, cap=14.224) on 1 of 587 simulated rows; these draws were truncated to the cap before being converted back to the original scale.
Continuous g-computation draw for current_entgelt_value exceeded the extrapolation cap (observed training log-max=11.224, cap=14.224) on 2 of 588 simulated rows; these draws were truncated to the cap before being converted back to the original scale.
Continuous g-computation draw for current_entgelt_value exceeded the extrapolation cap (observed training log-max=11.224, cap=14.224) on 1 of 587 simulated rows; these draws were truncated to the cap before being converted back to the original scale.
Continuous g-computation draw for current_entgelt_value exceeded the extrapolation cap (observed training log-max=11.224, cap=14.224) on 1 of 588 simulated rows; these draws were truncated to the cap before being converted back to the original scale.
Continuous g-computation draw for current_entgelt_value exceeded the extrapolation cap (observed training log-max=11.224, cap=14.224) on 1 of 587 simulated rows; these draws were truncated to the cap before being converted back to the original scale.
Continuous g-computation draw for current_entgelt_value exceeded the extrapolation cap (observed training log-max=11.224, cap=14.224) on 2 of 587 simulated rows; these draws were truncated to the cap before being converted back to the original scale.
Continuous g-computation draw for current_entgelt_value exceeded the extrapolation cap (observed training log-max=11.224, cap=14.224) on 1 of 587 simulated rows; these draws were truncated to the cap before being converted back to the original scale.
Continuous g-computation draw for current_entgelt_value exceeded the extrapolation cap (observed training log-max=11.224, cap=14.224) on 1 of 588 simulated rows; these draws were truncated to the cap before being converted back to the original scale.
Continuous g-computation draw for current_entgelt_value exceeded the extrapolation cap (observed training log-max=11.224, cap=14.224) on 1 of 587 simulated rows; these draws were truncated to the cap before being converted back to the original scale.
Continuous g-computation draw for current_entgelt_value exceeded the extrapolation cap (observed training log-max=11.224, cap=14.224) on 1 of 587 simulated rows; these draws were truncated to the cap before being converted back to the original scale.
Continuous g-computation draw for current_entgelt_value exceeded the extrapolation cap (observed training log-max=11.224, cap=14.224) on 2 of 587 simulated rows; these draws were truncated to the cap before being converted back to the original scale.
Continuous g-computation draw for current_entgelt_value exceeded the extrapolation cap (observed training log-max=11.224, cap=14.224) on 1 of 588 simulated rows; these draws were truncated to the cap before being converted back to the original scale.
Continuous g-computation draw for current_entgelt_value exceeded the extrapolation cap (observed training log-max=11.224, cap=14.224) on 1 of 587 simulated rows; these draws were truncated to the cap before being converted back to the original scale.
Continuous g-computation draw for current_entgelt_value exceeded the extrapolation cap (observed training log-max=11.224, cap=14.224) on 1 of 587 simulated rows; these draws were truncated to the cap before being converted back to the original scale.
Continuous g-computation draw for current_entgelt_value exceeded the extrapolation cap (observed training log-max=11.224, cap=14.224) on 1 of 587 simulated rows; these draws were truncated to the cap before being converted back to the original scale.
Continuous g-computation draw for current_entgelt_value exceeded the extrapolation cap (observed training log-max=11.224, cap=14.224) on 1 of 588 simulated rows; these draws were truncated to the cap before being converted back to the original scale.
Continuous g-computation draw for current_entgelt_value exceeded the extrapolation cap (observed training log-max=11.224, cap=14.224) on 2 of 587 simulated rows; these draws were truncated to the cap before being converted back to the original scale.
Continuous g-computation draw for current_entgelt_value exceeded the extrapolation cap (observed training log-max=11.224, cap=14.224) on 1 of 588 simulated rows; these draws were truncated to the cap before being converted back to the original scale.
Continuous g-computation draw for current_entgelt_value exceeded the extrapolation cap (observed training log-max=11.224, cap=14.224) on 1 of 588 simulated rows; these draws were truncated to the cap before being converted back to the original scale.
Continuous g-computation draw for current_entgelt_value exceeded the extrapolation cap (observed training log-max=11.224, cap=14.224) on 2 of 587 simulated rows; these draws were truncated to the cap before being converted back to the original scale.
Continuous g-computation draw for current_entgelt_value exceeded the extrapolation cap (observed training log-max=11.224, cap=14.224) on 2 of 587 simulated rows; these draws were truncated to the cap before being converted back to the original scale.
Continuous g-computation draw for current_entgelt_value exceeded the extrapolation cap (observed training log-max=11.224, cap=14.224) on 1 of 588 simulated rows; these draws were truncated to the cap before being converted back to the original scale.
Continuous g-computation draw for current_entgelt_value exceeded the extrapolation cap (observed training log-max=11.224, cap=14.224) on 1 of 587 simulated rows; these draws were truncated to the cap before being converted back to the original scale.
Continuous g-computation draw for current_entgelt_value exceeded the extrapolation cap (observed training log-max=11.224, cap=14.224) on 1 of 587 simulated rows; these draws were truncated to the cap before being converted back to the original scale.
Continuous g-computation draw for current_entgelt_value exceeded the extrapolation cap (observed training log-max=11.224, cap=14.224) on 1 of 588 simulated rows; these draws were truncated to the cap before being converted back to the original scale.
Continuous g-computation draw for current_entgelt_value exceeded the extrapolation cap (observed training log-max=11.224, cap=14.224) on 1 of 587 simulated rows; these draws were truncated to the cap before being converted back to the original scale.
Continuous g-computation draw for current_entgelt_value exceeded the extrapolation cap (observed training log-max=11.224, cap=14.224) on 3 of 588 simulated rows; these draws were truncated to the cap before being converted back to the original scale.
Continuous g-computation draw for current_entgelt_value exceeded the extrapolation cap (observed training log-max=11.224, cap=14.224) on 1 of 587 simulated rows; these draws were truncated to the cap before being converted back to the original scale.
Continuous g-computation draw for current_entgelt_value exceeded the extrapolation cap (observed training log-max=11.224, cap=14.224) on 1 of 588 simulated rows; these draws were truncated to the cap before being converted back to the original scale.
Continuous g-computation draw for current_entgelt_value exceeded the extrapolation cap (observed training log-max=11.224, cap=14.224) on 3 of 588 simulated rows; these draws were truncated to the cap before being converted back to the original scale.
Continuous g-computation draw for current_entgelt_value exceeded the extrapolation cap (observed training log-max=11.224, cap=14.224) on 1 of 587 simulated rows; these draws were truncated to the cap before being converted back to the original scale.
Continuous g-computation draw for current_entgelt_value exceeded the extrapolation cap (observed training log-max=11.224, cap=14.224) on 1 of 587 simulated rows; these draws were truncated to the cap before being converted back to the original scale.
Continuous g-computation draw for current_entgelt_value exceeded the extrapolation cap (observed training log-max=11.224, cap=14.224) on 1 of 587 simulated rows; these draws were truncated to the cap before being converted back to the original scale.
Continuous g-computation draw for current_entgelt_value exceeded the extrapolation cap (observed training log-max=11.224, cap=14.224) on 1 of 587 simulated rows; these draws were truncated to the cap before being converted back to the original scale.
Continuous g-computation draw for current_entgelt_value exceeded the extrapolation cap (observed training log-max=11.224, cap=14.224) on 1 of 587 simulated rows; these draws were truncated to the cap before being converted back to the original scale.
Continuous g-computation draw for current_entgelt_value exceeded the extrapolation cap (observed training log-max=11.224, cap=14.224) on 1 of 588 simulated rows; these draws were truncated to the cap before being converted back to the original scale.
Continuous g-computation draw for current_entgelt_value exceeded the extrapolation cap (observed training log-max=11.224, cap=14.224) on 2 of 587 simulated rows; these draws were truncated to the cap before being converted back to the original scale.
Continuous g-computation draw for current_entgelt_value exceeded the extrapolation cap (observed training log-max=11.224, cap=14.224) on 1 of 588 simulated rows; these draws were truncated to the cap before being converted back to the original scale.
Continuous g-computation draw for current_entgelt_value exceeded the extrapolation cap (observed training log-max=11.224, cap=14.224) on 2 of 588 simulated rows; these draws were truncated to the cap before being converted back to the original scale.
Continuous g-computation draw for current_entgelt_value exceeded the extrapolation cap (observed training log-max=11.224, cap=14.224) on 3 of 587 simulated rows; these draws were truncated to the cap before being converted back to the original scale.
Continuous g-computation draw for current_entgelt_value exceeded the extrapolation cap (observed training log-max=11.224, cap=14.224) on 1 of 588 simulated rows; these draws were truncated to the cap before being converted back to the original scale.
Continuous g-computation draw for current_entgelt_value exceeded the extrapolation cap (observed training log-max=11.224, cap=14.224) on 1 of 587 simulated rows; these draws were truncated to the cap before being converted back to the original scale.
Continuous g-computation draw for current_entgelt_value exceeded the extrapolation cap (observed training log-max=11.224, cap=14.224) on 2 of 588 simulated rows; these draws were truncated to the cap before being converted back to the original scale.
Continuous g-computation draw for current_entgelt_value exceeded the extrapolation cap (observed training log-max=11.224, cap=14.224) on 1 of 587 simulated rows; these draws were truncated to the cap before being converted back to the original scale.
Continuous g-computation draw for current_entgelt_value exceeded the extrapolation cap (observed training log-max=11.224, cap=14.224) on 1 of 587 simulated rows; these draws were truncated to the cap before being converted back to the original scale.
Continuous g-computation draw for current_entgelt_value exceeded the extrapolation cap (observed training log-max=11.224, cap=14.224) on 1 of 587 simulated rows; these draws were truncated to the cap before being converted back to the original scale.
Continuous g-computation draw for current_entgelt_value exceeded the extrapolation cap (observed training log-max=11.224, cap=14.224) on 1 of 588 simulated rows; these draws were truncated to the cap before being converted back to the original scale.
Continuous g-computation draw for current_entgelt_value exceeded the extrapolation cap (observed training log-max=11.224, cap=14.224) on 2 of 587 simulated rows; these draws were truncated to the cap before being converted back to the original scale.
Continuous g-computation draw for current_entgelt_value exceeded the extrapolation cap (observed training log-max=11.224, cap=14.224) on 2 of 588 simulated rows; these draws were truncated to the cap before being converted back to the original scale.
Continuous g-computation draw for current_entgelt_value exceeded the extrapolation cap (observed training log-max=11.224, cap=14.224) on 1 of 587 simulated rows; these draws were truncated to the cap before being converted back to the original scale.
Continuous g-computation draw for current_entgelt_value exceeded the extrapolation cap (observed training log-max=11.224, cap=14.224) on 1 of 588 simulated rows; these draws were truncated to the cap before being converted back to the original scale.
Continuous g-computation draw for current_entgelt_value exceeded the extrapolation cap (observed training log-max=11.224, cap=14.224) on 2 of 587 simulated rows; these draws were truncated to the cap before being converted back to the original scale.
Continuous g-computation draw for current_entgelt_value exceeded the extrapolation cap (observed training log-max=11.224, cap=14.224) on 2 of 588 simulated rows; these draws were truncated to the cap before being converted back to the original scale.
Continuous g-computation draw for current_entgelt_value exceeded the extrapolation cap (observed training log-max=11.224, cap=14.224) on 1 of 587 simulated rows; these draws were truncated to the cap before being converted back to the original scale.
Continuous g-computation draw for current_entgelt_value exceeded the extrapolation cap (observed training log-max=11.224, cap=14.224) on 1 of 587 simulated rows; these draws were truncated to the cap before being converted back to the original scale.
Continuous g-computation draw for current_entgelt_value exceeded the extrapolation cap (observed training log-max=11.224, cap=14.224) on 1 of 588 simulated rows; these draws were truncated to the cap before being converted back to the original scale.
Continuous g-computation draw for current_entgelt_value exceeded the extrapolation cap (observed training log-max=11.224, cap=14.224) on 1 of 587 simulated rows; these draws were truncated to the cap before being converted back to the original scale.
Continuous g-computation draw for current_entgelt_value exceeded the extrapolation cap (observed training log-max=11.224, cap=14.224) on 1 of 587 simulated rows; these draws were truncated to the cap before being converted back to the original scale.
Continuous g-computation draw for current_entgelt_value exceeded the extrapolation cap (observed training log-max=11.224, cap=14.224) on 2 of 588 simulated rows; these draws were truncated to the cap before being converted back to the original scale.
Continuous g-computation draw for current_entgelt_value exceeded the extrapolation cap (observed training log-max=11.224, cap=14.224) on 2 of 587 simulated rows; these draws were truncated to the cap before being converted back to the original scale.
Continuous g-computation draw for current_entgelt_value exceeded the extrapolation cap (observed training log-max=11.224, cap=14.224) on 2 of 588 simulated rows; these draws were truncated to the cap before being converted back to the original scale.
Continuous g-computation draw for current_entgelt_value exceeded the extrapolation cap (observed training log-max=11.224, cap=14.224) on 3 of 587 simulated rows; these draws were truncated to the cap before being converted back to the original scale.
Continuous g-computation draw for current_entgelt_value exceeded the extrapolation cap (observed training log-max=11.224, cap=14.224) on 2 of 587 simulated rows; these draws were truncated to the cap before being converted back to the original scale.
Continuous g-computation draw for current_entgelt_value exceeded the extrapolation cap (observed training log-max=11.224, cap=14.224) on 1 of 588 simulated rows; these draws were truncated to the cap before being converted back to the original scale.
Continuous g-computation draw for current_entgelt_value exceeded the extrapolation cap (observed training log-max=11.224, cap=14.224) on 1 of 587 simulated rows; these draws were truncated to the cap before being converted back to the original scale.
Continuous g-computation draw for current_entgelt_value exceeded the extrapolation cap (observed training log-max=11.224, cap=14.224) on 1 of 588 simulated rows; these draws were truncated to the cap before being converted back to the original scale.
Continuous g-computation draw for current_entgelt_value exceeded the extrapolation cap (observed training log-max=11.224, cap=14.224) on 1 of 587 simulated rows; these draws were truncated to the cap before being converted back to the original scale.
Continuous g-computation draw for current_entgelt_value exceeded the extrapolation cap (observed training log-max=11.224, cap=14.224) on 1 of 588 simulated rows; these draws were truncated to the cap before being converted back to the original scale.
Continuous g-computation draw for current_entgelt_value exceeded the extrapolation cap (observed training log-max=11.224, cap=14.224) on 1 of 587 simulated rows; these draws were truncated to the cap before being converted back to the original scale.
Continuous g-computation draw for current_entgelt_value exceeded the extrapolation cap (observed training log-max=11.224, cap=14.224) on 2 of 588 simulated rows; these draws were truncated to the cap before being converted back to the original scale.
Continuous g-computation draw for current_entgelt_value exceeded the extrapolation cap (observed training log-max=11.224, cap=14.224) on 2 of 587 simulated rows; these draws were truncated to the cap before being converted back to the original scale.
Continuous g-computation draw for current_entgelt_value exceeded the extrapolation cap (observed training log-max=11.224, cap=14.224) on 1 of 588 simulated rows; these draws were truncated to the cap before being converted back to the original scale.
Continuous g-computation draw for current_entgelt_value exceeded the extrapolation cap (observed training log-max=11.224, cap=14.224) on 1 of 588 simulated rows; these draws were truncated to the cap before being converted back to the original scale.
Continuous g-computation draw for current_entgelt_value exceeded the extrapolation cap (observed training log-max=11.224, cap=14.224) on 2 of 587 simulated rows; these draws were truncated to the cap before being converted back to the original scale.
Continuous g-computation draw for current_entgelt_value exceeded the extrapolation cap (observed training log-max=11.224, cap=14.224) on 2 of 587 simulated rows; these draws were truncated to the cap before being converted back to the original scale.
Continuous g-computation draw for current_entgelt_value exceeded the extrapolation cap (observed training log-max=11.224, cap=14.224) on 1 of 587 simulated rows; these draws were truncated to the cap before being converted back to the original scale.
Continuous g-computation draw for current_entgelt_value exceeded the extrapolation cap (observed training log-max=11.224, cap=14.224) on 1 of 587 simulated rows; these draws were truncated to the cap before being converted back to the original scale.
Continuous g-computation draw for current_entgelt_value exceeded the extrapolation cap (observed training log-max=11.224, cap=14.224) on 1 of 587 simulated rows; these draws were truncated to the cap before being converted back to the original scale.
Continuous g-computation draw for current_entgelt_value exceeded the extrapolation cap (observed training log-max=11.224, cap=14.224) on 2 of 587 simulated rows; these draws were truncated to the cap before being converted back to the original scale.
Continuous g-computation draw for current_entgelt_value exceeded the extrapolation cap (observed training log-max=11.224, cap=14.224) on 1 of 587 simulated rows; these draws were truncated to the cap before being converted back to the original scale.
Continuous g-computation draw for current_entgelt_value exceeded the extrapolation cap (observed training log-max=11.224, cap=14.224) on 1 of 587 simulated rows; these draws were truncated to the cap before being converted back to the original scale.
Continuous g-computation draw for current_entgelt_value exceeded the extrapolation cap (observed training log-max=11.224, cap=14.224) on 1 of 587 simulated rows; these draws were truncated to the cap before being converted back to the original scale.
Continuous g-computation draw for current_entgelt_value exceeded the extrapolation cap (observed training log-max=11.224, cap=14.224) on 1 of 588 simulated rows; these draws were truncated to the cap before being converted back to the original scale.
Continuous g-computation draw for current_entgelt_value exceeded the extrapolation cap (observed training log-max=11.224, cap=14.224) on 1 of 587 simulated rows; these draws were truncated to the cap before being converted back to the original scale.
Continuous g-computation draw for current_entgelt_value exceeded the extrapolation cap (observed training log-max=11.224, cap=14.224) on 4 of 587 simulated rows; these draws were truncated to the cap before being converted back to the original scale.
Continuous g-computation draw for current_entgelt_value exceeded the extrapolation cap (observed training log-max=11.224, cap=14.224) on 1 of 588 simulated rows; these draws were truncated to the cap before being converted back to the original scale.
Continuous g-computation draw for current_entgelt_value exceeded the extrapolation cap (observed training log-max=11.224, cap=14.224) on 1 of 588 simulated rows; these draws were truncated to the cap before being converted back to the original scale.
Continuous g-computation draw for current_entgelt_value exceeded the extrapolation cap (observed training log-max=11.224, cap=14.224) on 1 of 587 simulated rows; these draws were truncated to the cap before being converted back to the original scale.
Continuous g-computation draw for current_entgelt_value exceeded the extrapolation cap (observed training log-max=11.224, cap=14.224) on 1 of 588 simulated rows; these draws were truncated to the cap before being converted back to the original scale.
Continuous g-computation draw for current_entgelt_value exceeded the extrapolation cap (observed training log-max=11.224, cap=14.224) on 1 of 587 simulated rows; these draws were truncated to the cap before being converted back to the original scale.
Continuous g-computation draw for current_entgelt_value exceeded the extrapolation cap (observed training log-max=11.224, cap=14.224) on 2 of 587 simulated rows; these draws were truncated to the cap before being converted back to the original scale.
Continuous g-computation draw for current_entgelt_value exceeded the extrapolation cap (observed training log-max=11.224, cap=14.224) on 2 of 588 simulated rows; these draws were truncated to the cap before being converted back to the original scale.
Continuous g-computation draw for current_entgelt_value exceeded the extrapolation cap (observed training log-max=11.224, cap=14.224) on 1 of 587 simulated rows; these draws were truncated to the cap before being converted back to the original scale.
Continuous g-computation draw for current_entgelt_value exceeded the extrapolation cap (observed training log-max=11.224, cap=14.224) on 1 of 587 simulated rows; these draws were truncated to the cap before being converted back to the original scale.
Continuous g-computation draw for current_entgelt_value exceeded the extrapolation cap (observed training log-max=11.224, cap=14.224) on 2 of 587 simulated rows; these draws were truncated to the cap before being converted back to the original scale.
Continuous g-computation draw for current_entgelt_value exceeded the extrapolation cap (observed training log-max=11.224, cap=14.224) on 2 of 588 simulated rows; these draws were truncated to the cap before being converted back to the original scale.
Continuous g-computation draw for current_entgelt_value exceeded the extrapolation cap (observed training log-max=11.224, cap=14.224) on 1 of 587 simulated rows; these draws were truncated to the cap before being converted back to the original scale.
Continuous g-computation draw for current_entgelt_value exceeded the extrapolation cap (observed training log-max=11.224, cap=14.224) on 1 of 587 simulated rows; these draws were truncated to the cap before being converted back to the original scale.
Continuous g-computation draw for current_entgelt_value exceeded the extrapolation cap (observed training log-max=11.224, cap=14.224) on 3 of 587 simulated rows; these draws were truncated to the cap before being converted back to the original scale.
Continuous g-computation draw for current_entgelt_value exceeded the extrapolation cap (observed training log-max=11.224, cap=14.224) on 1 of 588 simulated rows; these draws were truncated to the cap before being converted back to the original scale.
Continuous g-computation draw for current_entgelt_value exceeded the extrapolation cap (observed training log-max=11.224, cap=14.224) on 1 of 588 simulated rows; these draws were truncated to the cap before being converted back to the original scale.
Continuous g-computation draw for current_entgelt_value exceeded the extrapolation cap (observed training log-max=11.224, cap=14.224) on 1 of 588 simulated rows; these draws were truncated to the cap before being converted back to the original scale.
Continuous g-computation draw for current_entgelt_value exceeded the extrapolation cap (observed training log-max=11.224, cap=14.224) on 2 of 587 simulated rows; these draws were truncated to the cap before being converted back to the original scale.
Continuous g-computation draw for current_entgelt_value exceeded the extrapolation cap (observed training log-max=11.224, cap=14.224) on 2 of 588 simulated rows; these draws were truncated to the cap before being converted back to the original scale.
Continuous g-computation draw for current_entgelt_value exceeded the extrapolation cap (observed training log-max=11.224, cap=14.224) on 1 of 587 simulated rows; these draws were truncated to the cap before being converted back to the original scale.
Continuous g-computation draw for current_entgelt_value exceeded the extrapolation cap (observed training log-max=11.224, cap=14.224) on 1 of 588 simulated rows; these draws were truncated to the cap before being converted back to the original scale.
Continuous g-computation draw for current_entgelt_value exceeded the extrapolation cap (observed training log-max=11.224, cap=14.224) on 5 of 587 simulated rows; these draws were truncated to the cap before being converted back to the original scale.
Continuous g-computation draw for current_entgelt_value exceeded the extrapolation cap (observed training log-max=11.224, cap=14.224) on 2 of 588 simulated rows; these draws were truncated to the cap before being converted back to the original scale.
Continuous g-computation draw for current_entgelt_value exceeded the extrapolation cap (observed training log-max=11.224, cap=14.224) on 2 of 588 simulated rows; these draws were truncated to the cap before being converted back to the original scale.
Continuous g-computation draw for current_entgelt_value exceeded the extrapolation cap (observed training log-max=11.224, cap=14.224) on 3 of 588 simulated rows; these draws were truncated to the cap before being converted back to the original scale.
Continuous g-computation draw for current_entgelt_value exceeded the extrapolation cap (observed training log-max=11.224, cap=14.224) on 1 of 587 simulated rows; these draws were truncated to the cap before being converted back to the original scale.
Continuous g-computation draw for current_entgelt_value exceeded the extrapolation cap (observed training log-max=11.224, cap=14.224) on 2 of 587 simulated rows; these draws were truncated to the cap before being converted back to the original scale.
Continuous g-computation draw for current_entgelt_value exceeded the extrapolation cap (observed training log-max=11.224, cap=14.224) on 1 of 588 simulated rows; these draws were truncated to the cap before being converted back to the original scale.
Continuous g-computation draw for current_entgelt_value exceeded the extrapolation cap (observed training log-max=11.224, cap=14.224) on 4 of 587 simulated rows; these draws were truncated to the cap before being converted back to the original scale.
Continuous g-computation draw for current_entgelt_value exceeded the extrapolation cap (observed training log-max=11.224, cap=14.224) on 2 of 588 simulated rows; these draws were truncated to the cap before being converted back to the original scale.
Continuous g-computation draw for current_entgelt_value exceeded the extrapolation cap (observed training log-max=11.224, cap=14.224) on 2 of 587 simulated rows; these draws were truncated to the cap before being converted back to the original scale.
Continuous g-computation draw for current_entgelt_value exceeded the extrapolation cap (observed training log-max=11.224, cap=14.224) on 2 of 588 simulated rows; these draws were truncated to the cap before being converted back to the original scale.
Continuous g-computation draw for current_entgelt_value exceeded the extrapolation cap (observed training log-max=11.224, cap=14.224) on 2 of 587 simulated rows; these draws were truncated to the cap before being converted back to the original scale.
Continuous g-computation draw for current_entgelt_value exceeded the extrapolation cap (observed training log-max=11.224, cap=14.224) on 3 of 587 simulated rows; these draws were truncated to the cap before being converted back to the original scale.
Continuous g-computation draw for current_entgelt_value exceeded the extrapolation cap (observed training log-max=11.224, cap=14.224) on 1 of 588 simulated rows; these draws were truncated to the cap before being converted back to the original scale.
Continuous g-computation draw for current_entgelt_value exceeded the extrapolation cap (observed training log-max=11.224, cap=14.224) on 1 of 587 simulated rows; these draws were truncated to the cap before being converted back to the original scale.
Continuous g-computation draw for current_entgelt_value exceeded the extrapolation cap (observed training log-max=11.224, cap=14.224) on 2 of 587 simulated rows; these draws were truncated to the cap before being converted back to the original scale.
Continuous g-computation draw for current_entgelt_value exceeded the extrapolation cap (observed training log-max=11.224, cap=14.224) on 2 of 588 simulated rows; these draws were truncated to the cap before being converted back to the original scale.
Continuous g-computation draw for current_entgelt_value exceeded the extrapolation cap (observed training log-max=11.224, cap=14.224) on 1 of 588 simulated rows; these draws were truncated to the cap before being converted back to the original scale.
Continuous g-computation draw for current_entgelt_value exceeded the extrapolation cap (observed training log-max=11.224, cap=14.224) on 2 of 587 simulated rows; these draws were truncated to the cap before being converted back to the original scale.
Continuous g-computation draw for current_entgelt_value exceeded the extrapolation cap (observed training log-max=11.224, cap=14.224) on 1 of 587 simulated rows; these draws were truncated to the cap before being converted back to the original scale.
Continuous g-computation draw for current_entgelt_value exceeded the extrapolation cap (observed training log-max=11.224, cap=14.224) on 1 of 588 simulated rows; these draws were truncated to the cap before being converted back to the original scale.
Continuous g-computation draw for current_entgelt_value exceeded the extrapolation cap (observed training log-max=11.224, cap=14.224) on 1 of 587 simulated rows; these draws were truncated to the cap before being converted back to the original scale.
Continuous g-computation draw for current_entgelt_value exceeded the extrapolation cap (observed training log-max=11.224, cap=14.224) on 2 of 588 simulated rows; these draws were truncated to the cap before being converted back to the original scale.
Continuous g-computation draw for current_entgelt_value exceeded the extrapolation cap (observed training log-max=11.224, cap=14.224) on 3 of 587 simulated rows; these draws were truncated to the cap before being converted back to the original scale.
Continuous g-computation draw for current_entgelt_value exceeded the extrapolation cap (observed training log-max=11.224, cap=14.224) on 2 of 588 simulated rows; these draws were truncated to the cap before being converted back to the original scale.
Continuous g-computation draw for current_entgelt_value exceeded the extrapolation cap (observed training log-max=11.224, cap=14.224) on 1 of 587 simulated rows; these draws were truncated to the cap before being converted back to the original scale.
Continuous g-computation draw for current_entgelt_value exceeded the extrapolation cap (observed training log-max=11.224, cap=14.224) on 2 of 587 simulated rows; these draws were truncated to the cap before being converted back to the original scale.
Continuous g-computation draw for current_entgelt_value exceeded the extrapolation cap (observed training log-max=11.224, cap=14.224) on 1 of 588 simulated rows; these draws were truncated to the cap before being converted back to the original scale.
Continuous g-computation draw for current_entgelt_value exceeded the extrapolation cap (observed training log-max=11.224, cap=14.224) on 1 of 587 simulated rows; these draws were truncated to the cap before being converted back to the original scale.
Continuous g-computation draw for current_entgelt_value exceeded the extrapolation cap (observed training log-max=11.224, cap=14.224) on 1 of 588 simulated rows; these draws were truncated to the cap before being converted back to the original scale.
Continuous g-computation draw for current_entgelt_value exceeded the extrapolation cap (observed training log-max=11.224, cap=14.224) on 2 of 587 simulated rows; these draws were truncated to the cap before being converted back to the original scale.
Continuous g-computation draw for current_entgelt_value exceeded the extrapolation cap (observed training log-max=11.224, cap=14.224) on 1 of 588 simulated rows; these draws were truncated to the cap before being converted back to the original scale.
Continuous g-computation draw for current_entgelt_value exceeded the extrapolation cap (observed training log-max=11.224, cap=14.224) on 3 of 587 simulated rows; these draws were truncated to the cap before being converted back to the original scale.
Continuous g-computation draw for current_entgelt_value exceeded the extrapolation cap (observed training log-max=11.224, cap=14.224) on 2 of 588 simulated rows; these draws were truncated to the cap before being converted back to the original scale.
Continuous g-computation draw for current_entgelt_value exceeded the extrapolation cap (observed training log-max=11.224, cap=14.224) on 2 of 587 simulated rows; these draws were truncated to the cap before being converted back to the original scale.
Continuous g-computation draw for current_entgelt_value exceeded the extrapolation cap (observed training log-max=11.224, cap=14.224) on 1 of 587 simulated rows; these draws were truncated to the cap before being converted back to the original scale.
Continuous g-computation draw for current_entgelt_value exceeded the extrapolation cap (observed training log-max=11.224, cap=14.224) on 2 of 587 simulated rows; these draws were truncated to the cap before being converted back to the original scale.
Continuous g-computation draw for current_entgelt_value exceeded the extrapolation cap (observed training log-max=11.224, cap=14.224) on 2 of 588 simulated rows; these draws were truncated to the cap before being converted back to the original scale.
Continuous g-computation draw for current_entgelt_value exceeded the extrapolation cap (observed training log-max=11.224, cap=14.224) on 1 of 587 simulated rows; these draws were truncated to the cap before being converted back to the original scale.
Continuous g-computation draw for current_entgelt_value exceeded the extrapolation cap (observed training log-max=11.224, cap=14.224) on 3 of 588 simulated rows; these draws were truncated to the cap before being converted back to the original scale.
Continuous g-computation draw for current_entgelt_value exceeded the extrapolation cap (observed training log-max=11.224, cap=14.224) on 1 of 588 simulated rows; these draws were truncated to the cap before being converted back to the original scale.
Continuous g-computation draw for current_entgelt_value exceeded the extrapolation cap (observed training log-max=11.224, cap=14.224) on 1 of 587 simulated rows; these draws were truncated to the cap before being converted back to the original scale.
Continuous g-computation draw for current_entgelt_value exceeded the extrapolation cap (observed training log-max=11.224, cap=14.224) on 3 of 587 simulated rows; these draws were truncated to the cap before being converted back to the original scale.
Continuous g-computation draw for current_entgelt_value exceeded the extrapolation cap (observed training log-max=11.224, cap=14.224) on 1 of 587 simulated rows; these draws were truncated to the cap before being converted back to the original scale.
Continuous g-computation draw for current_entgelt_value exceeded the extrapolation cap (observed training log-max=11.224, cap=14.224) on 1 of 587 simulated rows; these draws were truncated to the cap before being converted back to the original scale.
Continuous g-computation draw for current_entgelt_value exceeded the extrapolation cap (observed training log-max=11.224, cap=14.224) on 1 of 588 simulated rows; these draws were truncated to the cap before being converted back to the original scale.
Continuous g-computation draw for current_entgelt_value exceeded the extrapolation cap (observed training log-max=11.224, cap=14.224) on 2 of 588 simulated rows; these draws were truncated to the cap before being converted back to the original scale.
Continuous g-computation draw for current_entgelt_value exceeded the extrapolation cap (observed training log-max=11.224, cap=14.224) on 1 of 587 simulated rows; these draws were truncated to the cap before being converted back to the original scale.
Continuous g-computation draw for current_entgelt_value exceeded the extrapolation cap (observed training log-max=11.224, cap=14.224) on 1 of 588 simulated rows; these draws were truncated to the cap before being converted back to the original scale.
Continuous g-computation draw for current_entgelt_value exceeded the extrapolation cap (observed training log-max=11.224, cap=14.224) on 1 of 587 simulated rows; these draws were truncated to the cap before being converted back to the original scale.
Continuous g-computation draw for current_entgelt_value exceeded the extrapolation cap (observed training log-max=11.224, cap=14.224) on 1 of 588 simulated rows; these draws were truncated to the cap before being converted back to the original scale.
Continuous g-computation draw for current_entgelt_value exceeded the extrapolation cap (observed training log-max=11.224, cap=14.224) on 1 of 587 simulated rows; these draws were truncated to the cap before being converted back to the original scale.
Continuous g-computation draw for current_entgelt_value exceeded the extrapolation cap (observed training log-max=11.224, cap=14.224) on 1 of 588 simulated rows; these draws were truncated to the cap before being converted back to the original scale.
Continuous g-computation draw for current_entgelt_value exceeded the extrapolation cap (observed training log-max=11.224, cap=14.224) on 1 of 587 simulated rows; these draws were truncated to the cap before being converted back to the original scale.
Continuous g-computation draw for current_entgelt_value exceeded the extrapolation cap (observed training log-max=11.224, cap=14.224) on 1 of 587 simulated rows; these draws were truncated to the cap before being converted back to the original scale.
Continuous g-computation draw for current_entgelt_value exceeded the extrapolation cap (observed training log-max=11.224, cap=14.224) on 2 of 587 simulated rows; these draws were truncated to the cap before being converted back to the original scale.
Continuous g-computation draw for current_entgelt_value exceeded the extrapolation cap (observed training log-max=11.224, cap=14.224) on 1 of 588 simulated rows; these draws were truncated to the cap before being converted back to the original scale.
Continuous g-computation draw for current_entgelt_value exceeded the extrapolation cap (observed training log-max=11.224, cap=14.224) on 1 of 587 simulated rows; these draws were truncated to the cap before being converted back to the original scale.
Continuous g-computation draw for current_entgelt_value exceeded the extrapolation cap (observed training log-max=11.224, cap=14.224) on 2 of 587 simulated rows; these draws were truncated to the cap before being converted back to the original scale.
Continuous g-computation draw for current_entgelt_value exceeded the extrapolation cap (observed training log-max=11.224, cap=14.224) on 2 of 588 simulated rows; these draws were truncated to the cap before being converted back to the original scale.
Continuous g-computation draw for current_entgelt_value exceeded the extrapolation cap (observed training log-max=11.224, cap=14.224) on 1 of 587 simulated rows; these draws were truncated to the cap before being converted back to the original scale.
Continuous g-computation draw for current_entgelt_value exceeded the extrapolation cap (observed training log-max=11.224, cap=14.224) on 2 of 588 simulated rows; these draws were truncated to the cap before being converted back to the original scale.
Continuous g-computation draw for current_entgelt_value exceeded the extrapolation cap (observed training log-max=11.224, cap=14.224) on 1 of 587 simulated rows; these draws were truncated to the cap before being converted back to the original scale.
Continuous g-computation draw for current_entgelt_value exceeded the extrapolation cap (observed training log-max=11.224, cap=14.224) on 1 of 587 simulated rows; these draws were truncated to the cap before being converted back to the original scale.
Continuous g-computation draw for current_entgelt_value exceeded the extrapolation cap (observed training log-max=11.224, cap=14.224) on 2 of 587 simulated rows; these draws were truncated to the cap before being converted back to the original scale.
Continuous g-computation draw for current_entgelt_value exceeded the extrapolation cap (observed training log-max=11.224, cap=14.224) on 3 of 587 simulated rows; these draws were truncated to the cap before being converted back to the original scale.
Continuous g-computation draw for current_entgelt_value exceeded the extrapolation cap (observed training log-max=11.224, cap=14.224) on 3 of 588 simulated rows; these draws were truncated to the cap before being converted back to the original scale.
Continuous g-computation draw for current_entgelt_value exceeded the extrapolation cap (observed training log-max=11.224, cap=14.224) on 3 of 587 simulated rows; these draws were truncated to the cap before being converted back to the original scale.
Continuous g-computation draw for current_entgelt_value exceeded the extrapolation cap (observed training log-max=11.224, cap=14.224) on 1 of 588 simulated rows; these draws were truncated to the cap before being converted back to the original scale.
Continuous g-computation draw for current_entgelt_value exceeded the extrapolation cap (observed training log-max=11.224, cap=14.224) on 2 of 588 simulated rows; these draws were truncated to the cap before being converted back to the original scale.
Continuous g-computation draw for current_entgelt_value exceeded the extrapolation cap (observed training log-max=11.224, cap=14.224) on 1 of 587 simulated rows; these draws were truncated to the cap before being converted back to the original scale.
Continuous g-computation draw for current_entgelt_value exceeded the extrapolation cap (observed training log-max=11.224, cap=14.224) on 3 of 588 simulated rows; these draws were truncated to the cap before being converted back to the original scale.
Continuous g-computation draw for current_entgelt_value exceeded the extrapolation cap (observed training log-max=11.224, cap=14.224) on 2 of 587 simulated rows; these draws were truncated to the cap before being converted back to the original scale.
Continuous g-computation draw for current_entgelt_value exceeded the extrapolation cap (observed training log-max=11.224, cap=14.224) on 2 of 587 simulated rows; these draws were truncated to the cap before being converted back to the original scale.
Continuous g-computation draw for current_entgelt_value exceeded the extrapolation cap (observed training log-max=11.224, cap=14.224) on 4 of 587 simulated rows; these draws were truncated to the cap before being converted back to the original scale.
Continuous g-computation draw for current_entgelt_value exceeded the extrapolation cap (observed training log-max=11.224, cap=14.224) on 1 of 587 simulated rows; these draws were truncated to the cap before being converted back to the original scale.
Continuous g-computation draw for current_entgelt_value exceeded the extrapolation cap (observed training log-max=11.224, cap=14.224) on 1 of 588 simulated rows; these draws were truncated to the cap before being converted back to the original scale.
Continuous g-computation draw for current_entgelt_value exceeded the extrapolation cap (observed training log-max=11.224, cap=14.224) on 2 of 587 simulated rows; these draws were truncated to the cap before being converted back to the original scale.
Continuous g-computation draw for current_entgelt_value exceeded the extrapolation cap (observed training log-max=11.224, cap=14.224) on 1 of 588 simulated rows; these draws were truncated to the cap before being converted back to the original scale.
Continuous g-computation draw for current_entgelt_value exceeded the extrapolation cap (observed training log-max=11.224, cap=14.224) on 2 of 587 simulated rows; these draws were truncated to the cap before being converted back to the original scale.
Continuous g-computation draw for current_entgelt_value exceeded the extrapolation cap (observed training log-max=11.224, cap=14.224) on 1 of 588 simulated rows; these draws were truncated to the cap before being converted back to the original scale.
Continuous g-computation draw for current_entgelt_value exceeded the extrapolation cap (observed training log-max=11.224, cap=14.224) on 1 of 587 simulated rows; these draws were truncated to the cap before being converted back to the original scale.
Continuous g-computation draw for current_entgelt_value exceeded the extrapolation cap (observed training log-max=11.224, cap=14.224) on 3 of 588 simulated rows; these draws were truncated to the cap before being converted back to the original scale.
Continuous g-computation draw for current_entgelt_value exceeded the extrapolation cap (observed training log-max=11.224, cap=14.224) on 1 of 587 simulated rows; these draws were truncated to the cap before being converted back to the original scale.
Continuous g-computation draw for current_entgelt_value exceeded the extrapolation cap (observed training log-max=11.224, cap=14.224) on 2 of 588 simulated rows; these draws were truncated to the cap before being converted back to the original scale.
Continuous g-computation draw for current_entgelt_value exceeded the extrapolation cap (observed training log-max=11.224, cap=14.224) on 1 of 587 simulated rows; these draws were truncated to the cap before being converted back to the original scale.
Continuous g-computation draw for current_entgelt_value exceeded the extrapolation cap (observed training log-max=11.224, cap=14.224) on 1 of 587 simulated rows; these draws were truncated to the cap before being converted back to the original scale.
Continuous g-computation draw for current_entgelt_value exceeded the extrapolation cap (observed training log-max=11.224, cap=14.224) on 1 of 588 simulated rows; these draws were truncated to the cap before being converted back to the original scale.
Continuous g-computation draw for current_entgelt_value exceeded the extrapolation cap (observed training log-max=11.224, cap=14.224) on 1 of 588 simulated rows; these draws were truncated to the cap before being converted back to the original scale.
Continuous g-computation draw for current_entgelt_value exceeded the extrapolation cap (observed training log-max=11.224, cap=14.224) on 2 of 587 simulated rows; these draws were truncated to the cap before being converted back to the original scale.
Continuous g-computation draw for current_entgelt_value exceeded the extrapolation cap (observed training log-max=11.224, cap=14.224) on 1 of 588 simulated rows; these draws were truncated to the cap before being converted back to the original scale.
Continuous g-computation draw for current_entgelt_value exceeded the extrapolation cap (observed training log-max=11.224, cap=14.224) on 1 of 588 simulated rows; these draws were truncated to the cap before being converted back to the original scale.
Continuous g-computation draw for current_entgelt_value exceeded the extrapolation cap (observed training log-max=11.224, cap=14.224) on 1 of 588 simulated rows; these draws were truncated to the cap before being converted back to the original scale.
Continuous g-computation draw for current_entgelt_value exceeded the extrapolation cap (observed training log-max=11.224, cap=14.224) on 2 of 587 simulated rows; these draws were truncated to the cap before being converted back to the original scale.
Continuous g-computation draw for current_entgelt_value exceeded the extrapolation cap (observed training log-max=11.224, cap=14.224) on 1 of 587 simulated rows; these draws were truncated to the cap before being converted back to the original scale.
Continuous g-computation draw for current_entgelt_value exceeded the extrapolation cap (observed training log-max=11.224, cap=14.224) on 2 of 588 simulated rows; these draws were truncated to the cap before being converted back to the original scale.
Continuous g-computation draw for current_entgelt_value exceeded the extrapolation cap (observed training log-max=11.224, cap=14.224) on 1 of 588 simulated rows; these draws were truncated to the cap before being converted back to the original scale.
Continuous g-computation draw for current_entgelt_value exceeded the extrapolation cap (observed training log-max=11.224, cap=14.224) on 2 of 588 simulated rows; these draws were truncated to the cap before being converted back to the original scale.
Continuous g-computation draw for current_entgelt_value exceeded the extrapolation cap (observed training log-max=11.224, cap=14.224) on 1 of 587 simulated rows; these draws were truncated to the cap before being converted back to the original scale.
Continuous g-computation draw for current_entgelt_value exceeded the extrapolation cap (observed training log-max=11.224, cap=14.224) on 1 of 588 simulated rows; these draws were truncated to the cap before being converted back to the original scale.
Continuous g-computation draw for current_entgelt_value exceeded the extrapolation cap (observed training log-max=11.224, cap=14.224) on 1 of 587 simulated rows; these draws were truncated to the cap before being converted back to the original scale.
Continuous g-computation draw for current_entgelt_value exceeded the extrapolation cap (observed training log-max=11.224, cap=14.224) on 1 of 588 simulated rows; these draws were truncated to the cap before being converted back to the original scale.
Continuous g-computation draw for current_entgelt_value exceeded the extrapolation cap (observed training log-max=11.224, cap=14.224) on 1 of 587 simulated rows; these draws were truncated to the cap before being converted back to the original scale.
Continuous g-computation draw for current_entgelt_value exceeded the extrapolation cap (observed training log-max=11.224, cap=14.224) on 1 of 588 simulated rows; these draws were truncated to the cap before being converted back to the original scale.
Continuous g-computation draw for current_entgelt_value exceeded the extrapolation cap (observed training log-max=11.224, cap=14.224) on 2 of 587 simulated rows; these draws were truncated to the cap before being converted back to the original scale.
Continuous g-computation draw for current_entgelt_value exceeded the extrapolation cap (observed training log-max=11.224, cap=14.224) on 1 of 588 simulated rows; these draws were truncated to the cap before being converted back to the original scale.
Continuous g-computation draw for current_entgelt_value exceeded the extrapolation cap (observed training log-max=11.224, cap=14.224) on 1 of 588 simulated rows; these draws were truncated to the cap before being converted back to the original scale.
Continuous g-computation draw for current_entgelt_value exceeded the extrapolation cap (observed training log-max=11.224, cap=14.224) on 1 of 587 simulated rows; these draws were truncated to the cap before being converted back to the original scale.
Continuous g-computation draw for current_entgelt_value exceeded the extrapolation cap (observed training log-max=11.224, cap=14.224) on 1 of 588 simulated rows; these draws were truncated to the cap before being converted back to the original scale.
Continuous g-computation draw for current_entgelt_value exceeded the extrapolation cap (observed training log-max=11.224, cap=14.224) on 2 of 588 simulated rows; these draws were truncated to the cap before being converted back to the original scale.
Continuous g-computation draw for current_entgelt_value exceeded the extrapolation cap (observed training log-max=11.224, cap=14.224) on 1 of 587 simulated rows; these draws were truncated to the cap before being converted back to the original scale.
Continuous g-computation draw for current_entgelt_value exceeded the extrapolation cap (observed training log-max=11.224, cap=14.224) on 2 of 588 simulated rows; these draws were truncated to the cap before being converted back to the original scale.
Continuous g-computation draw for current_entgelt_value exceeded the extrapolation cap (observed training log-max=11.224, cap=14.224) on 1 of 587 simulated rows; these draws were truncated to the cap before being converted back to the original scale.
Continuous g-computation draw for current_entgelt_value exceeded the extrapolation cap (observed training log-max=11.224, cap=14.224) on 2 of 588 simulated rows; these draws were truncated to the cap before being converted back to the original scale.
Continuous g-computation draw for current_entgelt_value exceeded the extrapolation cap (observed training log-max=11.224, cap=14.224) on 1 of 588 simulated rows; these draws were truncated to the cap before being converted back to the original scale.
Continuous g-computation draw for current_entgelt_value exceeded the extrapolation cap (observed training log-max=11.224, cap=14.224) on 1 of 588 simulated rows; these draws were truncated to the cap before being converted back to the original scale.
Continuous g-computation draw for current_entgelt_value exceeded the extrapolation cap (observed training log-max=11.224, cap=14.224) on 1 of 587 simulated rows; these draws were truncated to the cap before being converted back to the original scale.
Continuous g-computation draw for current_entgelt_value exceeded the extrapolation cap (observed training log-max=11.224, cap=14.224) on 3 of 587 simulated rows; these draws were truncated to the cap before being converted back to the original scale.
Continuous g-computation draw for current_entgelt_value exceeded the extrapolation cap (observed training log-max=11.224, cap=14.224) on 1 of 588 simulated rows; these draws were truncated to the cap before being converted back to the original scale.
Continuous g-computation draw for current_entgelt_value exceeded the extrapolation cap (observed training log-max=11.224, cap=14.224) on 3 of 587 simulated rows; these draws were truncated to the cap before being converted back to the original scale.
Continuous g-computation draw for current_entgelt_value exceeded the extrapolation cap (observed training log-max=11.224, cap=14.224) on 1 of 588 simulated rows; these draws were truncated to the cap before being converted back to the original scale.
Continuous g-computation draw for current_entgelt_value exceeded the extrapolation cap (observed training log-max=11.224, cap=14.224) on 1 of 587 simulated rows; these draws were truncated to the cap before being converted back to the original scale.
Continuous g-computation draw for current_entgelt_value exceeded the extrapolation cap (observed training log-max=11.224, cap=14.224) on 2 of 588 simulated rows; these draws were truncated to the cap before being converted back to the original scale.
Continuous g-computation draw for current_entgelt_value exceeded the extrapolation cap (observed training log-max=11.224, cap=14.224) on 1 of 587 simulated rows; these draws were truncated to the cap before being converted back to the original scale.
Continuous g-computation draw for current_entgelt_value exceeded the extrapolation cap (observed training log-max=11.224, cap=14.224) on 1 of 588 simulated rows; these draws were truncated to the cap before being converted back to the original scale.
Continuous g-computation draw for current_entgelt_value exceeded the extrapolation cap (observed training log-max=11.224, cap=14.224) on 1 of 587 simulated rows; these draws were truncated to the cap before being converted back to the original scale.
Continuous g-computation draw for current_entgelt_value exceeded the extrapolation cap (observed training log-max=11.224, cap=14.224) on 2 of 588 simulated rows; these draws were truncated to the cap before being converted back to the original scale.
Continuous g-computation draw for current_entgelt_value exceeded the extrapolation cap (observed training log-max=11.224, cap=14.224) on 4 of 587 simulated rows; these draws were truncated to the cap before being converted back to the original scale.
Continuous g-computation draw for current_entgelt_value exceeded the extrapolation cap (observed training log-max=11.224, cap=14.224) on 1 of 588 simulated rows; these draws were truncated to the cap before being converted back to the original scale.
Continuous g-computation draw for current_entgelt_value exceeded the extrapolation cap (observed training log-max=11.224, cap=14.224) on 1 of 588 simulated rows; these draws were truncated to the cap before being converted back to the original scale.
Continuous g-computation draw for current_entgelt_value exceeded the extrapolation cap (observed training log-max=11.224, cap=14.224) on 1 of 587 simulated rows; these draws were truncated to the cap before being converted back to the original scale.
2026-09-17 13:42:27,198 [INFO] __main__: Longitudinal mediation bootstrap: 18/20 replications completed (18 successful)
Continuous g-computation draw for current_entgelt_value exceeded the extrapolation cap (observed training log-max=11.073, cap=14.073) on 1 of 594 simulated rows; these draws were truncated to the cap before being converted back to the original scale.
Continuous g-computation draw for current_entgelt_value exceeded the extrapolation cap (observed training log-max=11.073, cap=14.073) on 1 of 594 simulated rows; these draws were truncated to the cap before being converted back to the original scale.
Continuous g-computation draw for current_entgelt_value exceeded the extrapolation cap (observed training log-max=11.073, cap=14.073) on 1 of 594 simulated rows; these draws were truncated to the cap before being converted back to the original scale.
Continuous g-computation draw for current_entgelt_value exceeded the extrapolation cap (observed training log-max=11.073, cap=14.073) on 1 of 594 simulated rows; these draws were truncated to the cap before being converted back to the original scale.
Continuous g-computation draw for current_entgelt_value exceeded the extrapolation cap (observed training log-max=11.073, cap=14.073) on 2 of 594 simulated rows; these draws were truncated to the cap before being converted back to the original scale.
Continuous g-computation draw for current_entgelt_value exceeded the extrapolation cap (observed training log-max=11.073, cap=14.073) on 2 of 594 simulated rows; these draws were truncated to the cap before being converted back to the original scale.
Continuous g-computation draw for current_entgelt_value exceeded the extrapolation cap (observed training log-max=11.073, cap=14.073) on 3 of 594 simulated rows; these draws were truncated to the cap before being converted back to the original scale.
Continuous g-computation draw for current_entgelt_value exceeded the extrapolation cap (observed training log-max=11.073, cap=14.073) on 1 of 594 simulated rows; these draws were truncated to the cap before being converted back to the original scale.
Continuous g-computation draw for current_entgelt_value exceeded the extrapolation cap (observed training log-max=11.073, cap=14.073) on 3 of 594 simulated rows; these draws were truncated to the cap before being converted back to the original scale.
Continuous g-computation draw for current_entgelt_value exceeded the extrapolation cap (observed training log-max=11.073, cap=14.073) on 4 of 594 simulated rows; these draws were truncated to the cap before being converted back to the original scale.
Continuous g-computation draw for current_entgelt_value exceeded the extrapolation cap (observed training log-max=11.073, cap=14.073) on 5 of 594 simulated rows; these draws were truncated to the cap before being converted back to the original scale.
Continuous g-computation draw for current_entgelt_value exceeded the extrapolation cap (observed training log-max=11.073, cap=14.073) on 2 of 594 simulated rows; these draws were truncated to the cap before being converted back to the original scale.
Continuous g-computation draw for current_entgelt_value exceeded the extrapolation cap (observed training log-max=11.073, cap=14.073) on 3 of 594 simulated rows; these draws were truncated to the cap before being converted back to the original scale.
Continuous g-computation draw for current_entgelt_value exceeded the extrapolation cap (observed training log-max=11.073, cap=14.073) on 1 of 594 simulated rows; these draws were truncated to the cap before being converted back to the original scale.
Continuous g-computation draw for current_entgelt_value exceeded the extrapolation cap (observed training log-max=11.073, cap=14.073) on 2 of 594 simulated rows; these draws were truncated to the cap before being converted back to the original scale.
Continuous g-computation draw for current_entgelt_value exceeded the extrapolation cap (observed training log-max=11.073, cap=14.073) on 1 of 594 simulated rows; these draws were truncated to the cap before being converted back to the original scale.
Continuous g-computation draw for current_entgelt_value exceeded the extrapolation cap (observed training log-max=11.073, cap=14.073) on 1 of 594 simulated rows; these draws were truncated to the cap before being converted back to the original scale.
Continuous g-computation draw for current_entgelt_value exceeded the extrapolation cap (observed training log-max=11.073, cap=14.073) on 4 of 594 simulated rows; these draws were truncated to the cap before being converted back to the original scale.
Continuous g-computation draw for current_entgelt_value exceeded the extrapolation cap (observed training log-max=11.073, cap=14.073) on 2 of 594 simulated rows; these draws were truncated to the cap before being converted back to the original scale.
Continuous g-computation draw for current_entgelt_value exceeded the extrapolation cap (observed training log-max=11.073, cap=14.073) on 1 of 594 simulated rows; these draws were truncated to the cap before being converted back to the original scale.
Continuous g-computation draw for current_entgelt_value exceeded the extrapolation cap (observed training log-max=11.073, cap=14.073) on 3 of 594 simulated rows; these draws were truncated to the cap before being converted back to the original scale.
Continuous g-computation draw for current_entgelt_value exceeded the extrapolation cap (observed training log-max=11.073, cap=14.073) on 3 of 594 simulated rows; these draws were truncated to the cap before being converted back to the original scale.
Continuous g-computation draw for current_entgelt_value exceeded the extrapolation cap (observed training log-max=11.073, cap=14.073) on 1 of 594 simulated rows; these draws were truncated to the cap before being converted back to the original scale.
Continuous g-computation draw for current_entgelt_value exceeded the extrapolation cap (observed training log-max=11.073, cap=14.073) on 1 of 594 simulated rows; these draws were truncated to the cap before being converted back to the original scale.
Continuous g-computation draw for current_entgelt_value exceeded the extrapolation cap (observed training log-max=11.073, cap=14.073) on 2 of 594 simulated rows; these draws were truncated to the cap before being converted back to the original scale.
Continuous g-computation draw for current_entgelt_value exceeded the extrapolation cap (observed training log-max=11.073, cap=14.073) on 1 of 594 simulated rows; these draws were truncated to the cap before being converted back to the original scale.
Continuous g-computation draw for current_entgelt_value exceeded the extrapolation cap (observed training log-max=11.073, cap=14.073) on 3 of 594 simulated rows; these draws were truncated to the cap before being converted back to the original scale.
Continuous g-computation draw for current_entgelt_value exceeded the extrapolation cap (observed training log-max=11.073, cap=14.073) on 3 of 594 simulated rows; these draws were truncated to the cap before being converted back to the original scale.
Continuous g-computation draw for current_entgelt_value exceeded the extrapolation cap (observed training log-max=11.073, cap=14.073) on 2 of 594 simulated rows; these draws were truncated to the cap before being converted back to the original scale.
Continuous g-computation draw for current_entgelt_value exceeded the extrapolation cap (observed training log-max=11.073, cap=14.073) on 3 of 594 simulated rows; these draws were truncated to the cap before being converted back to the original scale.
Continuous g-computation draw for current_entgelt_value exceeded the extrapolation cap (observed training log-max=11.073, cap=14.073) on 2 of 594 simulated rows; these draws were truncated to the cap before being converted back to the original scale.
Continuous g-computation draw for current_entgelt_value exceeded the extrapolation cap (observed training log-max=11.073, cap=14.073) on 1 of 594 simulated rows; these draws were truncated to the cap before being converted back to the original scale.
Continuous g-computation draw for current_entgelt_value exceeded the extrapolation cap (observed training log-max=11.073, cap=14.073) on 3 of 594 simulated rows; these draws were truncated to the cap before being converted back to the original scale.
Continuous g-computation draw for current_entgelt_value exceeded the extrapolation cap (observed training log-max=11.073, cap=14.073) on 1 of 594 simulated rows; these draws were truncated to the cap before being converted back to the original scale.
Continuous g-computation draw for current_entgelt_value exceeded the extrapolation cap (observed training log-max=11.073, cap=14.073) on 2 of 594 simulated rows; these draws were truncated to the cap before being converted back to the original scale.
Continuous g-computation draw for current_entgelt_value exceeded the extrapolation cap (observed training log-max=11.073, cap=14.073) on 1 of 594 simulated rows; these draws were truncated to the cap before being converted back to the original scale.
Continuous g-computation draw for current_entgelt_value exceeded the extrapolation cap (observed training log-max=11.073, cap=14.073) on 1 of 594 simulated rows; these draws were truncated to the cap before being converted back to the original scale.
Continuous g-computation draw for current_entgelt_value exceeded the extrapolation cap (observed training log-max=11.073, cap=14.073) on 2 of 594 simulated rows; these draws were truncated to the cap before being converted back to the original scale.
Continuous g-computation draw for current_entgelt_value exceeded the extrapolation cap (observed training log-max=11.073, cap=14.073) on 4 of 594 simulated rows; these draws were truncated to the cap before being converted back to the original scale.
Continuous g-computation draw for current_entgelt_value exceeded the extrapolation cap (observed training log-max=11.073, cap=14.073) on 3 of 594 simulated rows; these draws were truncated to the cap before being converted back to the original scale.
Continuous g-computation draw for current_entgelt_value exceeded the extrapolation cap (observed training log-max=11.073, cap=14.073) on 1 of 594 simulated rows; these draws were truncated to the cap before being converted back to the original scale.
Continuous g-computation draw for current_entgelt_value exceeded the extrapolation cap (observed training log-max=11.073, cap=14.073) on 3 of 594 simulated rows; these draws were truncated to the cap before being converted back to the original scale.
Continuous g-computation draw for current_entgelt_value exceeded the extrapolation cap (observed training log-max=11.073, cap=14.073) on 1 of 594 simulated rows; these draws were truncated to the cap before being converted back to the original scale.
Continuous g-computation draw for current_entgelt_value exceeded the extrapolation cap (observed training log-max=11.073, cap=14.073) on 2 of 594 simulated rows; these draws were truncated to the cap before being converted back to the original scale.
Continuous g-computation draw for current_entgelt_value exceeded the extrapolation cap (observed training log-max=11.073, cap=14.073) on 2 of 594 simulated rows; these draws were truncated to the cap before being converted back to the original scale.
Continuous g-computation draw for current_entgelt_value exceeded the extrapolation cap (observed training log-max=11.073, cap=14.073) on 4 of 594 simulated rows; these draws were truncated to the cap before being converted back to the original scale.
Continuous g-computation draw for current_entgelt_value exceeded the extrapolation cap (observed training log-max=11.073, cap=14.073) on 1 of 594 simulated rows; these draws were truncated to the cap before being converted back to the original scale.
Continuous g-computation draw for current_entgelt_value exceeded the extrapolation cap (observed training log-max=11.073, cap=14.073) on 2 of 594 simulated rows; these draws were truncated to the cap before being converted back to the original scale.
Continuous g-computation draw for current_entgelt_value exceeded the extrapolation cap (observed training log-max=11.073, cap=14.073) on 3 of 594 simulated rows; these draws were truncated to the cap before being converted back to the original scale.
Continuous g-computation draw for current_entgelt_value exceeded the extrapolation cap (observed training log-max=11.073, cap=14.073) on 2 of 594 simulated rows; these draws were truncated to the cap before being converted back to the original scale.
Continuous g-computation draw for current_entgelt_value exceeded the extrapolation cap (observed training log-max=11.073, cap=14.073) on 2 of 594 simulated rows; these draws were truncated to the cap before being converted back to the original scale.
Continuous g-computation draw for current_entgelt_value exceeded the extrapolation cap (observed training log-max=11.073, cap=14.073) on 1 of 594 simulated rows; these draws were truncated to the cap before being converted back to the original scale.
Continuous g-computation draw for current_entgelt_value exceeded the extrapolation cap (observed training log-max=11.073, cap=14.073) on 1 of 594 simulated rows; these draws were truncated to the cap before being converted back to the original scale.
Continuous g-computation draw for current_entgelt_value exceeded the extrapolation cap (observed training log-max=11.073, cap=14.073) on 1 of 594 simulated rows; these draws were truncated to the cap before being converted back to the original scale.
Continuous g-computation draw for current_entgelt_value exceeded the extrapolation cap (observed training log-max=11.073, cap=14.073) on 1 of 594 simulated rows; these draws were truncated to the cap before being converted back to the original scale.
Continuous g-computation draw for current_entgelt_value exceeded the extrapolation cap (observed training log-max=11.073, cap=14.073) on 2 of 594 simulated rows; these draws were truncated to the cap before being converted back to the original scale.
Continuous g-computation draw for current_entgelt_value exceeded the extrapolation cap (observed training log-max=11.073, cap=14.073) on 1 of 594 simulated rows; these draws were truncated to the cap before being converted back to the original scale.
Continuous g-computation draw for current_entgelt_value exceeded the extrapolation cap (observed training log-max=11.073, cap=14.073) on 3 of 594 simulated rows; these draws were truncated to the cap before being converted back to the original scale.
Continuous g-computation draw for current_entgelt_value exceeded the extrapolation cap (observed training log-max=11.073, cap=14.073) on 1 of 594 simulated rows; these draws were truncated to the cap before being converted back to the original scale.
Continuous g-computation draw for current_entgelt_value exceeded the extrapolation cap (observed training log-max=11.073, cap=14.073) on 1 of 594 simulated rows; these draws were truncated to the cap before being converted back to the original scale.
Continuous g-computation draw for current_entgelt_value exceeded the extrapolation cap (observed training log-max=11.073, cap=14.073) on 2 of 594 simulated rows; these draws were truncated to the cap before being converted back to the original scale.
Continuous g-computation draw for current_entgelt_value exceeded the extrapolation cap (observed training log-max=11.073, cap=14.073) on 1 of 594 simulated rows; these draws were truncated to the cap before being converted back to the original scale.
Continuous g-computation draw for current_entgelt_value exceeded the extrapolation cap (observed training log-max=11.073, cap=14.073) on 3 of 594 simulated rows; these draws were truncated to the cap before being converted back to the original scale.
Continuous g-computation draw for current_entgelt_value exceeded the extrapolation cap (observed training log-max=11.073, cap=14.073) on 3 of 594 simulated rows; these draws were truncated to the cap before being converted back to the original scale.
Continuous g-computation draw for current_entgelt_value exceeded the extrapolation cap (observed training log-max=11.073, cap=14.073) on 1 of 594 simulated rows; these draws were truncated to the cap before being converted back to the original scale.
Continuous g-computation draw for current_entgelt_value exceeded the extrapolation cap (observed training log-max=11.073, cap=14.073) on 4 of 594 simulated rows; these draws were truncated to the cap before being converted back to the original scale.
Continuous g-computation draw for current_entgelt_value exceeded the extrapolation cap (observed training log-max=11.073, cap=14.073) on 2 of 594 simulated rows; these draws were truncated to the cap before being converted back to the original scale.
Continuous g-computation draw for current_entgelt_value exceeded the extrapolation cap (observed training log-max=11.073, cap=14.073) on 3 of 594 simulated rows; these draws were truncated to the cap before being converted back to the original scale.
Continuous g-computation draw for current_entgelt_value exceeded the extrapolation cap (observed training log-max=11.073, cap=14.073) on 1 of 594 simulated rows; these draws were truncated to the cap before being converted back to the original scale.
Continuous g-computation draw for current_entgelt_value exceeded the extrapolation cap (observed training log-max=11.073, cap=14.073) on 2 of 594 simulated rows; these draws were truncated to the cap before being converted back to the original scale.
Continuous g-computation draw for current_entgelt_value exceeded the extrapolation cap (observed training log-max=11.073, cap=14.073) on 1 of 594 simulated rows; these draws were truncated to the cap before being converted back to the original scale.
Continuous g-computation draw for current_entgelt_value exceeded the extrapolation cap (observed training log-max=11.073, cap=14.073) on 5 of 594 simulated rows; these draws were truncated to the cap before being converted back to the original scale.
Continuous g-computation draw for current_entgelt_value exceeded the extrapolation cap (observed training log-max=11.073, cap=14.073) on 1 of 594 simulated rows; these draws were truncated to the cap before being converted back to the original scale.
Continuous g-computation draw for current_entgelt_value exceeded the extrapolation cap (observed training log-max=11.073, cap=14.073) on 2 of 594 simulated rows; these draws were truncated to the cap before being converted back to the original scale.
Continuous g-computation draw for current_entgelt_value exceeded the extrapolation cap (observed training log-max=11.073, cap=14.073) on 1 of 594 simulated rows; these draws were truncated to the cap before being converted back to the original scale.
Continuous g-computation draw for current_entgelt_value exceeded the extrapolation cap (observed training log-max=11.073, cap=14.073) on 3 of 594 simulated rows; these draws were truncated to the cap before being converted back to the original scale.
Continuous g-computation draw for current_entgelt_value exceeded the extrapolation cap (observed training log-max=11.073, cap=14.073) on 3 of 594 simulated rows; these draws were truncated to the cap before being converted back to the original scale.
Continuous g-computation draw for current_entgelt_value exceeded the extrapolation cap (observed training log-max=11.073, cap=14.073) on 3 of 594 simulated rows; these draws were truncated to the cap before being converted back to the original scale.
Continuous g-computation draw for current_entgelt_value exceeded the extrapolation cap (observed training log-max=11.073, cap=14.073) on 1 of 594 simulated rows; these draws were truncated to the cap before being converted back to the original scale.
Continuous g-computation draw for current_entgelt_value exceeded the extrapolation cap (observed training log-max=11.073, cap=14.073) on 2 of 594 simulated rows; these draws were truncated to the cap before being converted back to the original scale.
Continuous g-computation draw for current_entgelt_value exceeded the extrapolation cap (observed training log-max=11.073, cap=14.073) on 1 of 594 simulated rows; these draws were truncated to the cap before being converted back to the original scale.
Continuous g-computation draw for current_entgelt_value exceeded the extrapolation cap (observed training log-max=11.073, cap=14.073) on 3 of 594 simulated rows; these draws were truncated to the cap before being converted back to the original scale.
Continuous g-computation draw for current_entgelt_value exceeded the extrapolation cap (observed training log-max=11.073, cap=14.073) on 2 of 594 simulated rows; these draws were truncated to the cap before being converted back to the original scale.
Continuous g-computation draw for current_entgelt_value exceeded the extrapolation cap (observed training log-max=11.073, cap=14.073) on 3 of 594 simulated rows; these draws were truncated to the cap before being converted back to the original scale.
Continuous g-computation draw for current_entgelt_value exceeded the extrapolation cap (observed training log-max=11.073, cap=14.073) on 1 of 594 simulated rows; these draws were truncated to the cap before being converted back to the original scale.
Continuous g-computation draw for current_entgelt_value exceeded the extrapolation cap (observed training log-max=11.073, cap=14.073) on 2 of 594 simulated rows; these draws were truncated to the cap before being converted back to the original scale.
Continuous g-computation draw for current_entgelt_value exceeded the extrapolation cap (observed training log-max=11.073, cap=14.073) on 1 of 594 simulated rows; these draws were truncated to the cap before being converted back to the original scale.
Continuous g-computation draw for current_entgelt_value exceeded the extrapolation cap (observed training log-max=11.073, cap=14.073) on 2 of 594 simulated rows; these draws were truncated to the cap before being converted back to the original scale.
Continuous g-computation draw for current_entgelt_value exceeded the extrapolation cap (observed training log-max=11.073, cap=14.073) on 1 of 594 simulated rows; these draws were truncated to the cap before being converted back to the original scale.
Continuous g-computation draw for current_entgelt_value exceeded the extrapolation cap (observed training log-max=11.073, cap=14.073) on 3 of 594 simulated rows; these draws were truncated to the cap before being converted back to the original scale.
Continuous g-computation draw for current_entgelt_value exceeded the extrapolation cap (observed training log-max=11.073, cap=14.073) on 1 of 594 simulated rows; these draws were truncated to the cap before being converted back to the original scale.
Continuous g-computation draw for current_entgelt_value exceeded the extrapolation cap (observed training log-max=11.073, cap=14.073) on 3 of 594 simulated rows; these draws were truncated to the cap before being converted back to the original scale.
Continuous g-computation draw for current_entgelt_value exceeded the extrapolation cap (observed training log-max=11.073, cap=14.073) on 2 of 594 simulated rows; these draws were truncated to the cap before being converted back to the original scale.
Continuous g-computation draw for current_entgelt_value exceeded the extrapolation cap (observed training log-max=11.073, cap=14.073) on 3 of 594 simulated rows; these draws were truncated to the cap before being converted back to the original scale.
Continuous g-computation draw for current_entgelt_value exceeded the extrapolation cap (observed training log-max=11.073, cap=14.073) on 3 of 594 simulated rows; these draws were truncated to the cap before being converted back to the original scale.
Continuous g-computation draw for current_entgelt_value exceeded the extrapolation cap (observed training log-max=11.073, cap=14.073) on 1 of 594 simulated rows; these draws were truncated to the cap before being converted back to the original scale.
Continuous g-computation draw for current_entgelt_value exceeded the extrapolation cap (observed training log-max=11.073, cap=14.073) on 1 of 594 simulated rows; these draws were truncated to the cap before being converted back to the original scale.
Continuous g-computation draw for current_entgelt_value exceeded the extrapolation cap (observed training log-max=11.224, cap=14.224) on 1 of 594 simulated rows; these draws were truncated to the cap before being converted back to the original scale.
Continuous g-computation draw for current_entgelt_value exceeded the extrapolation cap (observed training log-max=11.073, cap=14.073) on 2 of 594 simulated rows; these draws were truncated to the cap before being converted back to the original scale.
Continuous g-computation draw for current_entgelt_value exceeded the extrapolation cap (observed training log-max=11.073, cap=14.073) on 2 of 594 simulated rows; these draws were truncated to the cap before being converted back to the original scale.
Continuous g-computation draw for current_entgelt_value exceeded the extrapolation cap (observed training log-max=11.073, cap=14.073) on 1 of 594 simulated rows; these draws were truncated to the cap before being converted back to the original scale.
Continuous g-computation draw for current_entgelt_value exceeded the extrapolation cap (observed training log-max=11.073, cap=14.073) on 2 of 594 simulated rows; these draws were truncated to the cap before being converted back to the original scale.
Continuous g-computation draw for current_entgelt_value exceeded the extrapolation cap (observed training log-max=11.073, cap=14.073) on 3 of 594 simulated rows; these draws were truncated to the cap before being converted back to the original scale.
Continuous g-computation draw for current_entgelt_value exceeded the extrapolation cap (observed training log-max=11.073, cap=14.073) on 1 of 594 simulated rows; these draws were truncated to the cap before being converted back to the original scale.
Continuous g-computation draw for current_entgelt_value exceeded the extrapolation cap (observed training log-max=11.073, cap=14.073) on 3 of 594 simulated rows; these draws were truncated to the cap before being converted back to the original scale.
Continuous g-computation draw for current_entgelt_value exceeded the extrapolation cap (observed training log-max=11.073, cap=14.073) on 3 of 594 simulated rows; these draws were truncated to the cap before being converted back to the original scale.
Continuous g-computation draw for current_entgelt_value exceeded the extrapolation cap (observed training log-max=11.073, cap=14.073) on 1 of 594 simulated rows; these draws were truncated to the cap before being converted back to the original scale.
Continuous g-computation draw for current_entgelt_value exceeded the extrapolation cap (observed training log-max=11.073, cap=14.073) on 2 of 594 simulated rows; these draws were truncated to the cap before being converted back to the original scale.
Continuous g-computation draw for current_entgelt_value exceeded the extrapolation cap (observed training log-max=11.073, cap=14.073) on 1 of 594 simulated rows; these draws were truncated to the cap before being converted back to the original scale.
Continuous g-computation draw for current_entgelt_value exceeded the extrapolation cap (observed training log-max=11.073, cap=14.073) on 2 of 594 simulated rows; these draws were truncated to the cap before being converted back to the original scale.
Continuous g-computation draw for current_entgelt_value exceeded the extrapolation cap (observed training log-max=11.073, cap=14.073) on 4 of 594 simulated rows; these draws were truncated to the cap before being converted back to the original scale.
Continuous g-computation draw for current_entgelt_value exceeded the extrapolation cap (observed training log-max=11.073, cap=14.073) on 1 of 594 simulated rows; these draws were truncated to the cap before being converted back to the original scale.
Continuous g-computation draw for current_entgelt_value exceeded the extrapolation cap (observed training log-max=11.073, cap=14.073) on 2 of 594 simulated rows; these draws were truncated to the cap before being converted back to the original scale.
Continuous g-computation draw for current_entgelt_value exceeded the extrapolation cap (observed training log-max=11.073, cap=14.073) on 1 of 594 simulated rows; these draws were truncated to the cap before being converted back to the original scale.
Continuous g-computation draw for current_entgelt_value exceeded the extrapolation cap (observed training log-max=11.073, cap=14.073) on 3 of 594 simulated rows; these draws were truncated to the cap before being converted back to the original scale.
Continuous g-computation draw for current_entgelt_value exceeded the extrapolation cap (observed training log-max=11.224, cap=14.224) on 1 of 594 simulated rows; these draws were truncated to the cap before being converted back to the original scale.
Continuous g-computation draw for current_entgelt_value exceeded the extrapolation cap (observed training log-max=11.073, cap=14.073) on 2 of 594 simulated rows; these draws were truncated to the cap before being converted back to the original scale.
Continuous g-computation draw for current_entgelt_value exceeded the extrapolation cap (observed training log-max=11.073, cap=14.073) on 2 of 594 simulated rows; these draws were truncated to the cap before being converted back to the original scale.
Continuous g-computation draw for current_entgelt_value exceeded the extrapolation cap (observed training log-max=11.073, cap=14.073) on 1 of 594 simulated rows; these draws were truncated to the cap before being converted back to the original scale.
Continuous g-computation draw for current_entgelt_value exceeded the extrapolation cap (observed training log-max=11.073, cap=14.073) on 2 of 594 simulated rows; these draws were truncated to the cap before being converted back to the original scale.
Continuous g-computation draw for current_entgelt_value exceeded the extrapolation cap (observed training log-max=11.073, cap=14.073) on 1 of 594 simulated rows; these draws were truncated to the cap before being converted back to the original scale.
Continuous g-computation draw for current_entgelt_value exceeded the extrapolation cap (observed training log-max=11.073, cap=14.073) on 2 of 594 simulated rows; these draws were truncated to the cap before being converted back to the original scale.
Continuous g-computation draw for current_entgelt_value exceeded the extrapolation cap (observed training log-max=11.073, cap=14.073) on 1 of 594 simulated rows; these draws were truncated to the cap before being converted back to the original scale.
Continuous g-computation draw for current_entgelt_value exceeded the extrapolation cap (observed training log-max=11.073, cap=14.073) on 3 of 594 simulated rows; these draws were truncated to the cap before being converted back to the original scale.
Continuous g-computation draw for current_entgelt_value exceeded the extrapolation cap (observed training log-max=11.073, cap=14.073) on 1 of 594 simulated rows; these draws were truncated to the cap before being converted back to the original scale.
Continuous g-computation draw for current_entgelt_value exceeded the extrapolation cap (observed training log-max=11.073, cap=14.073) on 2 of 594 simulated rows; these draws were truncated to the cap before being converted back to the original scale.
Continuous g-computation draw for current_entgelt_value exceeded the extrapolation cap (observed training log-max=11.073, cap=14.073) on 2 of 594 simulated rows; these draws were truncated to the cap before being converted back to the original scale.
Continuous g-computation draw for current_entgelt_value exceeded the extrapolation cap (observed training log-max=11.073, cap=14.073) on 3 of 594 simulated rows; these draws were truncated to the cap before being converted back to the original scale.
Continuous g-computation draw for current_entgelt_value exceeded the extrapolation cap (observed training log-max=11.073, cap=14.073) on 1 of 594 simulated rows; these draws were truncated to the cap before being converted back to the original scale.
Continuous g-computation draw for current_entgelt_value exceeded the extrapolation cap (observed training log-max=11.073, cap=14.073) on 5 of 594 simulated rows; these draws were truncated to the cap before being converted back to the original scale.
Continuous g-computation draw for current_entgelt_value exceeded the extrapolation cap (observed training log-max=11.073, cap=14.073) on 1 of 594 simulated rows; these draws were truncated to the cap before being converted back to the original scale.
Continuous g-computation draw for current_entgelt_value exceeded the extrapolation cap (observed training log-max=11.073, cap=14.073) on 4 of 594 simulated rows; these draws were truncated to the cap before being converted back to the original scale.
Continuous g-computation draw for current_entgelt_value exceeded the extrapolation cap (observed training log-max=11.073, cap=14.073) on 1 of 594 simulated rows; these draws were truncated to the cap before being converted back to the original scale.
Continuous g-computation draw for current_entgelt_value exceeded the extrapolation cap (observed training log-max=11.073, cap=14.073) on 4 of 594 simulated rows; these draws were truncated to the cap before being converted back to the original scale.
Continuous g-computation draw for current_entgelt_value exceeded the extrapolation cap (observed training log-max=11.073, cap=14.073) on 1 of 594 simulated rows; these draws were truncated to the cap before being converted back to the original scale.
Continuous g-computation draw for current_entgelt_value exceeded the extrapolation cap (observed training log-max=11.073, cap=14.073) on 4 of 594 simulated rows; these draws were truncated to the cap before being converted back to the original scale.
Continuous g-computation draw for current_entgelt_value exceeded the extrapolation cap (observed training log-max=11.073, cap=14.073) on 1 of 594 simulated rows; these draws were truncated to the cap before being converted back to the original scale.
Continuous g-computation draw for current_entgelt_value exceeded the extrapolation cap (observed training log-max=11.073, cap=14.073) on 2 of 594 simulated rows; these draws were truncated to the cap before being converted back to the original scale.
Continuous g-computation draw for current_entgelt_value exceeded the extrapolation cap (observed training log-max=11.073, cap=14.073) on 1 of 594 simulated rows; these draws were truncated to the cap before being converted back to the original scale.
Continuous g-computation draw for current_entgelt_value exceeded the extrapolation cap (observed training log-max=11.073, cap=14.073) on 2 of 594 simulated rows; these draws were truncated to the cap before being converted back to the original scale.
Continuous g-computation draw for current_entgelt_value exceeded the extrapolation cap (observed training log-max=11.073, cap=14.073) on 2 of 594 simulated rows; these draws were truncated to the cap before being converted back to the original scale.
Continuous g-computation draw for current_entgelt_value exceeded the extrapolation cap (observed training log-max=11.073, cap=14.073) on 2 of 594 simulated rows; these draws were truncated to the cap before being converted back to the original scale.
Continuous g-computation draw for current_entgelt_value exceeded the extrapolation cap (observed training log-max=11.073, cap=14.073) on 2 of 594 simulated rows; these draws were truncated to the cap before being converted back to the original scale.
Continuous g-computation draw for current_entgelt_value exceeded the extrapolation cap (observed training log-max=11.073, cap=14.073) on 3 of 594 simulated rows; these draws were truncated to the cap before being converted back to the original scale.
Continuous g-computation draw for current_entgelt_value exceeded the extrapolation cap (observed training log-max=11.073, cap=14.073) on 3 of 594 simulated rows; these draws were truncated to the cap before being converted back to the original scale.
Continuous g-computation draw for current_entgelt_value exceeded the extrapolation cap (observed training log-max=11.073, cap=14.073) on 2 of 594 simulated rows; these draws were truncated to the cap before being converted back to the original scale.
Continuous g-computation draw for current_entgelt_value exceeded the extrapolation cap (observed training log-max=11.073, cap=14.073) on 2 of 594 simulated rows; these draws were truncated to the cap before being converted back to the original scale.
Continuous g-computation draw for current_entgelt_value exceeded the extrapolation cap (observed training log-max=11.073, cap=14.073) on 1 of 594 simulated rows; these draws were truncated to the cap before being converted back to the original scale.
Continuous g-computation draw for current_entgelt_value exceeded the extrapolation cap (observed training log-max=11.073, cap=14.073) on 3 of 594 simulated rows; these draws were truncated to the cap before being converted back to the original scale.
Continuous g-computation draw for current_entgelt_value exceeded the extrapolation cap (observed training log-max=11.073, cap=14.073) on 1 of 594 simulated rows; these draws were truncated to the cap before being converted back to the original scale.
Continuous g-computation draw for current_entgelt_value exceeded the extrapolation cap (observed training log-max=11.073, cap=14.073) on 3 of 594 simulated rows; these draws were truncated to the cap before being converted back to the original scale.
Continuous g-computation draw for current_entgelt_value exceeded the extrapolation cap (observed training log-max=11.073, cap=14.073) on 1 of 594 simulated rows; these draws were truncated to the cap before being converted back to the original scale.
Continuous g-computation draw for current_entgelt_value exceeded the extrapolation cap (observed training log-max=11.073, cap=14.073) on 4 of 594 simulated rows; these draws were truncated to the cap before being converted back to the original scale.
Continuous g-computation draw for current_entgelt_value exceeded the extrapolation cap (observed training log-max=11.073, cap=14.073) on 1 of 594 simulated rows; these draws were truncated to the cap before being converted back to the original scale.
Continuous g-computation draw for current_entgelt_value exceeded the extrapolation cap (observed training log-max=11.073, cap=14.073) on 3 of 594 simulated rows; these draws were truncated to the cap before being converted back to the original scale.
Continuous g-computation draw for current_entgelt_value exceeded the extrapolation cap (observed training log-max=11.073, cap=14.073) on 1 of 594 simulated rows; these draws were truncated to the cap before being converted back to the original scale.
Continuous g-computation draw for current_entgelt_value exceeded the extrapolation cap (observed training log-max=11.073, cap=14.073) on 2 of 594 simulated rows; these draws were truncated to the cap before being converted back to the original scale.
Continuous g-computation draw for current_entgelt_value exceeded the extrapolation cap (observed training log-max=11.073, cap=14.073) on 1 of 594 simulated rows; these draws were truncated to the cap before being converted back to the original scale.
Continuous g-computation draw for current_entgelt_value exceeded the extrapolation cap (observed training log-max=11.073, cap=14.073) on 2 of 594 simulated rows; these draws were truncated to the cap before being converted back to the original scale.
Continuous g-computation draw for current_entgelt_value exceeded the extrapolation cap (observed training log-max=11.073, cap=14.073) on 1 of 594 simulated rows; these draws were truncated to the cap before being converted back to the original scale.
Continuous g-computation draw for current_entgelt_value exceeded the extrapolation cap (observed training log-max=11.073, cap=14.073) on 1 of 594 simulated rows; these draws were truncated to the cap before being converted back to the original scale.
Continuous g-computation draw for current_entgelt_value exceeded the extrapolation cap (observed training log-max=11.073, cap=14.073) on 1 of 594 simulated rows; these draws were truncated to the cap before being converted back to the original scale.
Continuous g-computation draw for current_entgelt_value exceeded the extrapolation cap (observed training log-max=11.073, cap=14.073) on 1 of 594 simulated rows; these draws were truncated to the cap before being converted back to the original scale.
Continuous g-computation draw for current_entgelt_value exceeded the extrapolation cap (observed training log-max=11.073, cap=14.073) on 1 of 594 simulated rows; these draws were truncated to the cap before being converted back to the original scale.
Continuous g-computation draw for current_entgelt_value exceeded the extrapolation cap (observed training log-max=11.224, cap=14.224) on 1 of 594 simulated rows; these draws were truncated to the cap before being converted back to the original scale.
Continuous g-computation draw for current_entgelt_value exceeded the extrapolation cap (observed training log-max=11.073, cap=14.073) on 3 of 594 simulated rows; these draws were truncated to the cap before being converted back to the original scale.
Continuous g-computation draw for current_entgelt_value exceeded the extrapolation cap (observed training log-max=11.073, cap=14.073) on 1 of 594 simulated rows; these draws were truncated to the cap before being converted back to the original scale.
Continuous g-computation draw for current_entgelt_value exceeded the extrapolation cap (observed training log-max=11.073, cap=14.073) on 3 of 594 simulated rows; these draws were truncated to the cap before being converted back to the original scale.
Continuous g-computation draw for current_entgelt_value exceeded the extrapolation cap (observed training log-max=11.073, cap=14.073) on 1 of 594 simulated rows; these draws were truncated to the cap before being converted back to the original scale.
Continuous g-computation draw for current_entgelt_value exceeded the extrapolation cap (observed training log-max=11.073, cap=14.073) on 2 of 594 simulated rows; these draws were truncated to the cap before being converted back to the original scale.
Continuous g-computation draw for current_entgelt_value exceeded the extrapolation cap (observed training log-max=11.073, cap=14.073) on 1 of 594 simulated rows; these draws were truncated to the cap before being converted back to the original scale.
Continuous g-computation draw for current_entgelt_value exceeded the extrapolation cap (observed training log-max=11.073, cap=14.073) on 2 of 594 simulated rows; these draws were truncated to the cap before being converted back to the original scale.
Continuous g-computation draw for current_entgelt_value exceeded the extrapolation cap (observed training log-max=11.073, cap=14.073) on 3 of 594 simulated rows; these draws were truncated to the cap before being converted back to the original scale.
Continuous g-computation draw for current_entgelt_value exceeded the extrapolation cap (observed training log-max=11.073, cap=14.073) on 1 of 594 simulated rows; these draws were truncated to the cap before being converted back to the original scale.
Continuous g-computation draw for current_entgelt_value exceeded the extrapolation cap (observed training log-max=11.073, cap=14.073) on 4 of 594 simulated rows; these draws were truncated to the cap before being converted back to the original scale.
Continuous g-computation draw for current_entgelt_value exceeded the extrapolation cap (observed training log-max=11.073, cap=14.073) on 1 of 594 simulated rows; these draws were truncated to the cap before being converted back to the original scale.
Continuous g-computation draw for current_entgelt_value exceeded the extrapolation cap (observed training log-max=11.073, cap=14.073) on 1 of 594 simulated rows; these draws were truncated to the cap before being converted back to the original scale.
Continuous g-computation draw for current_entgelt_value exceeded the extrapolation cap (observed training log-max=11.073, cap=14.073) on 2 of 594 simulated rows; these draws were truncated to the cap before being converted back to the original scale.
Continuous g-computation draw for current_entgelt_value exceeded the extrapolation cap (observed training log-max=11.073, cap=14.073) on 2 of 594 simulated rows; these draws were truncated to the cap before being converted back to the original scale.
Continuous g-computation draw for current_entgelt_value exceeded the extrapolation cap (observed training log-max=11.073, cap=14.073) on 1 of 594 simulated rows; these draws were truncated to the cap before being converted back to the original scale.
Continuous g-computation draw for current_entgelt_value exceeded the extrapolation cap (observed training log-max=11.073, cap=14.073) on 3 of 594 simulated rows; these draws were truncated to the cap before being converted back to the original scale.
Continuous g-computation draw for current_entgelt_value exceeded the extrapolation cap (observed training log-max=11.073, cap=14.073) on 1 of 594 simulated rows; these draws were truncated to the cap before being converted back to the original scale.
Continuous g-computation draw for current_entgelt_value exceeded the extrapolation cap (observed training log-max=11.073, cap=14.073) on 1 of 594 simulated rows; these draws were truncated to the cap before being converted back to the original scale.
Continuous g-computation draw for current_entgelt_value exceeded the extrapolation cap (observed training log-max=11.073, cap=14.073) on 1 of 594 simulated rows; these draws were truncated to the cap before being converted back to the original scale.
Continuous g-computation draw for current_entgelt_value exceeded the extrapolation cap (observed training log-max=11.073, cap=14.073) on 1 of 594 simulated rows; these draws were truncated to the cap before being converted back to the original scale.
Continuous g-computation draw for current_entgelt_value exceeded the extrapolation cap (observed training log-max=11.073, cap=14.073) on 3 of 594 simulated rows; these draws were truncated to the cap before being converted back to the original scale.
Continuous g-computation draw for current_entgelt_value exceeded the extrapolation cap (observed training log-max=11.073, cap=14.073) on 2 of 594 simulated rows; these draws were truncated to the cap before being converted back to the original scale.
Continuous g-computation draw for current_entgelt_value exceeded the extrapolation cap (observed training log-max=11.073, cap=14.073) on 1 of 594 simulated rows; these draws were truncated to the cap before being converted back to the original scale.
Continuous g-computation draw for current_entgelt_value exceeded the extrapolation cap (observed training log-max=11.073, cap=14.073) on 3 of 594 simulated rows; these draws were truncated to the cap before being converted back to the original scale.
Continuous g-computation draw for current_entgelt_value exceeded the extrapolation cap (observed training log-max=11.073, cap=14.073) on 1 of 594 simulated rows; these draws were truncated to the cap before being converted back to the original scale.
Continuous g-computation draw for current_entgelt_value exceeded the extrapolation cap (observed training log-max=11.073, cap=14.073) on 2 of 594 simulated rows; these draws were truncated to the cap before being converted back to the original scale.
Continuous g-computation draw for current_entgelt_value exceeded the extrapolation cap (observed training log-max=11.073, cap=14.073) on 1 of 594 simulated rows; these draws were truncated to the cap before being converted back to the original scale.
Continuous g-computation draw for current_entgelt_value exceeded the extrapolation cap (observed training log-max=11.073, cap=14.073) on 3 of 594 simulated rows; these draws were truncated to the cap before being converted back to the original scale.
Continuous g-computation draw for current_entgelt_value exceeded the extrapolation cap (observed training log-max=11.073, cap=14.073) on 1 of 594 simulated rows; these draws were truncated to the cap before being converted back to the original scale.
Continuous g-computation draw for current_entgelt_value exceeded the extrapolation cap (observed training log-max=11.073, cap=14.073) on 2 of 594 simulated rows; these draws were truncated to the cap before being converted back to the original scale.
Continuous g-computation draw for current_entgelt_value exceeded the extrapolation cap (observed training log-max=11.073, cap=14.073) on 1 of 594 simulated rows; these draws were truncated to the cap before being converted back to the original scale.
Continuous g-computation draw for current_entgelt_value exceeded the extrapolation cap (observed training log-max=11.073, cap=14.073) on 2 of 594 simulated rows; these draws were truncated to the cap before being converted back to the original scale.
Continuous g-computation draw for current_entgelt_value exceeded the extrapolation cap (observed training log-max=11.073, cap=14.073) on 2 of 594 simulated rows; these draws were truncated to the cap before being converted back to the original scale.
Continuous g-computation draw for current_entgelt_value exceeded the extrapolation cap (observed training log-max=11.073, cap=14.073) on 3 of 594 simulated rows; these draws were truncated to the cap before being converted back to the original scale.
Continuous g-computation draw for current_entgelt_value exceeded the extrapolation cap (observed training log-max=11.073, cap=14.073) on 1 of 594 simulated rows; these draws were truncated to the cap before being converted back to the original scale.
Continuous g-computation draw for current_entgelt_value exceeded the extrapolation cap (observed training log-max=11.073, cap=14.073) on 2 of 594 simulated rows; these draws were truncated to the cap before being converted back to the original scale.
Continuous g-computation draw for current_entgelt_value exceeded the extrapolation cap (observed training log-max=11.073, cap=14.073) on 1 of 594 simulated rows; these draws were truncated to the cap before being converted back to the original scale.
Continuous g-computation draw for current_entgelt_value exceeded the extrapolation cap (observed training log-max=11.073, cap=14.073) on 3 of 594 simulated rows; these draws were truncated to the cap before being converted back to the original scale.
Continuous g-computation draw for current_entgelt_value exceeded the extrapolation cap (observed training log-max=11.073, cap=14.073) on 1 of 594 simulated rows; these draws were truncated to the cap before being converted back to the original scale.
Continuous g-computation draw for current_entgelt_value exceeded the extrapolation cap (observed training log-max=11.073, cap=14.073) on 2 of 594 simulated rows; these draws were truncated to the cap before being converted back to the original scale.
Continuous g-computation draw for current_entgelt_value exceeded the extrapolation cap (observed training log-max=11.073, cap=14.073) on 1 of 594 simulated rows; these draws were truncated to the cap before being converted back to the original scale.
Continuous g-computation draw for current_entgelt_value exceeded the extrapolation cap (observed training log-max=11.073, cap=14.073) on 2 of 594 simulated rows; these draws were truncated to the cap before being converted back to the original scale.
Continuous g-computation draw for current_entgelt_value exceeded the extrapolation cap (observed training log-max=11.073, cap=14.073) on 3 of 594 simulated rows; these draws were truncated to the cap before being converted back to the original scale.
Continuous g-computation draw for current_entgelt_value exceeded the extrapolation cap (observed training log-max=11.224, cap=14.224) on 1 of 594 simulated rows; these draws were truncated to the cap before being converted back to the original scale.
Continuous g-computation draw for current_entgelt_value exceeded the extrapolation cap (observed training log-max=11.073, cap=14.073) on 2 of 594 simulated rows; these draws were truncated to the cap before being converted back to the original scale.
Continuous g-computation draw for current_entgelt_value exceeded the extrapolation cap (observed training log-max=11.073, cap=14.073) on 1 of 594 simulated rows; these draws were truncated to the cap before being converted back to the original scale.
Continuous g-computation draw for current_entgelt_value exceeded the extrapolation cap (observed training log-max=11.073, cap=14.073) on 2 of 594 simulated rows; these draws were truncated to the cap before being converted back to the original scale.
Continuous g-computation draw for current_entgelt_value exceeded the extrapolation cap (observed training log-max=11.073, cap=14.073) on 3 of 594 simulated rows; these draws were truncated to the cap before being converted back to the original scale.
Continuous g-computation draw for current_entgelt_value exceeded the extrapolation cap (observed training log-max=11.073, cap=14.073) on 2 of 594 simulated rows; these draws were truncated to the cap before being converted back to the original scale.
Continuous g-computation draw for current_entgelt_value exceeded the extrapolation cap (observed training log-max=11.073, cap=14.073) on 1 of 594 simulated rows; these draws were truncated to the cap before being converted back to the original scale.
Continuous g-computation draw for current_entgelt_value exceeded the extrapolation cap (observed training log-max=11.073, cap=14.073) on 4 of 594 simulated rows; these draws were truncated to the cap before being converted back to the original scale.
Continuous g-computation draw for current_entgelt_value exceeded the extrapolation cap (observed training log-max=11.073, cap=14.073) on 1 of 594 simulated rows; these draws were truncated to the cap before being converted back to the original scale.
Continuous g-computation draw for current_entgelt_value exceeded the extrapolation cap (observed training log-max=11.073, cap=14.073) on 4 of 594 simulated rows; these draws were truncated to the cap before being converted back to the original scale.
Continuous g-computation draw for current_entgelt_value exceeded the extrapolation cap (observed training log-max=11.073, cap=14.073) on 1 of 594 simulated rows; these draws were truncated to the cap before being converted back to the original scale.
Continuous g-computation draw for current_entgelt_value exceeded the extrapolation cap (observed training log-max=11.073, cap=14.073) on 1 of 594 simulated rows; these draws were truncated to the cap before being converted back to the original scale.
Continuous g-computation draw for current_entgelt_value exceeded the extrapolation cap (observed training log-max=11.073, cap=14.073) on 3 of 594 simulated rows; these draws were truncated to the cap before being converted back to the original scale.
Continuous g-computation draw for current_entgelt_value exceeded the extrapolation cap (observed training log-max=11.073, cap=14.073) on 3 of 594 simulated rows; these draws were truncated to the cap before being converted back to the original scale.
Continuous g-computation draw for current_entgelt_value exceeded the extrapolation cap (observed training log-max=11.073, cap=14.073) on 4 of 594 simulated rows; these draws were truncated to the cap before being converted back to the original scale.
Continuous g-computation draw for current_entgelt_value exceeded the extrapolation cap (observed training log-max=11.073, cap=14.073) on 2 of 594 simulated rows; these draws were truncated to the cap before being converted back to the original scale.
Continuous g-computation draw for current_entgelt_value exceeded the extrapolation cap (observed training log-max=11.073, cap=14.073) on 3 of 594 simulated rows; these draws were truncated to the cap before being converted back to the original scale.
Continuous g-computation draw for current_entgelt_value exceeded the extrapolation cap (observed training log-max=11.073, cap=14.073) on 3 of 594 simulated rows; these draws were truncated to the cap before being converted back to the original scale.
Continuous g-computation draw for current_entgelt_value exceeded the extrapolation cap (observed training log-max=11.073, cap=14.073) on 2 of 594 simulated rows; these draws were truncated to the cap before being converted back to the original scale.
Continuous g-computation draw for current_entgelt_value exceeded the extrapolation cap (observed training log-max=11.073, cap=14.073) on 1 of 594 simulated rows; these draws were truncated to the cap before being converted back to the original scale.
Continuous g-computation draw for current_entgelt_value exceeded the extrapolation cap (observed training log-max=11.073, cap=14.073) on 1 of 594 simulated rows; these draws were truncated to the cap before being converted back to the original scale.
Continuous g-computation draw for current_entgelt_value exceeded the extrapolation cap (observed training log-max=11.073, cap=14.073) on 4 of 594 simulated rows; these draws were truncated to the cap before being converted back to the original scale.
Continuous g-computation draw for current_entgelt_value exceeded the extrapolation cap (observed training log-max=11.073, cap=14.073) on 1 of 594 simulated rows; these draws were truncated to the cap before being converted back to the original scale.
Continuous g-computation draw for current_entgelt_value exceeded the extrapolation cap (observed training log-max=11.073, cap=14.073) on 3 of 594 simulated rows; these draws were truncated to the cap before being converted back to the original scale.
Continuous g-computation draw for current_entgelt_value exceeded the extrapolation cap (observed training log-max=11.073, cap=14.073) on 1 of 594 simulated rows; these draws were truncated to the cap before being converted back to the original scale.
Continuous g-computation draw for current_entgelt_value exceeded the extrapolation cap (observed training log-max=11.073, cap=14.073) on 1 of 594 simulated rows; these draws were truncated to the cap before being converted back to the original scale.
Continuous g-computation draw for current_entgelt_value exceeded the extrapolation cap (observed training log-max=11.073, cap=14.073) on 1 of 594 simulated rows; these draws were truncated to the cap before being converted back to the original scale.
Continuous g-computation draw for current_entgelt_value exceeded the extrapolation cap (observed training log-max=11.073, cap=14.073) on 2 of 594 simulated rows; these draws were truncated to the cap before being converted back to the original scale.
Continuous g-computation draw for current_entgelt_value exceeded the extrapolation cap (observed training log-max=11.073, cap=14.073) on 2 of 594 simulated rows; these draws were truncated to the cap before being converted back to the original scale.
Continuous g-computation draw for current_entgelt_value exceeded the extrapolation cap (observed training log-max=11.073, cap=14.073) on 2 of 594 simulated rows; these draws were truncated to the cap before being converted back to the original scale.
Continuous g-computation draw for current_entgelt_value exceeded the extrapolation cap (observed training log-max=11.073, cap=14.073) on 2 of 594 simulated rows; these draws were truncated to the cap before being converted back to the original scale.
Continuous g-computation draw for current_entgelt_value exceeded the extrapolation cap (observed training log-max=11.073, cap=14.073) on 1 of 594 simulated rows; these draws were truncated to the cap before being converted back to the original scale.
Continuous g-computation draw for current_entgelt_value exceeded the extrapolation cap (observed training log-max=11.073, cap=14.073) on 4 of 594 simulated rows; these draws were truncated to the cap before being converted back to the original scale.
Continuous g-computation draw for current_entgelt_value exceeded the extrapolation cap (observed training log-max=11.073, cap=14.073) on 1 of 594 simulated rows; these draws were truncated to the cap before being converted back to the original scale.
Continuous g-computation draw for current_entgelt_value exceeded the extrapolation cap (observed training log-max=11.073, cap=14.073) on 3 of 594 simulated rows; these draws were truncated to the cap before being converted back to the original scale.
Continuous g-computation draw for current_entgelt_value exceeded the extrapolation cap (observed training log-max=11.073, cap=14.073) on 1 of 594 simulated rows; these draws were truncated to the cap before being converted back to the original scale.
Continuous g-computation draw for current_entgelt_value exceeded the extrapolation cap (observed training log-max=11.073, cap=14.073) on 2 of 594 simulated rows; these draws were truncated to the cap before being converted back to the original scale.
Continuous g-computation draw for current_entgelt_value exceeded the extrapolation cap (observed training log-max=11.073, cap=14.073) on 1 of 594 simulated rows; these draws were truncated to the cap before being converted back to the original scale.
Continuous g-computation draw for current_entgelt_value exceeded the extrapolation cap (observed training log-max=11.073, cap=14.073) on 3 of 594 simulated rows; these draws were truncated to the cap before being converted back to the original scale.
Continuous g-computation draw for current_entgelt_value exceeded the extrapolation cap (observed training log-max=11.073, cap=14.073) on 1 of 594 simulated rows; these draws were truncated to the cap before being converted back to the original scale.
Continuous g-computation draw for current_entgelt_value exceeded the extrapolation cap (observed training log-max=11.073, cap=14.073) on 1 of 594 simulated rows; these draws were truncated to the cap before being converted back to the original scale.
Continuous g-computation draw for current_entgelt_value exceeded the extrapolation cap (observed training log-max=11.073, cap=14.073) on 2 of 594 simulated rows; these draws were truncated to the cap before being converted back to the original scale.
Continuous g-computation draw for current_entgelt_value exceeded the extrapolation cap (observed training log-max=11.073, cap=14.073) on 3 of 594 simulated rows; these draws were truncated to the cap before being converted back to the original scale.
Continuous g-computation draw for current_entgelt_value exceeded the extrapolation cap (observed training log-max=11.073, cap=14.073) on 5 of 594 simulated rows; these draws were truncated to the cap before being converted back to the original scale.
Continuous g-computation draw for current_entgelt_value exceeded the extrapolation cap (observed training log-max=11.073, cap=14.073) on 1 of 594 simulated rows; these draws were truncated to the cap before being converted back to the original scale.
Continuous g-computation draw for current_entgelt_value exceeded the extrapolation cap (observed training log-max=11.073, cap=14.073) on 1 of 594 simulated rows; these draws were truncated to the cap before being converted back to the original scale.
Continuous g-computation draw for current_entgelt_value exceeded the extrapolation cap (observed training log-max=11.073, cap=14.073) on 2 of 594 simulated rows; these draws were truncated to the cap before being converted back to the original scale.
2026-09-17 13:43:03,754 [INFO] __main__: Longitudinal mediation bootstrap: 20/20 replications completed (20 successful)
2026-09-17 13:43:09,072 [INFO] __main__: [skip] analysis panel already uses rehabilitation code definition {'msk_diagnosis_codes': [20, 53, 56], 'mental_health_diagnosis_codes': [30]}
2026-09-17 13:43:09,097 [INFO] __main__: Building lag-3 risk sets from 2,266,774 panel rows in 1 person-hash partition(s)
2026-09-17 13:43:47,911 [INFO] __main__:   risk-set partition 1/1: 653 treated, 767,883 control person-years
2026-09-17 13:43:47,954 [INFO] __main__: Partitioned treated risk set (653 rows) into 5 treatment-year files under /Users/tankarman/Library/CloudStorage/OneDrive-Personal/BiB/didi_testing/didi_data/runs/workbench_synthetic_0.01_seed42__lag3_common_2014_2018/_matching_temp/risk_sets_by_year
2026-09-17 13:43:49,625 [INFO] __main__: Partitioned controls risk set (767,883 rows) into 5 treatment-year files under /Users/tankarman/Library/CloudStorage/OneDrive-Personal/BiB/didi_testing/didi_data/runs/workbench_synthetic_0.01_seed42__lag3_common_2014_2018/_matching_temp/risk_sets_by_year
2026-09-17 13:43:49,897 [INFO] __main__: Year 2014: fitting propensity model on 159,728 rows (153 treated, 159,575 sampled controls; 159,575 total eligible controls)
2026-09-17 13:43:54,390 [INFO] __main__: Year 2014: propensity model converged with solver=lbfgs in 34 iterations (max_iter=1000000, tol=0.0001)
2026-09-17 13:43:55,420 [INFO] __main__: Year 2014: scored 159,728 rows (153 treated + 159,575 controls)
2026-09-17 13:43:58,284 [INFO] __main__: Year 2014: matched 134 of 153 treated (checkpoint written)
2026-09-17 13:43:58,501 [INFO] __main__: Year 2015: fitting propensity model on 156,534 rows (142 treated, 156,392 sampled controls; 156,392 total eligible controls)
2026-09-17 13:44:02,814 [INFO] __main__: Year 2015: propensity model converged with solver=lbfgs in 22 iterations (max_iter=1000000, tol=0.0001)
2026-09-17 13:44:03,826 [INFO] __main__: Year 2015: scored 156,534 rows (142 treated + 156,392 controls)
2026-09-17 13:44:04,831 [INFO] __main__: Year 2015: matched 119 of 142 treated (checkpoint written)
2026-09-17 13:44:05,074 [INFO] __main__: Year 2016: fitting propensity model on 153,600 rows (127 treated, 153,473 sampled controls; 153,473 total eligible controls)
2026-09-17 13:44:08,864 [INFO] __main__: Year 2016: propensity model converged with solver=lbfgs in 18 iterations (max_iter=1000000, tol=0.0001)
2026-09-17 13:44:10,162 [INFO] __main__: Year 2016: scored 153,600 rows (127 treated + 153,473 controls)
2026-09-17 13:44:12,239 [INFO] __main__: Year 2016: matched 114 of 127 treated (checkpoint written)
2026-09-17 13:44:12,515 [INFO] __main__: Year 2017: fitting propensity model on 150,724 rows (121 treated, 150,603 sampled controls; 150,603 total eligible controls)
2026-09-17 13:44:17,168 [INFO] __main__: Year 2017: propensity model converged with solver=lbfgs in 21 iterations (max_iter=1000000, tol=0.0001)
2026-09-17 13:44:18,218 [INFO] __main__: Year 2017: scored 150,724 rows (121 treated + 150,603 controls)
2026-09-17 13:44:19,622 [INFO] __main__: Year 2017: matched 109 of 121 treated (checkpoint written)
2026-09-17 13:44:19,875 [INFO] __main__: Year 2018: fitting propensity model on 147,950 rows (110 treated, 147,840 sampled controls; 147,840 total eligible controls)
2026-09-17 13:44:23,640 [INFO] __main__: Year 2018: propensity model converged with solver=lbfgs in 21 iterations (max_iter=1000000, tol=0.0001)
2026-09-17 13:44:24,756 [INFO] __main__: Year 2018: scored 147,950 rows (110 treated + 147,840 controls)
2026-09-17 13:44:25,529 [INFO] __main__: Year 2018: matched 107 of 110 treated (checkpoint written)
2026-09-17 13:45:03,768 [WARNING] __main__: Streaming sink_parquet rejected this plan (sink_Parquet(ParquetWriteOptions { compression: Zstd(Some(ZstdLevel(3))), statistics: true, row_group_size: Some(200000), data_pagesize_limit: None, maintain_order: false }) not yet supported in standard engine. Use 'collect().write_parquet()'); falling back to an eager collect + write_parquet for /Users/tankarman/Library/CloudStorage/OneDrive-Personal/BiB/didi_testing/didi_data/runs/workbench_synthetic_0.01_seed42__lag3_common_2014_2018/analysis/pair_event_study_not_yet_divorced_lag3_pre3_post5.parquet.tmp.
2026-09-17 13:45:04,275 [WARNING] __main__: Streaming sink_parquet rejected this plan (sink_Parquet(ParquetWriteOptions { compression: Zstd(Some(ZstdLevel(3))), statistics: true, row_group_size: Some(200000), data_pagesize_limit: None, maintain_order: false }) not yet supported in standard engine. Use 'collect().write_parquet()'); falling back to an eager collect + write_parquet for /Users/tankarman/Library/CloudStorage/OneDrive-Personal/BiB/didi_testing/didi_data/runs/workbench_synthetic_0.01_seed42__lag3_common_2014_2018/analysis/msk_followup_not_yet_divorced_lag3_fixed_assignment.parquet.tmp.
2026-09-17 13:45:04,722 [WARNING] __main__: Streaming collect failed (ColumnNotFoundError: c_id); retrying with the non-streaming engine. If you see this warning at a call site that isn't already using _safe_collect, that's the signal for where to apply it next.
2026-09-17 13:45:05,505 [WARNING] __main__: Streaming sink_parquet rejected this plan (sink_Parquet(ParquetWriteOptions { compression: Zstd(Some(ZstdLevel(3))), statistics: true, row_group_size: Some(200000), data_pagesize_limit: None, maintain_order: false }) not yet supported in standard engine. Use 'collect().write_parquet()'); falling back to an eager collect + write_parquet for /Users/tankarman/Library/CloudStorage/OneDrive-Personal/BiB/didi_testing/didi_data/runs/workbench_synthetic_0.01_seed42__lag3_common_2014_2018/analysis/mortality_followup_not_yet_divorced_lag3_fixed_assignment.parquet.tmp.
2026-09-17 13:45:05,954 [WARNING] __main__: Streaming collect failed (ColumnNotFoundError: c_id); retrying with the non-streaming engine. If you see this warning at a call site that isn't already using _safe_collect, that's the signal for where to apply it next.
2026-09-17 13:45:06,792 [WARNING] __main__: Streaming collect failed (ColumnNotFoundError: c_id); retrying with the non-streaming engine. If you see this warning at a call site that isn't already using _safe_collect, that's the signal for where to apply it next.
2026-09-17 13:45:28,662 [WARNING] __main__: Streaming sink_parquet rejected this plan (sink_Parquet(ParquetWriteOptions { compression: Zstd(Some(ZstdLevel(3))), statistics: true, row_group_size: Some(200000), data_pagesize_limit: None, maintain_order: false }) not yet supported in standard engine. Use 'collect().write_parquet()'); falling back to an eager collect + write_parquet for /Users/tankarman/Library/CloudStorage/OneDrive-Personal/BiB/didi_testing/didi_data/runs/workbench_synthetic_0.01_seed42__lag3_common_2014_2018/analysis/longitudinal_mediation_panel_not_yet_divorced_lag3.parquet.tmp.
2026-09-17 13:45:29,165 [WARNING] __main__: Streaming collect failed (ColumnNotFoundError: c_id); retrying with the non-streaming engine. If you see this warning at a call site that isn't already using _safe_collect, that's the signal for where to apply it next.
2026-09-17 13:50:40,780 [INFO] __main__: Longitudinal mediation point estimate (25 simulation repetitions) took 5.2 min
2026-09-17 13:50:40,783 [INFO] __main__: Longitudinal mediation bootstrap: 20 replicates across 2 worker processes (mediation panel 0.00 GB in memory per worker; set mediation_bootstrap_workers to override)
2026-09-17 13:52:25,648 [INFO] __main__: Longitudinal mediation bootstrap: 2/20 replications completed (2 successful)
2026-09-17 13:54:25,632 [INFO] __main__: Longitudinal mediation bootstrap: 4/20 replications completed (4 successful)
2026-09-17 13:56:16,423 [INFO] __main__: Longitudinal mediation bootstrap: 6/20 replications completed (6 successful)
2026-09-17 13:58:54,915 [INFO] __main__: Longitudinal mediation bootstrap: 8/20 replications completed (8 successful)
2026-09-17 14:00:06,474 [INFO] __main__: Longitudinal mediation bootstrap: 10/20 replications completed (10 successful)
2026-09-17 14:00:55,579 [INFO] __main__: Longitudinal mediation bootstrap: 12/20 replications completed (12 successful)
2026-09-17 14:02:23,428 [INFO] __main__: Longitudinal mediation bootstrap: 14/20 replications completed (14 successful)
2026-09-17 14:03:41,611 [INFO] __main__: Longitudinal mediation bootstrap: 16/20 replications completed (16 successful)
2026-09-17 14:04:39,468 [INFO] __main__: Longitudinal mediation bootstrap: 18/20 replications completed (18 successful)
2026-09-17 14:05:42,254 [INFO] __main__: Longitudinal mediation bootstrap: 20/20 replications completed (20 successful)
